filename,dvids_photo_id,title,date_taken,location,original_resolution,photographer_or_credit,page_status,source_url,curation_note
dvids_3263759.jpg,3263759,A high mobility multipurpose wheeled vehicle (HMMWV) sits parked in front of Sequalitchew Lake [Image 14 of 17],2017-03-11,"Joint Base Lewis-McChord, Washington, United States",3872x2592,Spc. Sean F. Harding; U.S. Army Reserve,PUBLIC DOMAIN,https://www.dvidshub.net/image/3263759/high-mobility-multipurpose-wheeled-vehicle-hmmwv-sits-parked-front-sequalitchew-lake,"Vehicle is partially cropped at the right edge; visible body and wheel offer a partial-visibility hard example. Ground-level, lower priority."
dvids_5587.jpg,5587,A humvee shows damage from a mine strike [Image 5 of 5],2005-03-09,"Al Asad, Iraq",2048x1536,Photo courtesy of Sgt. Rick Noble,PUBLIC DOMAIN,https://www.dvidshub.net/image/5587/humvee-shows-damage-mine-strike,"Single armored Humvee fills most of the frame; front-side view with visible mine-strike damage around front wheel/body. Useful damage example; ground-level oblique, not a drone view."
dvids_6490695.jpg,6490695,Connecticut Guard supports Connecticut State Capitol security [Image 1 of 13],2021-01-17,"Hartford, Connecticut, United States",5388x3031,Staff Sgt. Steven Tucker; U.S. Air National Guard,PUBLIC DOMAIN,https://www.dvidshub.net/image/6490695/connecticut-guard-supports-connecticut-state-capitol-security,"One prominent frontal Humvee in an urban street scene, with civilian traffic and a truck in the background. Ground-level; good urban-context negative/background variety."
dvids_7037985.jpg,7037985,Humvee ready for maintenance [Image 1 of 3],2022-02-05,"Mesa, Arizona, United States",2738x1825,Sgt. Peter Martinez; 301st Public Affairs Detachment,PUBLIC DOMAIN,https://www.dvidshub.net/image/7037985/humvee-ready-maintenance,One prominent side/rear Humvee set up for hood inspection; other parked vehicles appear in the background. Ground-level motorpool view.
dvids_7166466.jpg,7166466,HMMWV Maintenance [Image 8 of 9],2022-04-29,"Osan Air Base, South Korea",5026x3344,Tech. Sgt. Zachariah Lopez; U.S. Air Force,PUBLIC DOMAIN,https://www.dvidshub.net/image/7166466/hmmwv-maintenance,One prominent vehicle with hood open and a mechanic partly occluding it; front-side service view with exterior and wheel visible. Ground-level.
dvids_7948783.jpg,7948783,109th MPAD Drivers Training: Day Two [Image 1 of 15],2023-08-01,"Fort Indiantown Gap, Pennsylvania, United States",5840x3893,Spc. Annie M. Riley; U.S. Army National Guard,PUBLIC DOMAIN,https://www.dvidshub.net/image/7948783/109th-mpad-drivers-training-day-two,"Single prominent Humvee in a front three-quarter view on a training road, with grille, lights, windshield and wheels visible. Ground-level."
dvids_8589951.jpg,8589951,Medic: A 469th MCGA combat medic specialist at NS 24-2 [Image 12 of 16],2024-08-11,"Camp Grayling, Michigan, United States",4128x2752,1st Lt. Jonathan W. Padish; U.S. Air National Guard,PUBLIC DOMAIN,https://www.dvidshub.net/image/8589951/medic-469th-mcga-combat-medic-specialist-ns-24-2,"Single ambulance-variant Humvee, prominent front-side view in an open field. Ground-level and close; useful variant and clean-part example."
dvids_8625212.jpg,8625212,OC/T Drives Rough Terrain Drivers Course [Image 9 of 9],2024-07-31,"Fort McCoy, Wisconsin, United States",5317x3545,Staff Sgt. Avery Cunningham; U.S. Army,PUBLIC DOMAIN,https://www.dvidshub.net/image/8625212/oc-t-drives-rough-terrain-drivers-course,"One moving Humvee on a rough road, viewed nearly head-on; terrain context is useful, though the vehicle is smaller in frame. Ground-level."
dvids_9112009.jpg,9112009,Missouri National Guardsmen Conduct a Wet-gap Crossing [Image 7 of 20],2025-06-08,"Macon, Missouri, United States",6720x4480,"DVIDS byline: Sgt. Kathiline Penaranda; caption credit: Sgt. Kathiline Hogan, U.S. Army National Guard",PUBLIC DOMAIN,https://www.dvidshub.net/image/9112009/missouri-national-guardsmen-conduct-wet-gap-crossing,"Single prominent HMMWV after a bridge crossing, oblique front-side view with grille, body, roof and wheels visible. Slightly elevated relative to several picks, but not overhead/drone imagery."
dvids_7951536.jpg,7951536,Humvee training,2023-08-01,"FORT INDIANTOWN GAP, PENNSYLVANIA, US",6720x4480,Photo by Spc. Aliyah Vivier,PUBLIC DOMAIN,https://www.dvidshub.net/image/7951536/humvee-training,"Outdoor HMMWV exterior candidate for drone-style vehicle-part detection. A military HMMWV (High Mobility Multipurpose Wheeled Vehicle), commonly known as a Humvee, is parked on a gravel and dirt surface in a wooded area. The vehicle is painted in a three-color woodland camouflage pattern (green, brown, and black) and appears to be in operational condition. The setting suggests a training area, base perimeter road, or off-road terrain course."
dvids_6823052.jpg,6823052,Humvee,2021-09-01,"FORT DRUM, NEW YORK, US",4535x2987,Photo by Pvt. Ethan Scofield,PUBLIC DOMAIN,https://www.dvidshub.net/image/6823052/humvee,"Outdoor HMMWV exterior candidate for drone-style vehicle-part detection. A tan/desert-colored HMMWV (Humvee) military vehicle is positioned on a grass field, draped with camouflage netting. A soldier in full combat gear is manning a mounted weapon system from the roof turret position. The setting appears to be a military demonstration or air show event, evidenced by portable toilets, a timing/observation tower, and spectator infrastructure visible in the background. Review subject prominence, occlusion, and view angle before labeling."
dvids_3106279.jpg,3106279,Humvee,2017-01-17,"FORT IRWIN, CALIFORNIA, US",5616x3744,Photo by Sgt. Michael Spandau,PUBLIC DOMAIN,https://www.dvidshub.net/image/3106279/humvee,"Outdoor HMMWV exterior candidate for drone-style vehicle-part detection. A military-style HMMWV (Humvee) is parked in a vast, arid desert landscape surrounded by rocky terrain and sparse desert scrub vegetation. The scene is photographed during golden hour lighting, casting warm tones across the flat, expansive desert floor with distant mountain ranges visible on the horizon. The vehicle appears stationary near a rocky outcropping, positioned on elevated ground overlooking the wide desert plain."
dvids_3106301.jpg,3106301,Humvee,2017-01-17,"FORT IRWIN, CALIFORNIA, US",5616x3744,Photo by Sgt. Michael Spandau,PUBLIC DOMAIN,https://www.dvidshub.net/image/3106301/humvee,"Outdoor HMMWV exterior candidate for drone-style vehicle-part detection. A desert-tan military HMMWV (Humvee) is traversing arid, rocky terrain while towing a military utility trailer. The vehicle appears to be in motion, evidenced by visible exhaust or dust smoke near the rear axle area. The setting appears to be a desert training range or operational environment. Review subject prominence, occlusion, and view angle before labeling."
dvids_7951544.jpg,7951544,Humvee training,2023-08-01,"FORT INDIANTOWN GAP, PENNSYLVANIA, US",6720x4480,Photo by Spc. Aliyah Vivier,PUBLIC DOMAIN,https://www.dvidshub.net/image/7951544/humvee-training,"Outdoor HMMWV exterior candidate for drone-style vehicle-part detection. A military HMMWV (High Mobility Multipurpose Wheeled Vehicle), commonly known as a Humvee, is navigating a rocky gravel terrain at an angle, suggesting off-road capability testing or training. The vehicle is painted in a woodland camouflage pattern featuring green, brown, and black tones. It is positioned on an uneven gravel path surrounded by a dense forest environment."
dvids_7951535.jpg,7951535,Humvee training,2023-08-01,"FORT INDIANTOWN GAP, PENNSYLVANIA, US",6720x4480,Photo by Spc. Aliyah Vivier,PUBLIC DOMAIN,https://www.dvidshub.net/image/7951535/humvee-training,"Outdoor HMMWV exterior candidate for drone-style vehicle-part detection. A military HMMWV (Humvee) in woodland camouflage pattern is navigating an off-road terrain course, appearing to traverse a steep embankment or ditch. The vehicle is tilted at an angle with its rear right wheel elevated, suggesting it is crossing uneven ground on what appears to be a military training area. The surrounding environment consists of a deciduous forest with a gravel and dirt path."
dvids_7951545.jpg,7951545,Humvee training,2023-08-01,"FORT INDIANTOWN GAP, PENNSYLVANIA, US",6720x4480,Photo by Spc. Aliyah Vivier,PUBLIC DOMAIN,https://www.dvidshub.net/image/7951545/humvee-training,"Outdoor HMMWV exterior candidate for drone-style vehicle-part detection. A military HMMWV (Humvee) in woodland camouflage paint scheme is navigating an off-road obstacle course or training terrain, with its front end dipped into a dirt trench or depression. The vehicle appears to be on a gravel and dirt surface bordered by a dense deciduous forest. This appears to be a military driver training or vehicle capability demonstration exercise."
dvids_7951542.jpg,7951542,Humvee training,2023-08-01,"FORT INDIANTOWN GAP, PENNSYLVANIA, US",6720x4480,Photo by Spc. Aliyah Vivier,PUBLIC DOMAIN,https://www.dvidshub.net/image/7951542/humvee-training,"Outdoor HMMWV exterior candidate for drone-style vehicle-part detection. A military HMMWV (Humvee) painted in woodland camouflage pattern is navigating a rocky off-road terrain, with its rear end elevated and one rear wheel lifted off the ground. The vehicle is traversing a gravel and dirt path bordered by dense forest. The image captures the vehicle's off-road capability under challenging terrain conditions."
dvids_7951538.jpg,7951538,Humvee training,2023-08-01,"FORT INDIANTOWN GAP, PENNSYLVANIA, US",6720x4480,Photo by Spc. Aliyah Vivier,PUBLIC DOMAIN,https://www.dvidshub.net/image/7951538/humvee-training,"Outdoor HMMWV exterior candidate for drone-style vehicle-part detection. A military HMMWV (Humvee) in woodland camouflage paint scheme is traveling along a newly constructed gravel road through a forested area. The road appears freshly laid with crushed gravel surface, flanked by dense deciduous trees and exposed red-clay soil on the left embankment. The vehicle's headlights are illuminated, suggesting active operation."
dvids_7951537.jpg,7951537,Humvee training,2023-08-01,"FORT INDIANTOWN GAP, PENNSYLVANIA, US",6720x4480,Photo by Spc. Aliyah Vivier,PUBLIC DOMAIN,https://www.dvidshub.net/image/7951537/humvee-training,"Outdoor HMMWV exterior candidate for drone-style vehicle-part detection. A military HMMWV (High Mobility Multipurpose Wheeled Vehicle), commonly known as a Humvee, is parked on the edge of a gravel road with its right-side wheels resting on rocky terrain. The vehicle is painted in a woodland camouflage pattern of green and brown. The setting is a forested area with a narrow gravel road cutting through dense deciduous and coniferous trees."
dvids_6710451.jpg,6710451,Directing the Humvee,2020-09-12,"JOINT BASE MCGUIRE-DIX-LAKEHURST, NEW JERSEY, US",6016x4016,Photo by Senior Airman Maria Rella,PUBLIC DOMAIN,https://www.dvidshub.net/image/6710451/directing-humvee,"Outdoor HMMWV exterior candidate for drone-style vehicle-part detection. A uniformed military personnel wearing a face mask stands beside a camouflage-painted HMMWV (Humvee) in front of a large military hangar. An American flag is visible inside the open hangar in the background. The scene appears to be at a military installation or airfield. Review subject prominence, occlusion, and view angle before labeling."
dvids_6330523.jpg,6330523,Humvee sunset,2020-08-20,"FORT HOOD, TEXAS, US",1152x1536,Photo by Capt. Travis Mueller,PUBLIC DOMAIN,https://www.dvidshub.net/image/6330523/humvee-sunset,"Outdoor HMMWV exterior candidate for drone-style vehicle-part detection. A military HMMWV (Humvee) is parked in an open grassy field during golden hour, with the sun low on the horizon creating a warm, hazy backlit atmosphere. The vehicle appears to be in desert/tan camouflage paint with visible unit markings partially readable as 'HQ-'. The low-angle ground-level shot through wild grasses creates a dramatic compositional effect with lens flare artifacts visible."
dvids_5008013.jpg,5008013,Army Humvee,2018-12-11,"FORT BENNING, GEORGIA, US",6000x4000,Photo by Lara Poirrier,PUBLIC DOMAIN,https://www.dvidshub.net/image/5008013/army-humvee,"Outdoor HMMWV exterior candidate for drone-style vehicle-part detection. A military HMMWV (Humvee) painted in desert tan is traveling on a paved road in what appears to be a training environment. A soldier in combat helmet and camouflage uniform is manning a crew-served weapon mounted on the roof turret. The vehicle markings 'DOTS' and 'GT113' are visible on the front bumper. Review subject prominence, occlusion, and view angle before labeling."
dvids_4383235.jpg,4383235,Humvee Blues,2018-05-04,"KISSIMMEE, FLORIDA, US",5389x3714,Photo by Sgt. John Carkeet IV,PUBLIC DOMAIN,https://www.dvidshub.net/image/4383235/humvee-blues,"Outdoor HMMWV exterior candidate for drone-style vehicle-part detection. A military HMMWV (Humvee) marked 'HQ16' is displayed on a grass field at dusk or nighttime, illuminated by blue LED lights placed underneath the vehicle. A soldier in camouflage uniform and patrol cap stands in the open cargo area of the vehicle. The setting appears to be a public military display or community event, with an American flag, palm trees, and a multi-story building visible in the background. Review subject prominence, occlusion, and view angle before labeling."
dvids_2907904.jpg,2907904,HUMVEE Clouds,2016-10-08,"ORCHARD, IDAHO, US",5184x3456,Photo by Capt. Brian Harris,PUBLIC DOMAIN,https://www.dvidshub.net/image/2907904/humvee-clouds,"Outdoor HMMWV exterior candidate for drone-style vehicle-part detection. A tan/desert-colored military HMMWV (Humvee) is driving at speed across an arid, flat terrain, kicking up a large dust cloud behind it. The vehicle is equipped with a radio antenna and appears to be in an open, semi-arid landscape under a clear blue sky. The image captures dynamic motion with sharp focus on the vehicle against a blurred dust trail."
dvids_2705358.jpg,2705358,A Humvee for the Parade,2016-07-04,"VILLA PARK, ILLINOIS, US",4288x2848,Photo by Spc. Brianna Saville,PUBLIC DOMAIN,https://www.dvidshub.net/image/2705358/humvee-parade,"Outdoor HMMWV exterior candidate for drone-style vehicle-part detection. A U.S. Army soldier stands in the turret hatch of a tan HMMWV (Humvee) military vehicle during what appears to be a public parade. The vehicle bears markings for the '416th Theater En[gineer Brigade]' on a banner draped across the front bumper. A small American flag is mounted on the vehicle, and spectators are visible in the background. Review subject prominence, occlusion, and view angle before labeling."
dvids_8437404.jpg,8437404,HMMWV Offload,2024-05-26,"KUANTAN (TANJONG GELANG), MY",3005x2254,Photo by Petty Officer 2nd Class Evan Diaz,PUBLIC DOMAIN,https://www.dvidshub.net/image/8437404/hmmwv-offload,"Outdoor HMMWV exterior candidate for drone-style vehicle-part detection. A military HMMWV (Humvee) is positioned inside the cargo bay of what appears to be a naval vessel or landing craft, facing forward toward the ramp opening. The vehicle is olive drab green with headlights illuminated and carries equipment including cases and gear strapped to its roof rack. A placard on the front grille reads 'ZERO HUNT' in red lettering. Review subject prominence, occlusion, and view angle before labeling."
dvids_8437403.jpg,8437403,HMMWV Offload,2024-05-26,"KUANTAN (TANJONG GELANG), MY",3325x2494,Photo by Petty Officer 2nd Class Evan Diaz,PUBLIC DOMAIN,https://www.dvidshub.net/image/8437403/hmmwv-offload,Outdoor HMMWV exterior candidate for drone-style vehicle-part detection. A military HMMWV (Humvee) in camouflage paint scheme is being loaded or unloaded from a large naval vessel via a ramp or vehicle deck opening. The vehicle bears a red placard reading 'ZERO MAINT' on its front bumper and has equipment loaded on its roof rack. The scene depicts a military vehicle embarkation or debarkation operation aboard what appears to be a naval amphibious or roll-on/roll-off ship.
dvids_8437402.jpg,8437402,HMMWV Offload,2024-05-26,"KUANTAN (TANJONG GELANG), MY",2654x1990,Photo by Petty Officer 2nd Class Evan Diaz,PUBLIC DOMAIN,https://www.dvidshub.net/image/8437402/hmmwv-offload,"Outdoor HMMWV exterior candidate for drone-style vehicle-part detection. A military service member in olive green coveralls and a white hard hat is directing a HMMWV (Humvee) as it drives down a ramp off a large military vessel at a dock. The scene depicts a vehicle offload operation from what appears to be a naval ship, with the service member using hand signals to guide the driver. The setting is a sunny port or pier environment. Review subject prominence, occlusion, and view angle before labeling."
dvids_6711671.jpg,6711671,HMMWVs on icy and snowy roads,2021-06-01,"DETROIT, MICHIGAN, US",2048x1536,Photo by Jerome Aliotta,PUBLIC DOMAIN,https://www.dvidshub.net/image/6711671/hmmwvs-icy-and-snowy-roads,"Outdoor HMMWV exterior candidate for drone-style vehicle-part detection. A tan/desert-camouflage military HMMWV (Humvee) is photographed from a low front angle in heavy snow conditions. The vehicle is covered in snow accumulation on its front bumper, tires, and lower body, suggesting it has been operating through significant snowfall. Large snow banks are visible in the background under a clear blue sky. Review subject prominence, occlusion, and view angle before labeling."
dvids_6593009.jpg,6593009,Maritime Expeditionary Security Squadron One conducts High Mobility Multipurpose Wheeled Vehicle (HMMWV) training,2021-04-08,"SAN DIEGO, CALIFORNIA, US",3484x2405,Photo by Petty Officer 1st Class Christopher Olson,PUBLIC DOMAIN,https://www.dvidshub.net/image/6593009/maritime-expeditionary-security-squadron-one-conducts-high-mobility-multipurpose-wheeled-vehicle-hmmwv-training,"Outdoor HMMWV exterior candidate for drone-style vehicle-part detection. A tan/desert-camouflage HMMWV (Humvee) military vehicle is parked on a paved surface near a coastal area. A soldier wearing a green helmet is visible in the turret position, with a mounted weapon system on top of the vehicle. The background features a hillside, blue water, and overcast skies consistent with a Southern California coastal environment. Review subject prominence, occlusion, and view angle before labeling."
dvids_6593003.jpg,6593003,Maritime Expeditionary Security Squadron One conducts High Mobility Multipurpose Wheeled Vehicle (HMMWV) training,2021-04-08,"SAN DIEGO, CALIFORNIA, US",2673x2000,Photo by Petty Officer 1st Class Christopher Olson,PUBLIC DOMAIN,https://www.dvidshub.net/image/6593003/maritime-expeditionary-security-squadron-one-conducts-high-mobility-multipurpose-wheeled-vehicle-hmmwv-training,"Outdoor HMMWV exterior candidate for drone-style vehicle-part detection. A tan/desert-camouflage military HMMWV (Humvee) with a gunner position on top is traveling toward the camera on a paved road at what appears to be a military installation. A civilian pickup truck follows behind the Humvee. The background features arid terrain, sparse vegetation, hills with communication towers, and military facility structures. Review subject prominence, occlusion, and view angle before labeling."
dvids_6593008.jpg,6593008,Maritime Expeditionary Security Squadron One conducts High Mobility Multipurpose Wheeled Vehicle (HMMWV) training,2021-04-08,"SAN DIEGO, CALIFORNIA, US",3352x1836,Photo by Petty Officer 1st Class Christopher Olson,PUBLIC DOMAIN,https://www.dvidshub.net/image/6593008/maritime-expeditionary-security-squadron-one-conducts-high-mobility-multipurpose-wheeled-vehicle-hmmwv-training,"Outdoor HMMWV exterior candidate for drone-style vehicle-part detection. A tan/desert-colored HMMWV (Humvee) military vehicle is parked on a paved surface at what appears to be a naval installation. In the background, a Littoral Combat Ship (LCS) is visible docked at a pier, along with hilly terrain and military or institutional buildings. The setting strongly suggests a U.S. Navy base, likely Naval Base San Diego or a similar coastal facility. Review subject prominence, occlusion, and view angle before labeling."
dvids_2238559.jpg,2238559,Marines take on roads in Humvee course,2015-10-15,"MARINE CORPS AIR STATION CHERRY POINT, NORTH CAROLINA, US",5057x3371,Photo by Cpl. Neysa Huertas Quinones,PUBLIC DOMAIN,https://www.dvidshub.net/image/2238559/marines-take-roads-humvee-course,"Outdoor HMMWV exterior candidate for drone-style vehicle-part detection. A tan/desert-colored military HMMWV (Humvee) is parked on a paved surface surrounded by tall trees, likely at a military training base. A single soldier in camouflage uniform is visible in the background to the right of the vehicle. The photo is taken from a low ground-level angle, giving a dramatic perspective of the scene. Review subject prominence, occlusion, and view angle before labeling."
dvids_2238556.jpg,2238556,Marines take on roads in Humvee course,2015-10-15,"MARINE CORPS AIR STATION CHERRY POINT, NORTH CAROLINA, US",5555x3703,Photo by Cpl. Neysa Huertas Quinones,PUBLIC DOMAIN,https://www.dvidshub.net/image/2238556/marines-take-roads-humvee-course,"Outdoor HMMWV exterior candidate for drone-style vehicle-part detection. A tan/desert-camouflage painted military HMMWV (Humvee) is parked on a paved lot, likely at a military installation or motor pool. The vehicle is equipped with an armored turret system on the roof and appears to be a heavily uparmored variant. Additional military vehicles and equipment are visible in the background. Review subject prominence, occlusion, and view angle before labeling."
dvids_102468.jpg,102468,Off-road at Fort Hunter Liggett,2008-06-17,"FORT HUNTER LIGGETT, CALIFORNIA, US",1840x1224,Photo by Spc. Bryan Randolph,PUBLIC DOMAIN,https://www.dvidshub.net/image/102468/off-road-fort-hunter-liggett,"Outdoor HMMWV exterior candidate for drone-style vehicle-part detection. A military HMMWV (Humvee) is traveling at speed along a dry dirt road, kicking up a large dust cloud behind it. The vehicle's headlights are illuminated and it appears to be in an arid, scrubland environment with dry grass and sparse trees. The scene suggests a training exercise or tactical movement on an unpaved military route."
dvids_1489941.jpg,1489941,218th BSB conducts off-road training at MTC,2014-08-02,"EASTOVER, SOUTH CAROLINA, US",3600x2400,Photo by Sgt. Tashera Pravato,PUBLIC DOMAIN,https://www.dvidshub.net/image/1489941/218th-bsb-conducts-off-road-training-mtc,"Outdoor HMMWV exterior candidate for drone-style vehicle-part detection. A military-style HMMWV (Humvee) is navigating a rugged off-road terrain course covered in red clay/dirt mounds. The vehicle is coated in mud and appears to be cresting a steep dirt hill, with its front wheels elevated. The background shows a tree line of pine trees under an overcast sky. Review subject prominence, occlusion, and view angle before labeling."
dvids_1489932.jpg,1489932,218th BSB conducts off-road training at MTC,2014-08-02,"EASTOVER, SOUTH CAROLINA, US",3600x2400,Photo by Sgt. Tashera Pravato,PUBLIC DOMAIN,https://www.dvidshub.net/image/1489932/218th-bsb-conducts-off-road-training-mtc,"Outdoor HMMWV exterior candidate for drone-style vehicle-part detection. A military HMMWV (Humvee) painted in olive drab green is navigating a muddy off-road training course. The vehicle is traversing rough, churned-up red clay terrain, with mud visibly caked on the tires and lower body. The setting appears to be a military training facility surrounded by a tree line in the background. Review subject prominence, occlusion, and view angle before labeling."
dvids_1489914.jpg,1489914,218th BSB conducts off-road training at MTC,2014-08-02,"EASTOVER, SOUTH CAROLINA, US",3600x2400,Photo by Sgt. Tashera Pravato,PUBLIC DOMAIN,https://www.dvidshub.net/image/1489914/218th-bsb-conducts-off-road-training-mtc,"Outdoor HMMWV exterior candidate for drone-style vehicle-part detection. A military HMMWV (Humvee) is navigating through a muddy off-road terrain in rainy conditions. The vehicle is equipped with a roof-mounted weapons system and communications antenna, suggesting an active training exercise or field operation. The vehicle's headlights are on and mud is visibly splashing from the tires."
dvids_1489922.jpg,1489922,218th BSB conducts off-road training at MTC,2014-08-02,"EASTOVER, SOUTH CAROLINA, US",3600x2400,Photo by Sgt. Tashera Pravato,PUBLIC DOMAIN,https://www.dvidshub.net/image/1489922/218th-bsb-conducts-off-road-training-mtc,"Outdoor HMMWV exterior candidate for drone-style vehicle-part detection. A military HMMWV (Humvee) in olive drab green is driving through a muddy water obstacle course on a red clay terrain during rainy conditions. The vehicle is splashing through standing muddy water, suggesting an off-road driver training exercise. In the background, rows of military vehicles including tracked equipment and tactical trucks are parked in a staging area. Review subject prominence, occlusion, and view angle before labeling."
dvids_1489927.jpg,1489927,218th BSB conducts off-road training at MTC,2014-08-02,"EASTOVER, SOUTH CAROLINA, US",3600x2400,Photo by Sgt. Tashera Pravato,PUBLIC DOMAIN,https://www.dvidshub.net/image/1489927/218th-bsb-conducts-off-road-training-mtc,"Outdoor HMMWV exterior candidate for drone-style vehicle-part detection. A military HMMWV (Humvee) painted in olive drab green is navigating a steep sandy dirt mound at a sharp upward angle, suggesting off-road training or a vehicle obstacle course. The vehicle is heavily coated in red-orange mud, indicating active use in wet terrain conditions. Green trees are visible in the background under an overcast sky. Review subject prominence, occlusion, and view angle before labeling."
dvids_1489937.jpg,1489937,218th BSB conducts off-road training at MTC,2014-08-02,"EASTOVER, SOUTH CAROLINA, US",3600x2400,Photo by Sgt. Tashera Pravato,PUBLIC DOMAIN,https://www.dvidshub.net/image/1489937/218th-bsb-conducts-off-road-training-mtc,"Outdoor HMMWV exterior candidate for drone-style vehicle-part detection. A military HMMWV (Humvee) is navigating a rugged off-road obstacle course through churned red clay terrain, likely during a training exercise. Three soldiers in ACU (Army Combat Uniform) pattern camouflage and helmets observe from the right side of the frame. The setting appears to be a military training facility surrounded by dense green trees. Review subject prominence, occlusion, and view angle before labeling."
dvids_1489930.jpg,1489930,218th BSB conducts off-road training at MTC,2014-08-02,"EASTOVER, SOUTH CAROLINA, US",3600x2400,Photo by Sgt. Tashera Pravato,PUBLIC DOMAIN,https://www.dvidshub.net/image/1489930/218th-bsb-conducts-off-road-training-mtc,"Outdoor HMMWV exterior candidate for drone-style vehicle-part detection. A military HMMWV (Humvee) painted in olive drab green is navigating a challenging off-road terrain course on sandy/clay soil. The vehicle is tilted at an angle with its rear left wheel lifted off the ground, demonstrating extreme terrain traversal. At least one occupant is visible inside the vehicle during what appears to be a training or demonstration exercise."
dvids_45091.jpg,45091,Making a splash: New Humvee driver training course sending troops to Iraq r,1999-11-30,"CAMP BUEHRING, KW",1236x1600,Photo by Sgt. Thomas Day,PUBLIC DOMAIN,https://www.dvidshub.net/image/45091/making-splash-new-humvee-driver-training-course-sending-troops-iraq-r,"Outdoor HMMWV exterior candidate for drone-style vehicle-part detection. A tan/desert-camouflage military HMMWV (High Mobility Multipurpose Wheeled Vehicle, commonly known as a Humvee) is captured mid-action cresting a dirt berm or mound, sending a large spray of sand and debris into the air. The vehicle appears to be undergoing off-road performance testing or training in an arid, desert-like environment. The clear blue sky and dry terrain suggest a hot, dry climate consistent with a desert region."
dvids_6519038.jpg,6519038,A 3-82nd Gunner on Humvee on dusty road at RTN 21-04 at JRTC.,2021-02-08,"FORT POLK, LOUISIANA, US",4160x2768,Photo by Capt. Joseph Warren,PUBLIC DOMAIN,https://www.dvidshub.net/image/6519038/3-82nd-gunner-humvee-dusty-road-rtn-21-04-jrtc,"Outdoor HMMWV exterior candidate for drone-style vehicle-part detection. A tan/desert-camouflage HMMWV (Humvee) military vehicle is traveling on a dirt/paved road through a pine forest environment. A soldier is positioned in the turret manning what appears to be a crew-served weapon. The vehicle displays orange identification markers on the hood and a bumper number 'PP173', consistent with a training exercise. Review subject prominence, occlusion, and view angle before labeling."
dvids_78222.jpg,78222,On the road again,2008-02-18,"KALSU, IQ",1840x1224,Photo by Sgt. Kevin Stabinsky,PUBLIC DOMAIN,https://www.dvidshub.net/image/78222/road-again,"Outdoor HMMWV exterior candidate for drone-style vehicle-part detection. The image shows a heavily damaged military HMMWV (Humvee) bearing Iraqi Army markings, including the Iraqi flag and the number '03' on its door. The vehicle displays significant battle damage including a crushed front end, bullet holes, and torn armor plating. It is parked on a gravel/dirt surface alongside other military equipment and vehicles."
dvids_78224.jpg,78224,On the road again,2008-02-18,"KALSU, IQ",1840x1224,Photo by Sgt. Kevin Stabinsky,PUBLIC DOMAIN,https://www.dvidshub.net/image/78224/road-again,"Outdoor HMMWV exterior candidate for drone-style vehicle-part detection. A heavily damaged military HMMWV (Humvee) is shown from the front, bearing an Iraqi flag sticker on its turret housing. The vehicle displays significant combat damage including bullet holes in the lower front panel, a crumpled right front fender, and a missing headlight. The setting appears to be a military staging or checkpoint area in an arid environment."
dvids_3841119.jpg,3841119,130th Airlift Wing joins Hurricane Maria relief efforts in Puerto Rico,2017-10-04,"NEW YORK, US",4799x3352,Photo by Tech. Sgt. De-Juan Haley,PUBLIC DOMAIN,https://www.dvidshub.net/image/3841119/130th-airlift-wing-joins-hurricane-maria-relief-efforts-puerto-rico,"Outdoor HMMWV exterior candidate for drone-style vehicle-part detection. A military loading operation is underway on an airfield tarmac, where a camouflage-painted HMMWV (Humvee) is being directed toward the open rear cargo ramp of a C-130 Hercules transport aircraft marked 'ANG' (Air National Guard) with tail number 56710 and callsign 'Charlie West'. Ground crew personnel are marshaling the vehicle and overseeing the loading process. A second C-130 marked 'U.S. Air Force' is visible in the background on the right. Review subject prominence, occlusion, and view angle before labeling."
dvids_81151.jpg,81151,GoI funds al Durai'ya power lines repair,2008-03-17,"AL DURAI'YA, IQ",990x742,Photo by Staff Sgt. Sean Riley,PUBLIC DOMAIN,https://www.dvidshub.net/image/81151/goi-funds-al-duraiya-power-lines-repair,"Outdoor HMMWV exterior candidate for drone-style vehicle-part detection. A desert-tan painted military HMMWV (Humvee) is positioned in an arid, flat desert landscape. In the background, a large high-voltage electrical transmission tower has collapsed or been severely damaged, leaning at a sharp angle. The scene suggests a conflict or post-conflict environment with infrastructure damage. Review subject prominence, occlusion, and view angle before labeling."
dvids_53266.jpg,53266,A Meeting with the Locals of the Taji Area,2007-07-25,"TAJI, IQ",2380x1586,Photo by Sgt. Rachel Copeland,PUBLIC DOMAIN,https://www.dvidshub.net/image/53266/meeting-with-locals-taji-area,"Outdoor HMMWV exterior candidate for drone-style vehicle-part detection. A military HMMWV (Humvee) is crossing a temporary or pontoon-style metal bridge, viewed from the rear. The vehicle is painted in desert tan camouflage and is equipped with a camouflage-netted turret, a mounted machine gun, and multiple antennas. The surrounding environment appears arid and flat, consistent with a Middle Eastern operational theater. Review subject prominence, occlusion, and view angle before labeling."
dvids_7881486.jpg,7881486,EODMU-5 HMMWV Off-Road Training,2023-06-22,"SANTA RITA, GU",3974x2654,Photo by Chief Petty Officer Chad Butler,PUBLIC DOMAIN,https://www.dvidshub.net/image/7881486/eodmu-5-hmmwv-off-road-training,"Outdoor HMMWV exterior candidate for drone-style vehicle-part detection. A tan/desert-colored military HMMWV (Humvee) marked with the number '5' is moving at speed across an open, rocky terrain with green vegetation and trees in the background. The image was captured using a panning technique, resulting in motion blur on the background while the vehicle remains relatively sharp. Lighting suggests either early morning or late afternoon with visible sun flare from the left side. Review subject prominence, occlusion, and view angle before labeling."
dvids_7881485.jpg,7881485,EODMU-5 HMMWV Off-Road Training,2023-06-22,"SANTA RITA, AL, GU",3974x2654,Photo by Chief Petty Officer Chad Butler,PUBLIC DOMAIN,https://www.dvidshub.net/image/7881485/eodmu-5-hmmwv-off-road-training,"Outdoor HMMWV exterior candidate for drone-style vehicle-part detection. A tan/desert-colored military HMMWV (Humvee) marked with the number '5' is captured in motion using a panning photography technique, creating motion blur in the background. The vehicle is traveling along a dirt/gravel trail surrounded by dense green vegetation. The image was taken during golden hour, with sunlight visible through the tree line in the background. Review subject prominence, occlusion, and view angle before labeling."
dvids_1343636.jpg,1343636,Reserve Soldiers conduct off-road driver training,2014-05-14,"ELWOOD, ILLINOIS, US",6018x3988,Photo by Sgt. 1st Class Michel Sauret,PUBLIC DOMAIN,https://www.dvidshub.net/image/1343636/reserve-soldiers-conduct-off-road-driver-training,"Outdoor HMMWV exterior candidate for drone-style vehicle-part detection. A military HMMWV (Humvee) in woodland camouflage pattern is captured in motion traveling along a gravel dirt road. The image uses a panning photography technique, keeping the vehicle relatively sharp while the background trees and grass are motion-blurred, conveying a strong sense of speed. The vehicle appears to be in operational condition with antennas, a spare tire mounted on the rear, and canvas/hard-top configuration. Review subject prominence, occlusion, and view angle before labeling."
dvids_1343645.jpg,1343645,Reserve Soldiers conduct off-road driver training,2014-05-14,"ELWOOD, ILLINOIS, US",5939x4040,Photo by Sgt. 1st Class Michel Sauret,PUBLIC DOMAIN,https://www.dvidshub.net/image/1343645/reserve-soldiers-conduct-off-road-driver-training,"Outdoor HMMWV exterior candidate for drone-style vehicle-part detection. A military HMMWV (High Mobility Multipurpose Wheeled Vehicle), commonly known as a Humvee, is photographed in motion on a dirt/gravel road. The vehicle displays standard woodland camouflage paint scheme and is equipped with radio antennas. The image uses motion blur (panning technique) to convey speed and movement against a green, tree-lined background. Review subject prominence, occlusion, and view angle before labeling."
dvids_1343656.jpg,1343656,Reserve Soldiers conduct off-road driver training,2014-05-14,"ELWOOD, ILLINOIS, US",6006x3996,Photo by Sgt. 1st Class Michel Sauret,PUBLIC DOMAIN,https://www.dvidshub.net/image/1343656/reserve-soldiers-conduct-off-road-driver-training,"Outdoor HMMWV exterior candidate for drone-style vehicle-part detection. A military HMMWV (Humvee) in camouflage paint is driving at speed through a muddy off-road trail, generating large splashes of muddy water on both sides. The vehicle is viewed from the rear and is traveling away from the camera through a wooded, green environment. The image captures dynamic motion with significant mud spray, suggesting active field training or exercise conditions."
dvids_82421.jpg,82421,U.S. Army transfers Humvees to ISF,2008-03-18,"TAJI, IQ",1863x1250,Photo by Sgt. Andrea Merritt,PUBLIC DOMAIN,https://www.dvidshub.net/image/82421/us-army-transfers-humvees-isf,"Outdoor HMMWV exterior candidate for drone-style vehicle-part detection. A camouflaged military HMMWV (Humvee) bearing Iraqi flag markings and the number '24' is parked on a dirt parade ground at what appears to be an Iraqi Army base. A soldier in desert camouflage uniform stands at attention or saluting nearby. The scene includes modular barracks buildings, trees, and an Iraqi national flag flying on a flagpole in the background. Review subject prominence, occlusion, and view angle before labeling."
dvids_3496455.jpg,3496455,Soldiers Drive Humvee to Range,2017-06-17,"FORT DRUM, NEW YORK, US",3000x2000,Photo by Spc. Avery Cunningham,PUBLIC DOMAIN,https://www.dvidshub.net/image/3496455/soldiers-drive-humvee-range,"Outdoor HMMWV exterior candidate for drone-style vehicle-part detection. A military HMMWV (Humvee) is parked on a gravel surface with a soldier manning a mounted weapon system in the turret position. The vehicle is painted in olive drab/camouflage coloring and appears to be configured for combat operations. The setting appears to be a training area or staging ground surrounded by dense green forest. Review subject prominence, occlusion, and view angle before labeling."
dvids_6845.jpg,6845,A Humvee drives out of a trail,2005-05-31,"AD DULUIYAH, IQ",3008x1960,,PUBLIC DOMAIN,https://www.dvidshub.net/image/6845/humvee-drives-out-trail,"Outdoor HMMWV exterior candidate for drone-style vehicle-part detection. A tan/desert-camouflaged HMMWV (Humvee) military vehicle is moving along a sandy dirt path flanked by green vegetation and trees. A soldier is visible in the turret position atop the vehicle, manning what appears to be a crew-served weapon. The vehicle shows signs of heavy use with visible mud and dust accumulation, consistent with active field operations. Review subject prominence, occlusion, and view angle before labeling."
dvids_71003.jpg,71003,Marine Humvee Driving Safety Program,2007-12-15,"AL ASAD, IQ",3000x2400,Photo by Staff Sgt. Andrew Pendracki,PUBLIC DOMAIN,https://www.dvidshub.net/image/71003/marine-humvee-driving-safety-program,"Outdoor HMMWV exterior candidate for drone-style vehicle-part detection. A tan/desert-camouflaged military HMMWV (Humvee) is positioned on an elevated dirt berm or ridge overlooking a settlement surrounded by palm trees in an arid environment. The vehicle is equipped with multiple antennas, a dome-shaped sensor or communications device on a mast, and gear strapped to its roof. The background shows a dusty, hazy landscape consistent with Middle Eastern terrain. Review subject prominence, occlusion, and view angle before labeling."
dvids_71005.jpg,71005,Marine Humvee Driving Safety Program,2007-12-15,"AL ASAD, IQ",3000x2400,Photo by Staff Sgt. Andrew Pendracki,PUBLIC DOMAIN,https://www.dvidshub.net/image/71005/marine-humvee-driving-safety-program,"Outdoor HMMWV exterior candidate for drone-style vehicle-part detection. A desert-camouflaged military HMMWV (Humvee) is traversing arid, sandy terrain while kicking up dust. A soldier in camouflage uniform stands nearby filming or photographing the vehicle with a camera. The setting appears to be a desert environment, likely a training exercise or operational documentation. Review subject prominence, occlusion, and view angle before labeling."
dvids_208824.jpg,208824,Humvee Training,2009-09-29,"FORWARD OPERATING BASE LIGHTNING, AF",2932x2094,Photo by Tech. Sgt. Patrick Hyde,PUBLIC DOMAIN,https://www.dvidshub.net/image/208824/humvee-training,"Outdoor HMMWV exterior candidate for drone-style vehicle-part detection. A military HMMWV (Humvee) is positioned on a gravel surface surrounded by numerous orange traffic cones, suggesting a driver training or obstacle course exercise. The vehicle appears to be in a desert or arid environment with mountains visible in the background. Utility poles with power lines and what appears to be a barbed wire perimeter fence are also visible. Review subject prominence, occlusion, and view angle before labeling."
dvids_1318043.jpg,1318043,Humvee in action,2014-04-23,"FORT HOOD, TEXAS, US",4191x2419,Photo by Sgt. Ken Scar,PUBLIC DOMAIN,https://www.dvidshub.net/image/1318043/humvee-action,"Outdoor HMMWV exterior candidate for drone-style vehicle-part detection. A military Humvee (HMMWV) is driving at high speed through a muddy water crossing, generating massive mud and water spray on both sides of the vehicle. The vehicle is heavily coated in mud and its headlights are illuminated. The scene appears to be an off-road training or operational environment."
dvids_1318055.jpg,1318055,Humvee in action,2014-04-23,"FORT HOOD, TEXAS, US",3805x2389,Photo by Sgt. Ken Scar,PUBLIC DOMAIN,https://www.dvidshub.net/image/1318055/humvee-action,"Outdoor HMMWV exterior candidate for drone-style vehicle-part detection. A tan/desert-camouflage military HMMWV (Humvee) is traveling at high speed across a dirt terrain, kicking up significant dust and mud. The vehicle appears to be in active use during a training exercise or field operation. Motion blur and dust clouds indicate rapid movement across what appears to be a flat, open landscape."
dvids_1458186.jpg,1458186,Fording with a Humvee!,2014-07-18,"GRAFENWOEHR TRAINING AREA, BAYERN, DE",4288x2848,Photo by Master Sgt. Andrew Moseley,PUBLIC DOMAIN,https://www.dvidshub.net/image/1458186/fording-with-humvee,"Outdoor HMMWV exterior candidate for drone-style vehicle-part detection. A military HMMWV (Humvee) in camouflage paint is driving through a deep, fast-moving muddy water crossing on what appears to be an off-road training course. The vehicle is generating a large wave of brown, turbulent water as it pushes through the obstacle. The scene is captured from a low angle, emphasizing the force and volume of the water displacement."
dvids_23730.jpg,23730,humvee licensing course,2006-06-16,"FALLUJAH, IQ",3504x2336,Photo by Gunnery Sgt. Mark Oliva,PUBLIC DOMAIN,https://www.dvidshub.net/image/23730/humvee-licensing-course,"Outdoor HMMWV exterior candidate for drone-style vehicle-part detection. A military HMMWV (Humvee) bearing what appears to be an Iraqi flag insignia on its door is traveling at speed along a dusty dirt road in an arid desert environment. The vehicle displays a tan and brown camouflage pattern and is kicking up dust as it moves. At least one additional military vehicle is visible in the background following the same route. Review subject prominence, occlusion, and view angle before labeling."
dvids_3797131.jpg,3797131,HUMVEE Obstacle Course Training,2017-09-20,"FORT CAMPBELL, KENTUCKY, US",4474x2983,Photo by Sgt. Marcus Floyd,PUBLIC DOMAIN,https://www.dvidshub.net/image/3797131/humvee-obstacle-course-training,"Outdoor HMMWV exterior candidate for drone-style vehicle-part detection. A military HMMWV (Humvee) in woodland camouflage pattern is navigating a muddy off-road terrain course, with its front-left wheel elevated indicating uneven ground. A soldier in military uniform stands on an elevated dirt berm in the background, apparently observing or supervising the vehicle maneuver. The setting appears to be a military training area with gravel, mud, and surrounding tree line. Review subject prominence, occlusion, and view angle before labeling."
dvids_3797126.jpg,3797126,HUMVEE Obstacle Course Training,2017-09-20,"FORT CAMPBELL, KENTUCKY, US",4231x2821,Photo by Sgt. Marcus Floyd,PUBLIC DOMAIN,https://www.dvidshub.net/image/3797126/humvee-obstacle-course-training,"Outdoor HMMWV exterior candidate for drone-style vehicle-part detection. A military HMMWV (High Mobility Multipurpose Wheeled Vehicle), commonly known as a Humvee, is navigating a steep incline on what appears to be an off-road training course. The vehicle is fitted with armored doors and panels, suggesting a combat-configured variant. The setting includes a gravel and concrete ramp surrounded by trees and open terrain, consistent with a military training facility."
dvids_3797122.jpg,3797122,HUMVEE Obstacle Course Training,2017-09-20,"FORT CAMPBELL, KENTUCKY, US",2244x1496,Photo by Sgt. Marcus Floyd,PUBLIC DOMAIN,https://www.dvidshub.net/image/3797122/humvee-obstacle-course-training,"Outdoor HMMWV exterior candidate for drone-style vehicle-part detection. A military HMMWV (Humvee) navigates a rugged obstacle course or training lane with its headlights on, traversing a sandy, rock-strewn surface with mounds and water-filled depressions. A soldier in camouflage uniform walks alongside the vehicle on the left. The setting appears to be a military training facility surrounded by dense tree lines. Review subject prominence, occlusion, and view angle before labeling."
dvids_3797120.jpg,3797120,HUMVEE Obstacle Course Training,2017-09-20,"FORT CAMPBELL, KENTUCKY, US",3040x2027,Photo by Sgt. Marcus Floyd,PUBLIC DOMAIN,https://www.dvidshub.net/image/3797120/humvee-obstacle-course-training,Outdoor HMMWV exterior candidate for drone-style vehicle-part detection. A tan/desert-colored military HMMWV (Humvee) is navigating a rocky off-road obstacle course during what appears to be a training exercise. The vehicle's headlights are on and it is traversing large scattered rocks on a dirt terrain. The setting appears to be a military training facility with a cleared obstacle course area surrounded by dense tree line.
dvids_3797132.jpg,3797132,HUMVEE Obstacle Course Training,2017-09-20,"FORT CAMPBELL, KENTUCKY, US",1569x1046,Photo by Sgt. Marcus Floyd,PUBLIC DOMAIN,https://www.dvidshub.net/image/3797132/humvee-obstacle-course-training,"Outdoor HMMWV exterior candidate for drone-style vehicle-part detection. A military-style HMMWV (Humvee) is driving through a deep muddy water crossing at speed, generating large mud and water splashes on both sides of the vehicle. The vehicle is heavily coated in mud, indicating extensive off-road use prior to this moment. The setting appears to be a wooded off-road trail or military training course."
dvids_8089845.jpg,8089845,Resolute Dragon 23 FTX 3/12 HMMWV MC130J TRANSPORT,2023-10-20,"KADENA AIR BASE, OKINAWA, JP",8192x5464,Photo by Lance Cpl. Evelyn Doherty,PUBLIC DOMAIN,https://www.dvidshub.net/image/8089845/resolute-dragon-23-ftx-3-12-hmmwv-mc130j-transport,"Outdoor HMMWV exterior candidate for drone-style vehicle-part detection. A military HMMWV (Humvee) in woodland camouflage paint scheme is being loaded onto or offloaded from a large military cargo aircraft via a rear loading ramp. The vehicle bears a license plate reading '620279' and is equipped with a soft canvas top cover. The scene takes place on a paved airfield tarmac, with airport infrastructure visible in the background. Review subject prominence, occlusion, and view angle before labeling."
dvids_6689635.jpg,6689635,Soldier: A Day in the Life on the Field,2021-06-09,"FORT HUNTER LIGGETT, CALIFORNIA, US",4687x3507,Photo by Spc. Christie Ann Belfort,PUBLIC DOMAIN,https://www.dvidshub.net/image/6689635/soldier-day-life-field,"Outdoor HMMWV exterior candidate for drone-style vehicle-part detection. A military soldier in combat uniform and helmet stands beside a tan/desert-colored HMMWV (Humvee) on a dirt surface during golden hour lighting. The scene appears to be a forward operating base or field training area, with military tents visible in the background. The warm, low-angle sunlight creates strong silhouetting and atmospheric haze across the scene. Review subject prominence, occlusion, and view angle before labeling."
dvids_4120116.jpg,4120116,Field training exercise at boys scout camp,2018-02-03,"ST. CROIX, VI",5472x3648,Photo by Pfc. Leona Hendrickson,PUBLIC DOMAIN,https://www.dvidshub.net/image/4120116/field-training-exercise-boys-scout-camp,"Outdoor HMMWV exterior candidate for drone-style vehicle-part detection. A military training exercise showing a soldier in camouflage uniform and helmet directing a HMMWV (Humvee) towing a trailer through a cone course on a grassy field. The soldier is using hand signals to guide the vehicle driver during what appears to be a backing or maneuvering exercise. The trailer is marked '861 MP DET TRL 07', indicating it belongs to a Military Police detachment. Review subject prominence, occlusion, and view angle before labeling."
dvids_4120084.jpg,4120084,Field training exercise at boys scout camp,2018-02-03,"ST. CROIX, VI",5472x3648,Photo by Pfc. Leona Hendrickson,PUBLIC DOMAIN,https://www.dvidshub.net/image/4120084/field-training-exercise-boys-scout-camp,"Outdoor HMMWV exterior candidate for drone-style vehicle-part detection. A military training exercise is underway on an open grassy field, featuring a camouflage-painted HMMWV (Humvee) with a flatbed cargo area navigating a course marked by orange traffic cones. A soldier in full combat uniform and helmet is walking alongside the vehicle, appearing to provide hand signals or guidance to the driver. The scene is set at dusk or dawn, with a wooded hillside visible in the background. Review subject prominence, occlusion, and view angle before labeling."
dvids_4120082.jpg,4120082,Field training exercise at boys scout camp,2018-02-03,"ST. CROIX, VI",5472x3648,Photo by Pfc. Leona Hendrickson,PUBLIC DOMAIN,https://www.dvidshub.net/image/4120082/field-training-exercise-boys-scout-camp,"Outdoor HMMWV exterior candidate for drone-style vehicle-part detection. A U.S. Army soldier in full combat gear is directing a military HMMWV (Humvee) on a grassy field, using hand signals to guide the vehicle. The scene appears to be a training exercise, with orange traffic cones marking a course or boundary. The lighting suggests early morning or dusk conditions. Review subject prominence, occlusion, and view angle before labeling."
dvids_2887982.jpg,2887982,MWSS-274 Field Training Exercise,2016-09-21,"MCB CAMP LEJEUNE, NORTH CAROLINA, US",5760x3840,Photo by Lance Cpl. Jered Stone,PUBLIC DOMAIN,https://www.dvidshub.net/image/2887982/mwss-274-field-training-exercise,"Outdoor HMMWV exterior candidate for drone-style vehicle-part detection. A tan/desert-colored military HMMWV (Humvee) is positioned along a dirt road at the edge of a forested area. The vehicle is equipped with an armored turret and a mounted weapon system, with at least one soldier visible in the turret position. The setting appears to be a training environment based on the lush green surroundings inconsistent with a combat deployment zone. Review subject prominence, occlusion, and view angle before labeling."
dvids_4367023.jpg,4367023,Gryphon Soldiers receive airlift equipment preparation training during field training exercise,2018-05-07,"JOINT BASE LEWIS-MCCHORD, WASHINGTON, US",4928x3264,Photo by Staff Sgt. Christopher McCullough,PUBLIC DOMAIN,https://www.dvidshub.net/image/4367023/gryphon-soldiers-receive-airlift-equipment-preparation-training-during-field-training-exercise,"Outdoor HMMWV exterior candidate for drone-style vehicle-part detection. A military HMMWV (Humvee) is being loaded or unloaded from a large U.S. Air Force cargo aircraft, likely a C-17 Globemaster III, via a rear loading ramp. A ground crew member in olive flight suit is directing the vehicle with hand signals. The scene takes place on a military airfield tarmac under partly cloudy skies. Review subject prominence, occlusion, and view angle before labeling."
dvids_4367026.jpg,4367026,Gryphon Soldiers receive airlift equipment preparation training during field training exercise,2018-05-07,"JOINT BASE LEWIS-MCCHORD, WASHINGTON, US",4928x3264,Photo by Staff Sgt. Christopher McCullough,PUBLIC DOMAIN,https://www.dvidshub.net/image/4367026/gryphon-soldiers-receive-airlift-equipment-preparation-training-during-field-training-exercise,"Outdoor HMMWV exterior candidate for drone-style vehicle-part detection. A military HMMWV (Humvee) is being loaded or unloaded from a large military cargo aircraft, likely a C-17 Globemaster III, via its rear loading ramp. A crew member in olive green flight suit is standing to the right of the ramp, appearing to guide the vehicle. The scene takes place on a military airfield tarmac with other aircraft visible in the background. Review subject prominence, occlusion, and view angle before labeling."
dvids_2118925.jpg,2118925,Airmen guide Soldiers off of C-5 aircraft at Moffett Field,2015-08-04,"SUNNYVALE, CALIFORNIA, US",4288x2848,Photo by Staff Sgt. Tina Villalobos,PUBLIC DOMAIN,https://www.dvidshub.net/image/2118925/airmen-guide-soldiers-off-c-5-aircraft-moffett-field,"Outdoor HMMWV exterior candidate for drone-style vehicle-part detection. A military HMMWV (Humvee) is being loaded or unloaded from a large military cargo aircraft, likely a C-17 Globemaster III or C-5 Galaxy, on an airfield tarmac. Ground crew personnel in flight suits and military uniforms are directing the vehicle and managing the loading operation. The scene depicts a standard military airlift logistics operation under clear daytime conditions. Review subject prominence, occlusion, and view angle before labeling."
dvids_2119126.jpg,2119126,Destined Soldiers conduct Humvee terrain manuever training,2015-08-11,"TAPA, EE",4288x2848,Photo by Sgt. Juana Nesbitt,PUBLIC DOMAIN,https://www.dvidshub.net/image/2119126/destined-soldiers-conduct-humvee-terrain-manuever-training,"Outdoor HMMWV exterior candidate for drone-style vehicle-part detection. A tan/desert-colored military HMMWV (Humvee) is driving along a dirt trail through a field of wildflowers and tall grass. The vehicle appears to be moving toward the camera on a training or operational route, with a small brick structure visible to its right. The scene takes place under a partly cloudy sky in what appears to be a temperate, rural environment."
dvids_7981100.jpg,7981100,Rough Terrain Driving Course,2023-08-19,"FORT MCCOY, WISCONSIN, US",3532x2355,Photo by Spc. Addison Shinn,PUBLIC DOMAIN,https://www.dvidshub.net/image/7981100/rough-terrain-driving-course,"Outdoor HMMWV exterior candidate for drone-style vehicle-part detection. A tan/desert-colored military HMMWV (Humvee) is captured in motion traveling at speed across a dirt terrain, with motion blur indicating rapid movement. The vehicle appears to be a hardened, armored variant with bolted armor plating and small armored windows. The background shows a treeline and open ground, consistent with a military training area or exercise. Review subject prominence, occlusion, and view angle before labeling."
dvids_7981099.jpg,7981099,Rough Terrain Driving Course,2023-08-19,"FORT MCCOY, WISCONSIN, US",4425x2950,Photo by Spc. Addison Shinn,PUBLIC DOMAIN,https://www.dvidshub.net/image/7981099/rough-terrain-driving-course,"Outdoor HMMWV exterior candidate for drone-style vehicle-part detection. A tan/desert-colored military HMMWV (Humvee) is traveling at speed across a dirt terrain, kicking up a dust cloud behind it. The vehicle appears to be a hardtop variant with armored doors and is equipped with radio antennas. The background shows a dense tree line, blurred due to the panning camera technique used to capture the motion. Review subject prominence, occlusion, and view angle before labeling."
dvids_7981098.jpg,7981098,Rough Terrain Driving Course,2023-08-19,"FORT MCCOY, WISCONSIN, US",4644x3096,Photo by Spc. Addison Shinn,PUBLIC DOMAIN,https://www.dvidshub.net/image/7981098/rough-terrain-driving-course,"Outdoor HMMWV exterior candidate for drone-style vehicle-part detection. A tan/desert-colored military HMMWV (High Mobility Multipurpose Wheeled Vehicle, commonly known as a Humvee) is traveling at speed across a dirt terrain, kicking up a dust cloud behind it. The vehicle appears to be an armored variant with bolted door panels and small armored windows. The background shows blurred vegetation and a clear blue sky, consistent with motion-blur photography technique. Review subject prominence, occlusion, and view angle before labeling."
dvids_7981097.jpg,7981097,Rough Terrain Driving Course,2023-08-19,"FORT MCCOY, WISCONSIN, US",5547x3698,Photo by Spc. Addison Shinn,PUBLIC DOMAIN,https://www.dvidshub.net/image/7981097/rough-terrain-driving-course,"Outdoor HMMWV exterior candidate for drone-style vehicle-part detection. A tan/desert-colored military HMMWV (High Mobility Multipurpose Wheeled Vehicle), commonly known as a Humvee, is navigating over rocky terrain. The vehicle appears to be in an off-road training or demonstration environment, photographed from a low angle that emphasizes its ground clearance and rugged capability. The setting includes green trees and a clear blue sky in the background. Review subject prominence, occlusion, and view angle before labeling."
dvids_7981096.jpg,7981096,Navigating the Rough Terrain Driving Course,2023-08-19,"FORT MCCOY, WISCONSIN, US",5845x3897,Photo by Spc. Addison Shinn,PUBLIC DOMAIN,https://www.dvidshub.net/image/7981096/navigating-rough-terrain-driving-course,"Outdoor HMMWV exterior candidate for drone-style vehicle-part detection. A tan/desert-colored military HMMWV (Humvee) is navigating a rocky off-road terrain. The vehicle bears the identifier 'PA-33' on its front bumper and displays a U.S. Army star emblem. The image is taken from a low angle, emphasizing the rugged terrain and the vehicle's ground clearance."
dvids_3754782.jpg,3754782,"106th Rescue Wing's Initial Response Force trains for rough terrain, recovery",2017-09-10,"WESTHAMPTON BEACH, NEW YORK, US",3936x2624,Photo by Airman 1st Class Daniel Farrell,PUBLIC DOMAIN,https://www.dvidshub.net/image/3754782/106th-rescue-wings-initial-response-force-trains-rough-terrain-recovery,"Outdoor HMMWV exterior candidate for drone-style vehicle-part detection. A military HMMWV (Humvee) in olive drab green is traversing a sandy grass-covered dune or hillside. The vehicle is viewed from the rear-quarter angle, cresting the hill against a clear blue sky. The terrain consists of sandy soil with sparse, wind-swept grass typical of coastal dune environments."
dvids_3754788.jpg,3754788,"106th Rescue Wing's Initial Response Force trains for rough terrain, recovery",2017-09-10,"WESTHAMPTON BEACH, NEW YORK, US",3936x2624,Photo by Airman 1st Class Daniel Farrell,PUBLIC DOMAIN,https://www.dvidshub.net/image/3754788/106th-rescue-wings-initial-response-force-trains-rough-terrain-recovery,"Outdoor HMMWV exterior candidate for drone-style vehicle-part detection. A military-style HMMWV (Humvee) in olive drab/camouflage paint is positioned on sandy, rocky terrain near a grass-covered dune or hillside. The vehicle is viewed from the rear-left angle and appears to be stationary or navigating off-road terrain. The setting appears to be a coastal or arid environment under clear blue skies."
dvids_3754779.jpg,3754779,"106th Rescue Wing's Initial Response Force trains for rough terrain, recovery",2017-09-10,"WESTHAMPTON BEACH, NEW YORK, US",3936x2624,Photo by Airman 1st Class Daniel Farrell,PUBLIC DOMAIN,https://www.dvidshub.net/image/3754779/106th-rescue-wings-initial-response-force-trains-rough-terrain-recovery,"Outdoor HMMWV exterior candidate for drone-style vehicle-part detection. A military HMMWV (Humvee) in olive drab green is navigating a steep grassy hillside terrain. The vehicle appears to be on an off-road training or patrol exercise, tilted at an angle as it crests or descends the hill. At least one occupant is visible through the windshield area."
dvids_3754785.jpg,3754785,"106th Rescue Wing's Initial Response Force trains for rough terrain, recovery",2017-09-10,"WESTHAMPTON BEACH, NEW YORK, US",3936x2624,Photo by Airman 1st Class Daniel Farrell,PUBLIC DOMAIN,https://www.dvidshub.net/image/3754785/106th-rescue-wings-initial-response-force-trains-rough-terrain-recovery,"Outdoor HMMWV exterior candidate for drone-style vehicle-part detection. A military-style HMMWV (Humvee) is navigating down a steep grassy hill in an off-road terrain environment. The vehicle appears to be olive/dark green in color with a soft top configuration. The surrounding landscape consists of sandy soil, sparse grass, scrub vegetation, and coniferous trees under a partly cloudy sky."
dvids_49810.jpg,49810,"Camp America, GTMO",2007-07-13,"GUANTANAMO BAY, CU",500x647,,PUBLIC DOMAIN,https://www.dvidshub.net/image/49810/camp-america-gtmo,"Outdoor HMMWV exterior candidate for drone-style vehicle-part detection. A military HMMWV (Humvee) in tan/desert paint scheme travels along a dirt road in a tropical or semi-arid mountainous region with visible cacti and green hillsides. A soldier is positioned in the roof turret manning what appears to be an M2 .50 caliber heavy machine gun. The vehicle markings 'E629M1' and 'X-2' are visible on the front bumper. Review subject prominence, occlusion, and view angle before labeling."
dvids_1380031.jpg,1380031,30th ABCT Soldiers navigate Bragg terrain,2014-06-04,"FORT BRAGG, NORTH CAROLINA, US",3249x2174,Photo by Spc. Jaqueline Benton,PUBLIC DOMAIN,https://www.dvidshub.net/image/1380031/30th-abct-soldiers-navigate-bragg-terrain,"Outdoor HMMWV exterior candidate for drone-style vehicle-part detection. A military HMMWV (Humvee) is traveling down a sandy dirt road, viewed from the rear. A soldier is positioned in the turret operating what appears to be an M2 .50 caliber machine gun. The vehicle markings indicate it belongs to HHC 1-5-6 and the 30th ASTR unit. Review subject prominence, occlusion, and view angle before labeling."
dvids_1380038.jpg,1380038,30th ABCT Soldiers navigate Bragg terrain,2014-06-04,"FORT BRAGG, NORTH CAROLINA, US",3872x2592,Photo by Spc. Jaqueline Benton,PUBLIC DOMAIN,https://www.dvidshub.net/image/1380038/30th-abct-soldiers-navigate-bragg-terrain,"Outdoor HMMWV exterior candidate for drone-style vehicle-part detection. A tan/desert-colored armored HMMWV (Humvee) is traveling along a dirt road in what appears to be a training environment. A soldier in military uniform and helmet is positioned in the roof-mounted gun turret, manning what appears to be an M2 .50 caliber heavy machine gun. The vehicle is equipped with up-armored doors and ballistic glass windows. Review subject prominence, occlusion, and view angle before labeling."
dvids_3106248.jpg,3106248,Humvee,2017-01-15,"FORT IRWIN, CALIFORNIA, US",5616x3744,Photo by Sgt. Michael Spandau,PUBLIC DOMAIN,https://www.dvidshub.net/image/3106248/humvee,"Outdoor HMMWV exterior candidate for drone-style vehicle-part detection. The image shows a tan/desert-camouflaged military HMMWV (High Mobility Multipurpose Wheeled Vehicle), commonly known as a Humvee, bearing the number '9164' on its upper body. The vehicle is equipped with multiple antennas, a raised armored turret, and camouflage vegetation on top, suggesting a command or communications role. Several additional military vehicles are visible in the background in an arid, desert terrain environment. Review subject prominence, occlusion, and view angle before labeling."
dvids_6529823.jpg,6529823,Inspecting a Humvee,2021-02-21,"HOHENFELS, BAYERN, DE",6720x4480,Photo by Spc. Esmeralda Cervantes,PUBLIC DOMAIN,https://www.dvidshub.net/image/6529823/inspecting-humvee,"Outdoor HMMWV exterior candidate for drone-style vehicle-part detection. Two military personnel in camouflage uniforms and face masks are performing maintenance or repair work on a military vehicle, likely a HMMWV (Humvee), with the hood open. One soldier wearing a combat helmet is leaning over the engine compartment while a second soldier observes from behind. The setting appears to be an outdoor field training environment during autumn or late fall conditions. Review subject prominence, occlusion, and view angle before labeling."
dvids_3997844.jpg,3997844,Humvee Preparations,2017-11-23,"FORT IRWIN, CALIFORNIA, US",4858x3239,Photo by Spc. Dana M Clarke,PUBLIC DOMAIN,https://www.dvidshub.net/image/3997844/humvee-preparations,"Outdoor HMMWV exterior candidate for drone-style vehicle-part detection. Two military personnel are operating in a desert environment alongside a tan/beige HMMWV (Humvee) positioned on a rocky ridge or elevated terrain. One soldier is standing in the turret position atop the vehicle while another is moving down the slope carrying equipment. The background features arid mountains and a partly cloudy sky consistent with a desert training or operational environment. Review subject prominence, occlusion, and view angle before labeling."
dvids_9212946.jpg,9212946,A Humvee pauses in the road.,2004-11-22,IQ,3008x1960,,PUBLIC DOMAIN,https://www.dvidshub.net/image/9212946/humvee-pauses-road,Outdoor HMMWV exterior candidate for drone-style vehicle-part detection. A Humvee pauses in the road.
dvids_2238564.jpg,2238564,Marines take on roads in Humvee course,2015-10-15,"MARINE CORPS AIR STATION CHERRY POINT, NORTH CAROLINA, US",5680x3786,Photo by Cpl. Neysa Huertas Quinones,PUBLIC DOMAIN,https://www.dvidshub.net/image/2238564/marines-take-roads-humvee-course,"Outdoor HMMWV exterior candidate for drone-style vehicle-part detection. A close-up ground-level photograph featuring a worn red traffic cone in the foreground with a tan/desert-colored military HMMWV (Humvee) positioned directly behind it. The setting appears to be a paved military installation or training area under clear blue skies. Additional orange traffic cones and military personnel or equipment are visible in the background. Review subject prominence, occlusion, and view angle before labeling."
dvids_1343647.jpg,1343647,Reserve Soldiers conduct off-road driver training,2014-05-14,"ELWOOD, ILLINOIS, US",5997x4002,Photo by Sgt. 1st Class Michel Sauret,PUBLIC DOMAIN,https://www.dvidshub.net/image/1343647/reserve-soldiers-conduct-off-road-driver-training,"Outdoor HMMWV exterior candidate for drone-style vehicle-part detection. Military HMMWV (Humvee) vehicles are conducting a water crossing exercise through a shallow, muddy river or stream in a wooded, green environment. The lead vehicle is prominently splashing through the water with headlights on, while a second Humvee follows behind in the background. A soldier in uniform is visible standing near the tree line observing the exercise. Review subject prominence, occlusion, and view angle before labeling."
dvids_71002.jpg,71002,Marine Humvee Driving Safety Program,2007-12-15,"AL ASAD, IQ",3000x2400,Photo by Staff Sgt. Andrew Pendracki,PUBLIC DOMAIN,https://www.dvidshub.net/image/71002/marine-humvee-driving-safety-program,"Outdoor HMMWV exterior candidate for drone-style vehicle-part detection. A desert-camouflaged military wheeled vehicle is traversing a sandy ridge or berm in an arid desert environment. The vehicle is kicking up a visible dust trail as it moves across the terrain. The landscape is barren, flat, and sandy with a hazy sky in the background. Review subject prominence, occlusion, and view angle before labeling."
dvids_3754777.jpg,3754777,"106th Rescue Wing's Initial Response Force trains for rough terrain, recovery",2017-09-10,"WESTHAMPTON BEACH, NEW YORK, US",3936x2624,Photo by Airman 1st Class Daniel Farrell,PUBLIC DOMAIN,https://www.dvidshub.net/image/3754777/106th-rescue-wings-initial-response-force-trains-rough-terrain-recovery,"Outdoor HMMWV exterior candidate for drone-style vehicle-part detection. A military HMMWV (Humvee) in olive drab camouflage paint is traversing sandy, vegetated terrain, likely a training or exercise area. The vehicle appears to be moving through coastal dune-like landscape with tall grasses and scrub vegetation. A second Humvee is partially visible behind the primary vehicle. Review subject prominence, occlusion, and view angle before labeling."
dvids_7409225.jpg,7409225,"A High Mobility Multipurpose Wheeled Vehicle (HMMWV) drives through a situational training exercise (STX) during Exercise Eager Lion in Jordan, Sept. 8, 2022",2022-09-08,Jordan,4073x2907,Spc. Claude Nelson,PUBLIC DOMAIN,https://www.dvidshub.net/image/7409225/high-mobility-multipurpose-wheeled-vehicle-hmmwv-drives-through-situational-training-exercise-stx-during-exercise-eager-lion-jordan,Outdoor moving HMMWV in a dusty training environment; useful for vehicle detection amid terrain and background clutter. Dust reduces visibility; inspect part-level legibility before labeling.
dvids_9494364.jpg,9494364,Staging the Humvee,2026-01-24,"Maryland, United States",6000x4000,Capt. Dylan Bradford,PUBLIC DOMAIN,https://www.dvidshub.net/image/9494364/staging-humvee,"DVIDS Humvee candidate selected for vehicle visibility; review crop, occlusion, visible parts and viewpoint before annotation."
dvids_140890.jpg,140890,Humvee maintenance,2008-11-16,"Al Anbar Province, Iraq",3888x2592,Cpl. Seth Maggard,PUBLIC DOMAIN,https://www.dvidshub.net/image/140890/humvee-maintenance,Maintenance or component view; inspect vehicle prominence and exposed part visibility before annotation.
dvids_7377088.jpg,7377088,Keeping vehicles on the road,2022-08-17,"Fort Mccoy, Wisconsin, United States",6583x4389,Pfc. Trevor Seiler,PUBLIC DOMAIN,https://www.dvidshub.net/image/7377088/keeping-vehicles-road,Maintenance or component view; inspect vehicle prominence and exposed part visibility before annotation.
dvids_6495908.jpg,6495908,We Will Find A Way - The Humvee,2020-10-06,"Boise, Idaho, United States",2700x1800,Thomas Alvarez,PUBLIC DOMAIN,https://www.dvidshub.net/image/6495908/we-will-find-way-humvee,Maintenance or component view; inspect vehicle prominence and exposed part visibility before annotation.
dvids_2705344.jpg,2705344,A Humvee for the Parade,2016-07-04,"Villa Park, Illinois, United States",4288x2848,Spc. Brianna Saville,PUBLIC DOMAIN,https://www.dvidshub.net/image/2705344/humvee-parade,"DVIDS Humvee candidate selected for vehicle visibility; review crop, occlusion, visible parts and viewpoint before annotation."
dvids_275872.jpg,275872,525th Humvee Motorpool,2010-04-05,"Guantanamo Bay, Cuba",2100x1395,Petty Officer 3rd Class Joshua Nistas,PUBLIC DOMAIN,https://www.dvidshub.net/image/275872/525th-humvee-motorpool,Maintenance or component view; inspect vehicle prominence and exposed part visibility before annotation.
dvids_349947.jpg,349947,Humvee Patrol,2010-12-08,"Guantanamo Bay, Cuba",3000x2400,Senior Airman Gino Reyes,PUBLIC DOMAIN,https://www.dvidshub.net/image/349947/humvee-patrol,"Operational mobility/terrain view; review crop, occlusion and vehicle prominence before annotation."
dvids_36204.jpg,36204,Road block,2007-01-31,"Forward Operating Base Warhorse, Iraq",4288x2848,,PUBLIC DOMAIN,https://www.dvidshub.net/image/36204/road-block,"DVIDS Humvee candidate selected for vehicle visibility; review crop, occlusion, visible parts and viewpoint before annotation."
dvids_9813790.jpg,9813790,Defenders drive readiness: Reservists complete Humvee training,2026-07-11,"Delaware, United States",5499x3724,Jeremy Larlee,PUBLIC DOMAIN,https://www.dvidshub.net/image/9813790/defenders-drive-readiness-reservists-complete-humvee-training,Maintenance or component view; inspect vehicle prominence and exposed part visibility before annotation.
dvids_1343629.jpg,1343629,Reserve Soldiers conduct off-road driver training,2014-05-14,"Elwood, Illinois, United States",5997x4002,Sgt. 1st Class Michel Sauret,PUBLIC DOMAIN,https://www.dvidshub.net/image/1343629/reserve-soldiers-conduct-off-road-driver-training,"Operational mobility/terrain view; review crop, occlusion and vehicle prominence before annotation."
dvids_1343708.jpg,1343708,Reserve Soldiers conduct off-road driver training,2014-05-14,"Elwood, Illinois, United States",6006x3996,Sgt. 1st Class Michel Sauret,PUBLIC DOMAIN,https://www.dvidshub.net/image/1343708/reserve-soldiers-conduct-off-road-driver-training,"Operational mobility/terrain view; review crop, occlusion and vehicle prominence before annotation."
dvids_1343650.jpg,1343650,Reserve Soldiers conduct off-road driver training,2014-05-14,"Elwood, Illinois, United States",5997x4002,Sgt. 1st Class Michel Sauret,PUBLIC DOMAIN,https://www.dvidshub.net/image/1343650/reserve-soldiers-conduct-off-road-driver-training,"Operational mobility/terrain view; review crop, occlusion and vehicle prominence before annotation."
dvids_7270781.jpg,7270781,914th CES Conducts Off-Site Training,2022-06-11,"Youngstown, New York, United States",3300x2202,Airman Kylar Vermeulen,PUBLIC DOMAIN,https://www.dvidshub.net/image/7270781/914th-ces-conducts-off-site-training,"Operational mobility/terrain view; review crop, occlusion and vehicle prominence before annotation."
dvids_18783.jpg,18783,Iraqi Humvees,2006-04-27,,1960x3008,1st Sgt. Denise Slater,PUBLIC DOMAIN,https://www.dvidshub.net/image/18783/iraqi-humvees,Maintenance or component view; inspect vehicle prominence and exposed part visibility before annotation.
dvids_7140178.jpg,7140178,Kimball County Humvee fire,2022-04-12,"Kimball, Nebraska, United States",6192x4128,Airman Sarah Post,PUBLIC DOMAIN,https://www.dvidshub.net/image/7140178/kimball-county-humvee-fire,"Damage or recovery-condition candidate; review visible vehicle parts, crop and occlusion before annotation."
dvids_7140175.jpg,7140175,Kimball County Humvee fire,2022-04-12,"Kimball, Nebraska, United States",6192x4128,Airman Sarah Post,PUBLIC DOMAIN,https://www.dvidshub.net/image/7140175/kimball-county-humvee-fire,"Damage or recovery-condition candidate; review visible vehicle parts, crop and occlusion before annotation."
dvids_6966421.jpg,6966421,I MSB | Humvee Maintenance,2021-12-01,"California, United States",8696x5797,Lance Cpl. Gadiel Zaragoza,PUBLIC DOMAIN,https://www.dvidshub.net/image/6966421/msb-humvee-maintenance,Maintenance or component view; inspect vehicle prominence and exposed part visibility before annotation.
dvids_6495915.jpg,6495915,We Will Find A Way - The Humvee,2020-10-06,"Boise, Idaho, United States",2700x1800,Thomas Alvarez,PUBLIC DOMAIN,https://www.dvidshub.net/image/6495915/we-will-find-way-humvee,Maintenance or component view; inspect vehicle prominence and exposed part visibility before annotation.
dvids_30558.jpg,30558,Sgt. Richardson Humvee Landmine,2006-09-13,"Tikrit, Iraq",2903x2560,,PUBLIC DOMAIN,https://www.dvidshub.net/image/30558/sgt-richardson-humvee-landmine,"Damage or recovery-condition candidate; review visible vehicle parts, crop and occlusion before annotation."
dvids_14724.jpg,14724,Humvee Egress Assistance Trainer,2006-01-23,"Camp Arifjan, Kuwait",3008x1960,Sgt. Robert Adams,PUBLIC DOMAIN,https://www.dvidshub.net/image/14724/humvee-egress-assistance-trainer,"Damage or recovery-condition candidate; review visible vehicle parts, crop and occlusion before annotation."
dvids_1398426.jpg,1398426,CLB 451 Marines Participate in Vehicle Recovery,2014-06-07,"Marine Corps Air Ground Combat Center Twentynine Palms, California, United States",5760x3840,Sgt. Adwin Esters,PUBLIC DOMAIN,https://www.dvidshub.net/image/1398426/clb-451-marines-participate-vehicle-recovery,"Damage or recovery-condition candidate; review visible vehicle parts, crop and occlusion before annotation."
dvids_79160.jpg,79160,Where the rubber meets the road,2008-03-04,"Ad Dawr, Iraq",1800x1200,Rick Rzepka,PUBLIC DOMAIN,https://www.dvidshub.net/image/79160/rubber-meets-road,"Operational mobility/terrain view; review crop, occlusion and vehicle prominence before annotation."
dvids_78227.jpg,78227,On the road again,2008-02-18,"Kalsu, Iraq",1840x1224,Sgt. Kevin Stabinsky,PUBLIC DOMAIN,https://www.dvidshub.net/image/78227/road-again,Maintenance or component view; inspect vehicle prominence and exposed part visibility before annotation.
dvids_78228.jpg,78228,On the road again,2008-02-18,"Kalsu, Iraq",1840x1224,Sgt. Kevin Stabinsky,PUBLIC DOMAIN,https://www.dvidshub.net/image/78228/road-again,Maintenance or component view; inspect vehicle prominence and exposed part visibility before annotation.
dvids_1343653.jpg,1343653,Reserve Soldiers conduct off-road driver training,2014-05-14,"Elwood, Illinois, United States",6006x3996,Sgt. 1st Class Michel Sauret,PUBLIC DOMAIN,https://www.dvidshub.net/image/1343653/reserve-soldiers-conduct-off-road-driver-training,"Operational mobility/terrain view; review crop, occlusion and vehicle prominence before annotation."
dvids_1318044.jpg,1318044,Humvees,2014-04-23,"Fort Hood, Texas, United States",3835x2319,Sgt. Ken Scar,PUBLIC DOMAIN,https://www.dvidshub.net/image/1318044/humvees,"Operational mobility/terrain view; review crop, occlusion and vehicle prominence before annotation."
dvids_349955.jpg,349955,Humvee Patrol,2010-12-08,"Guantanamo Bay, Cuba",3000x2400,Senior Airman Gino Reyes,PUBLIC DOMAIN,https://www.dvidshub.net/image/349955/humvee-patrol,"Operational mobility/terrain view; review crop, occlusion and vehicle prominence before annotation."
dvids_349954.jpg,349954,Humvee Patrol,2010-12-08,"Guantanamo Bay, Cuba",4288x2848,Senior Airman Gino Reyes,PUBLIC DOMAIN,https://www.dvidshub.net/image/349954/humvee-patrol,"Operational mobility/terrain view; review crop, occlusion and vehicle prominence before annotation."
dvids_18779.jpg,18779,Iraqi Humvees,2006-04-27,,3008x1960,1st Sgt. Denise Slater,PUBLIC DOMAIN,https://www.dvidshub.net/image/18779/iraqi-humvees,Maintenance or component view; inspect vehicle prominence and exposed part visibility before annotation.
dvids_18782.jpg,18782,Iraqi Humvees,2006-04-27,,1960x3008,1st Sgt. Denise Slater,PUBLIC DOMAIN,https://www.dvidshub.net/image/18782/iraqi-humvees,"Operational mobility/terrain view; review crop, occlusion and vehicle prominence before annotation."
dvids_18781.jpg,18781,Iraqi Humvees,2006-04-27,,1960x3008,1st Sgt. Denise Slater,PUBLIC DOMAIN,https://www.dvidshub.net/image/18781/iraqi-humvees,"DVIDS Humvee candidate selected for vehicle visibility; review crop, occlusion, visible parts and viewpoint before annotation."
dvids_902004.jpg,902004,HMMWV,2013-04-06,"Terre Haute, Indiana, United States",3000x1993,Senior Master Sgt. John Chapman,PUBLIC DOMAIN,https://www.dvidshub.net/image/902004/hmmwv,"DVIDS Humvee candidate selected for vehicle visibility; review crop, occlusion, visible parts and viewpoint before annotation."
dvids_7166471.jpg,7166471,HMMWV Maintenance,2022-04-29,"Osan Air Base, South Korea",5785x3849,Tech. Sgt. Zachariah Lopez,PUBLIC DOMAIN,https://www.dvidshub.net/image/7166471/hmmwv-maintenance,Interior/control detail; useful for component context but lower priority for exterior drone-style detection.
dvids_2719024.jpg,2719024,Mechnic Degreases HMMWV,2016-07-12,"Colchester, Vermont, United States",3840x2743,Spc. Avery Cunningham,PUBLIC DOMAIN,https://www.dvidshub.net/image/2719024/mechnic-degreases-hmmwv,Maintenance or component view; inspect vehicle prominence and exposed part visibility before annotation.
dvids_7859636.jpg,7859636,D.C. National Guard: HMMWV Maintenance,2023-06-14,"Hohenfels, Bayern, Germany",5322x3548,Sgt. Rebecca Call,PUBLIC DOMAIN,https://www.dvidshub.net/image/7859636/dc-national-guard-hmmwv-maintenance,Maintenance or component view; inspect vehicle prominence and exposed part visibility before annotation.
dvids_7215434.jpg,7215434,Sgt. Tyler Bennett exits a HMMWV,2022-05-18,"Fort Mccoy, Wisconsin, United States",6720x4480,Calvin Reimold,PUBLIC DOMAIN,https://www.dvidshub.net/image/7215434/sgt-tyler-bennett-exits-hmmwv,"Operational mobility/terrain view; review crop, occlusion and vehicle prominence before annotation."
dvids_2699995.jpg,2699995,HUMVEE and Mount Adams,2016-06-25,"Yakima Training Center, Washington, United States",3865x2577,Capt. Brian Harris,PUBLIC DOMAIN,https://www.dvidshub.net/image/2699995/humvee-and-mount-adams,"Operational mobility/terrain view; review crop, occlusion and vehicle prominence before annotation."
dvids_7732407.jpg,7732407,Maintainers keep Humvees running,2023-04-10,"Ali Al Salem Air Base, Kuwait",5379x3810,Senior Airman Nicholas Larsen,PUBLIC DOMAIN,https://www.dvidshub.net/image/7732407/maintainers-keep-humvees-running,Maintenance or component view; inspect vehicle prominence and exposed part visibility before annotation.
dvids_3474451.jpg,3474451,Mechanic Replaces Humvee Headlight,2017-06-10,"Fort Drum, New York, United States",3000x2000,Spc. Avery Cunningham,PUBLIC DOMAIN,https://www.dvidshub.net/image/3474451/mechanic-replaces-humvee-headlight,Maintenance or component view; inspect vehicle prominence and exposed part visibility before annotation.
dvids_3474445.jpg,3474445,Mechanic Replaces Humvee Headlight,2017-06-10,"Fort Drum, New York, United States",2000x3000,Spc. Avery Cunningham,PUBLIC DOMAIN,https://www.dvidshub.net/image/3474445/mechanic-replaces-humvee-headlight,Maintenance or component view; inspect vehicle prominence and exposed part visibility before annotation.
dvids_3474453.jpg,3474453,Mechanic Replaces Humvee Headlight,2017-06-10,"Fort Drum, New York, United States",3000x2000,Spc. Avery Cunningham,PUBLIC DOMAIN,https://www.dvidshub.net/image/3474453/mechanic-replaces-humvee-headlight,Maintenance or component view; inspect vehicle prominence and exposed part visibility before annotation.
dvids_1587160.jpg,1587160,Soldier secures Humvee for EDRE,2014-09-30,"Joint Base Lewis-Mcchord, Washington, United States",4820x3456,Sgt. Cody Quinn,PUBLIC DOMAIN,https://www.dvidshub.net/image/1587160/soldier-secures-humvee-edre,"DVIDS Humvee candidate selected for vehicle visibility; review crop, occlusion, visible parts and viewpoint before annotation."
dvids_1458188.jpg,1458188,Humvee mocha water fording,2014-07-18,"Grafenwoehr Training Area, Bayern, Germany",4288x2848,Master Sgt. Andrew Moseley,PUBLIC DOMAIN,https://www.dvidshub.net/image/1458188/humvee-mocha-water-fording,"Operational mobility/terrain view; review crop, occlusion and vehicle prominence before annotation."
dvids_8232389.jpg,8232389,Raven Homeschool Tour: Humvee Hood,2024-02-07,"Alaska, United States",5883x3922,Staff Sgt. Seth LaCount,PUBLIC DOMAIN,https://www.dvidshub.net/image/8232389/raven-homeschool-tour-humvee-hood,Maintenance or component view; inspect vehicle prominence and exposed part visibility before annotation.
dvids_6306548.jpg,6306548,31st LRS Airmen repair Humvee,2020-08-06,Italy,8256x5504,Senior Airman Caleb House,PUBLIC DOMAIN,https://www.dvidshub.net/image/6306548/31st-lrs-airmen-repair-humvee,Maintenance or component view; inspect vehicle prominence and exposed part visibility before annotation.
dvids_774865.jpg,774865,Road Warrior X,2012-10-19,"Camp Guernsey, Wyoming, United States",4288x2848,R.J. Oriez,PUBLIC DOMAIN,https://www.dvidshub.net/image/774865/road-warrior-x,"Operational mobility/terrain view; review crop, occlusion and vehicle prominence before annotation."
dvids_7074231.jpg,7074231,1-265th ADA unload Humvees for AE22,2022-02-28,"Eielson Air Force Base, Alaska, United States",7505x5003,Senior Airman Joseph Leveille,PUBLIC DOMAIN,https://www.dvidshub.net/image/7074231/1-265th-ada-unload-humvees-ae22,"DVIDS Humvee candidate selected for vehicle visibility; review crop, occlusion, visible parts and viewpoint before annotation."
dvids_9957112.jpg,9957112,Road to NTC: 81st Mobile Brigade begins multiyear training progression,2026-09-17,"Yakima Training Center, Washington, United States",4658x3105,Joseph Siemandel,PUBLIC DOMAIN,https://www.dvidshub.net/image/9957112/road-ntc-81st-mobile-brigade-begins-multiyear-training-progression,"Operational mobility/terrain view; review crop, occlusion and vehicle prominence before annotation."
dvids_25228.jpg,25228,Iraqi soldiers receive training for new fleet of humvees,2006-06-17,"Al Qa'Im, Iraq",1200x594,Spc. Antonio Rosas,PUBLIC DOMAIN,https://www.dvidshub.net/image/25228/iraqi-soldiers-receive-training-new-fleet-humvees,"DVIDS Humvee candidate selected for vehicle visibility; review crop, occlusion, visible parts and viewpoint before annotation."
dvids_7617496.jpg,7617496,425th TC transports HUMVEES/equipment across state lines,2023-02-04,"Denver, Colorado, United States",4753x3169,Spc. Addison Shinn,PUBLIC DOMAIN,https://www.dvidshub.net/image/7617496/425th-tc-transports-humvees-equipment-across-state-lines,"DVIDS Humvee candidate selected for vehicle visibility; review crop, occlusion, visible parts and viewpoint before annotation."
dvids_3266512.jpg,3266512,435 SFS kicks off Security Operations Course,2017-03-25,"Ramstein Air Base, Rheinland-Pfalz, Germany",3768x2513,Senior Airman Tryphena Mayhugh,PUBLIC DOMAIN,https://www.dvidshub.net/image/3266512/435-sfs-kicks-off-security-operations-course,Maintenance or component view; inspect vehicle prominence and exposed part visibility before annotation.
dvids_2402836.jpg,2402836,Humvees move in convoy,2016-02-12,"Fort Irwin, California, United States",4784x3280,Staff Sgt. Alex Manne,PUBLIC DOMAIN,https://www.dvidshub.net/image/2402836/humvees-move-convoy,"Operational mobility/terrain view; review crop, occlusion and vehicle prominence before annotation."
dvids_2402839.jpg,2402839,Humvee prepares to move in convoy,2016-02-12,"Fort Irwin, California, United States",4928x3280,Staff Sgt. Alex Manne,PUBLIC DOMAIN,https://www.dvidshub.net/image/2402839/humvee-prepares-move-convoy,Interior/control detail; useful for component context but lower priority for exterior drone-style detection.
dvids_1489944.jpg,1489944,218th BSB conducts off-road training at MTC,2014-08-02,"Eastover, South Carolina, United States",3600x2400,Sgt. Tashera Pravato,PUBLIC DOMAIN,https://www.dvidshub.net/image/1489944/218th-bsb-conducts-off-road-training-mtc,"Operational mobility/terrain view; review crop, occlusion and vehicle prominence before annotation."
dvids_5655131.jpg,5655131,Ethiopian firefighters spray muddy Humvee,2019-07-26,"Dire Dawa, Ethiopia",4240x2832,Airman 1st Class Brennen Lege,PUBLIC DOMAIN,https://www.dvidshub.net/image/5655131/ethiopian-firefighters-spray-muddy-humvee,"Operational mobility/terrain view; review crop, occlusion and vehicle prominence before annotation."
dvids_4374165.jpg,4374165,Firefight HMMWV cover,2018-05-06,"Fort Irwin, California, United States",3872x2080,Capt. Katherine Milberry,PUBLIC DOMAIN,https://www.dvidshub.net/image/4374165/firefight-hmmwv-cover,"Operational mobility/terrain view; review crop, occlusion and vehicle prominence before annotation."
dvids_6529824.jpg,6529824,Inspecting a Humvee,2021-02-21,"Hohenfels, Bayern, Germany",6720x4480,Spc. Esmeralda Cervantes,PUBLIC DOMAIN,https://www.dvidshub.net/image/6529824/inspecting-humvee,Maintenance or component view; inspect vehicle prominence and exposed part visibility before annotation.
dvids_6286379.jpg,6286379,Preparing the Humvee,2020-07-24,"Camp Shelby, Mississippi, United States",5480x3756,2nd Lt. Michael Needham,PUBLIC DOMAIN,https://www.dvidshub.net/image/6286379/preparing-humvee,Maintenance or component view; inspect vehicle prominence and exposed part visibility before annotation.
dvids_5280955.jpg,5280955,Towing the Humvee,2019-04-18,"Fort Stewart, Georgia, United States",5472x3648,Spc. Tori Miller,PUBLIC DOMAIN,https://www.dvidshub.net/image/5280955/towing-humvee,"Operational mobility/terrain view; review crop, occlusion and vehicle prominence before annotation."
dvids_18784.jpg,18784,Iraqi Humvees,2006-04-27,,1960x3008,1st Sgt. Denise Slater,PUBLIC DOMAIN,https://www.dvidshub.net/image/18784/iraqi-humvees,Maintenance or component view; inspect vehicle prominence and exposed part visibility before annotation.
dvids_7166472.jpg,7166472,HMMWV Maintenance,2022-04-29,"Osan Air Base, South Korea",6048x4024,Tech. Sgt. Zachariah Lopez,PUBLIC DOMAIN,https://www.dvidshub.net/image/7166472/hmmwv-maintenance,Interior/control detail; useful for component context but lower priority for exterior drone-style detection.
dvids_7996592.jpg,7996592,Lance Corporal Moreno Works on a HMMWV,2023-08-09,"Camp Hansen, Okinawa, Japan",8192x5464,Lance Cpl. Peter Eilen,PUBLIC DOMAIN,https://www.dvidshub.net/image/7996592/lance-corporal-moreno-works-hmmwv,Maintenance or component view; inspect vehicle prominence and exposed part visibility before annotation.
dvids_10848.jpg,10848,Under the hood of a humvee,2005-07-17,"Baghdad, Iraq",1530x2061,,PUBLIC DOMAIN,https://www.dvidshub.net/image/10848/under-hood-humvee,Maintenance or component view; inspect vehicle prominence and exposed part visibility before annotation.
dvids_10849.jpg,10849,Under the hood of a humvee,2005-07-17,"Baghdad, Iraq",2464x1632,,PUBLIC DOMAIN,https://www.dvidshub.net/image/10849/under-hood-humvee,Maintenance or component view; inspect vehicle prominence and exposed part visibility before annotation.
dvids_7732409.jpg,7732409,Maintainers keep Humvees running,2023-04-10,"Ali Al Salem Air Base, Kuwait",3363x2113,Senior Airman Nicholas Larsen,PUBLIC DOMAIN,https://www.dvidshub.net/image/7732409/maintainers-keep-humvees-running,Interior/control detail; useful for component context but lower priority for exterior drone-style detection.
dvids_6337013.jpg,6337013,Humvee driving with 932nd CES,2020-08-25,"Scott Air Force Base, Illinois, United States",2342x1561,Senior Airman Brooke Spenner,PUBLIC DOMAIN,https://www.dvidshub.net/image/6337013/humvee-driving-with-932nd-ces,Interior/control detail; useful for component context but lower priority for exterior drone-style detection.
dvids_6337012.jpg,6337012,Humvee driving with 932nd CES,2020-08-25,"Scott Air Force Base, Illinois, United States",3730x2487,Senior Airman Brooke Spenner,PUBLIC DOMAIN,https://www.dvidshub.net/image/6337012/humvee-driving-with-932nd-ces,Maintenance or component view; inspect vehicle prominence and exposed part visibility before annotation.
dvids_4547656.jpg,4547656,Humvee represents Army to community,2018-07-04,"Maryland, United States",2896x1944,Clemens Gaines,PUBLIC DOMAIN,https://www.dvidshub.net/image/4547656/humvee-represents-army-community,"DVIDS Humvee candidate selected for vehicle visibility; review crop, occlusion, visible parts and viewpoint before annotation."
dvids_193203.jpg,193203,Seabee repairs Humvee in Kuwait,2009-08-07,"Camp Moreell, Kuwait",3300x2550,Petty Officer 2nd Class Kim Harris,PUBLIC DOMAIN,https://www.dvidshub.net/image/193203/seabee-repairs-humvee-kuwait,Maintenance or component view; inspect vehicle prominence and exposed part visibility before annotation.
dvids_1489950.jpg,1489950,218th BSB conducts off-road training at MTC,2014-08-02,"Eastover, South Carolina, United States",3600x2400,Sgt. Tashera Pravato,PUBLIC DOMAIN,https://www.dvidshub.net/image/1489950/218th-bsb-conducts-off-road-training-mtc,"Operational mobility/terrain view; review crop, occlusion and vehicle prominence before annotation."
dvids_78223.jpg,78223,On the road again,2008-02-18,"Kalsu, Iraq",1840x1224,Sgt. Kevin Stabinsky,PUBLIC DOMAIN,https://www.dvidshub.net/image/78223/road-again,"Operational mobility/terrain view; review crop, occlusion and vehicle prominence before annotation."
dvids_6203955.jpg,6203955,Soldier keeps Cal Guard Humvees on the road during COVID-19 pandemic,2020-04-28,"Sacramento, California, United States",2100x1500,Airman 1st Class Melanie L. Nolen,PUBLIC DOMAIN,https://www.dvidshub.net/image/6203955/soldier-keeps-cal-guard-humvees-road-during-covid-19-pandemic,Maintenance or component view; inspect vehicle prominence and exposed part visibility before annotation.
dvids_25227.jpg,25227,Iraqi soldiers receive training for new fleet of humvees,2006-06-17,"Al Qa'Im, Iraq",1200x800,Spc. Antonio Rosas,PUBLIC DOMAIN,https://www.dvidshub.net/image/25227/iraqi-soldiers-receive-training-new-fleet-humvees,"Operational mobility/terrain view; review crop, occlusion and vehicle prominence before annotation."
dvids_2724714.jpg,2724714,Where the rubber meets the road,2016-07-07,"Malmstrom Air Force Base, Montana, United States",2100x1400,Airman 1st Class Daniel Brosam,PUBLIC DOMAIN,https://www.dvidshub.net/image/2724714/rubber-meets-road,Maintenance or component view; inspect vehicle prominence and exposed part visibility before annotation.
dvids_25230.jpg,25230,Iraqi soldiers receive training for new fleet of humvees,2006-06-17,"Al Qa'Im, Iraq",1200x956,Spc. Antonio Rosas,PUBLIC DOMAIN,https://www.dvidshub.net/image/25230/iraqi-soldiers-receive-training-new-fleet-humvees,Interior/control detail; useful for component context but lower priority for exterior drone-style detection.
dvids_3474448.jpg,3474448,Mechanics Work on Humvee,2017-06-10,"Fort Drum, New York, United States",3000x2000,Spc. Avery Cunningham,PUBLIC DOMAIN,https://www.dvidshub.net/image/3474448/mechanics-work-humvee,Maintenance or component view; inspect vehicle prominence and exposed part visibility before annotation.
dvids_1343621.jpg,1343621,Reserve Soldiers conduct off-road driver training,2014-05-14,"Elwood, Illinois, United States",6006x3996,Sgt. 1st Class Michel Sauret,PUBLIC DOMAIN,https://www.dvidshub.net/image/1343621/reserve-soldiers-conduct-off-road-driver-training,"Operational mobility/terrain view; review crop, occlusion and vehicle prominence before annotation."
dvids_279181.jpg,279181,ATG Marines make civil affairs road ready,2010-05-14,"Twentynine Palms, California, United States",2816x1880,Lance Cpl. Michael Nerl,PUBLIC DOMAIN,https://www.dvidshub.net/image/279181/atg-marines-make-civil-affairs-road-ready,"Operational mobility/terrain view; review crop, occlusion and vehicle prominence before annotation."
dvids_3455757.jpg,3455757,Humvee Starts Convoy,2017-06-04,"Camp Ethan Allen Training Site, Vermont, United States",3000x2000,Spc. Avery Cunningham,PUBLIC DOMAIN,https://www.dvidshub.net/image/3455757/humvee-starts-convoy,"Operational mobility/terrain view; review crop, occlusion and vehicle prominence before annotation."
dvids_3455747.jpg,3455747,Soldier Fuels Humvee,2017-06-04,"Malone, New York, United States",3000x2000,Spc. Avery Cunningham,PUBLIC DOMAIN,https://www.dvidshub.net/image/3455747/soldier-fuels-humvee,"DVIDS Humvee candidate selected for vehicle visibility; review crop, occlusion, visible parts and viewpoint before annotation."
dvids_5823033.jpg,5823033,90 MW conducts convoy operations during Road Warrior,2019-09-26,"Camp Guernsey, Wyoming, United States",3542x2361,Joseph Coslett,PUBLIC DOMAIN,https://www.dvidshub.net/image/5823033/90-mw-conducts-convoy-operations-during-road-warrior,"Operational mobility/terrain view; review crop, occlusion and vehicle prominence before annotation."
dvids_3195145.jpg,3195145,2017 Oroville Dam Flood,2017-02-25,"Oroville, California, United States",1920x1080,,PUBLIC DOMAIN,https://www.dvidshub.net/image/3195145/2017-oroville-dam-flood,"Operational mobility/terrain view; review crop, occlusion and vehicle prominence before annotation."
dvids_3470464.jpg,3470464,Humvee dusting,2017-06-11,"Fort Irwin, California, United States",3648x5472,Pfc. Jarvis Mace,PUBLIC DOMAIN,https://www.dvidshub.net/image/3470464/humvee-dusting,Maintenance or component view; inspect vehicle prominence and exposed part visibility before annotation.
dvids_122732.jpg,122732,Humvee Maintainance,2008-10-15,"Guantanamo Bay, Cuba",2100x1500,Spc. Erica Isaacson,PUBLIC DOMAIN,https://www.dvidshub.net/image/122732/humvee-maintainance,Interior/control detail; useful for component context but lower priority for exterior drone-style detection.
dvids_436070.jpg,436070,Humvee living,2011-04-26,"Camp Atterbury, Indiana, United States",3652x2164,Staff Sgt. Ryan Crane,PUBLIC DOMAIN,https://www.dvidshub.net/image/436070/humvee-living,Interior/control detail; useful for component context but lower priority for exterior drone-style detection.
dvids_192887.jpg,192887,Humvee maintenance,2009-08-04,"Forward Operating Base Warhorse, Iraq",4256x2832,Staff Sgt. Ali E. Flisek,PUBLIC DOMAIN,https://www.dvidshub.net/image/192887/humvee-maintenance,Maintenance or component view; inspect vehicle prominence and exposed part visibility before annotation.
dvids_146394.jpg,146394,Humvees and Cards,2009-01-22,"Ali Base, Iraq",2784x1848,Tech. Sgt. Christopher Marasky,PUBLIC DOMAIN,https://www.dvidshub.net/image/146394/humvees-and-cards,Interior/control detail; useful for component context but lower priority for exterior drone-style detection.
dvids_7166481.jpg,7166481,HMMWV Maintenance,2022-04-29,"Osan Air Base, South Korea",5506x3663,Tech. Sgt. Zachariah Lopez,PUBLIC DOMAIN,https://www.dvidshub.net/image/7166481/hmmwv-maintenance,Maintenance or component view; inspect vehicle prominence and exposed part visibility before annotation.
dvids_7166485.jpg,7166485,HMMWV Maintenance,2022-04-29,"Osan Air Base, South Korea",4883x3249,Tech. Sgt. Zachariah Lopez,PUBLIC DOMAIN,https://www.dvidshub.net/image/7166485/hmmwv-maintenance,Maintenance or component view; inspect vehicle prominence and exposed part visibility before annotation.
dvids_7859706.jpg,7859706,D.C. National Guard: HMMWV Maintenance,2023-06-14,"Hohenfels, Bayern, Germany",6474x4316,Sgt. Rebecca Call,PUBLIC DOMAIN,https://www.dvidshub.net/image/7859706/dc-national-guard-hmmwv-maintenance,Maintenance or component view; inspect vehicle prominence and exposed part visibility before annotation.
dvids_154080.jpg,154080,Humvee maintenance in Haswah,2009-02-26,"Haswah, Iraq",3872x2592,,PUBLIC DOMAIN,https://www.dvidshub.net/image/154080/humvee-maintenance-haswah,Maintenance or component view; inspect vehicle prominence and exposed part visibility before annotation.
dvids_154079.jpg,154079,Humvee maintenance in Haswah,2009-02-26,"Haswah, Iraq",3872x2592,,PUBLIC DOMAIN,https://www.dvidshub.net/image/154079/humvee-maintenance-haswah,Maintenance or component view; inspect vehicle prominence and exposed part visibility before annotation.
dvids_7732411.jpg,7732411,Maintainers keep Humvees running,2023-04-10,"Ali Al Salem Air Base, Kuwait",4205x3366,Senior Airman Nicholas Larsen,PUBLIC DOMAIN,https://www.dvidshub.net/image/7732411/maintainers-keep-humvees-running,Interior/control detail; useful for component context but lower priority for exterior drone-style detection.
dvids_7732406.jpg,7732406,Maintainers keep Humvees running,2023-04-10,"Ali Al Salem Air Base, Kuwait",4350x3375,Senior Airman Nicholas Larsen,PUBLIC DOMAIN,https://www.dvidshub.net/image/7732406/maintainers-keep-humvees-running,Maintenance or component view; inspect vehicle prominence and exposed part visibility before annotation.
dvids_3810752.jpg,3810752,Lone HMMWV,2017-08-23,"Fort Irwin, California, United States",5324x3549,Spc. Dana M Clarke,PUBLIC DOMAIN,https://www.dvidshub.net/image/3810752/lone-hmmwv,"DVIDS Humvee candidate selected for vehicle visibility; review crop, occlusion, visible parts and viewpoint before annotation."
dvids_297509.jpg,297509,Mechanics From Okinawa Take on Challenging Humvee Course,2010-06-16,"Okinawa, Japan",3504x1322,Cpl. Thomas Provost,PUBLIC DOMAIN,https://www.dvidshub.net/image/297509/mechanics-okinawa-take-challenging-humvee-course,"Humvee on an obstacle course with raised front wheels; terrain and wheel visibility, ground-level oblique view."
dvids_638769.jpg,638769,Support soldiers partner with National Guard for sling load training,2012-07-31,"Fort Bragg, North Carolina, United States",1870x2816,Sgt. Kissta DiGregorio,PUBLIC DOMAIN,https://www.dvidshub.net/image/638769/support-soldiers-partner-with-national-guard-sling-load-training,"Helicopter sling-load training view with a Humvee suspended or below the aircraft; elevated/airlift context, not a top-down drone view."
dvids_638770.jpg,638770,Support Soldiers partner with National Guard for sling load training,2012-07-31,"Fort Bragg, North Carolina, United States",3126x2076,Sgt. Kissta DiGregorio,PUBLIC DOMAIN,https://www.dvidshub.net/image/638770/support-soldiers-partner-with-national-guard-sling-load-training,"Helicopter sling-load training view with a Humvee suspended or below the aircraft; elevated/airlift context, not a top-down drone view."
dvids_7654673.jpg,7654673,U.S. Marines with 2nd Landing Support Battalion Conduct a Vehicle Recovery Exercise in Fort Drum,2023-02-27,"Fort Drum, New York, United States",7470x4982,Lance Cpl. Mary Torres,PUBLIC DOMAIN,https://www.dvidshub.net/image/7654673/us-marines-with-2nd-landing-support-battalion-conduct-vehicle-recovery-exercise-fort-drum,Humvee recovery scene in mud and snow with front tow/recovery hardware visible; ground-level oblique view.
dvids_8479403.jpg,8479403,Arkansas Guardsmen Perform Vehicle Recovery,2024-06-08,"North Little Rock, Arkansas, United States",2795x2160,Spc. Brandon Carter,PUBLIC DOMAIN,https://www.dvidshub.net/image/8479403/arkansas-guardsmen-perform-vehicle-recovery,"Recovery scene with a partly submerged Humvee and people/rigging; useful condition/context example, ground-level view."
dvids_4085054.jpg,4085054,1st ACB recovery teams get down and dirty during Allied Spirit VIII [Image 1 of 7],01.19.2018,"HOHENFELS, DE Hometown: COPPERAS COVE, TEXAS, US Hometown: FORT HOOD, TEXAS, US Hometown: HARKER HEIGHTS, TEXAS, US Hometown: KILLEEN, TEXAS, US",5799x3866,Photo by Sgt. Gregory Summers,PUBLIC DOMAIN,https://www.dvidshub.net/image/4085054/1st-acb-recovery-teams-get-down-and-dirty-during-allied-spirit-viii,"Visually screened for Humvee/component prominence and usefulness to vehicle-part detection. Search caption: A heavily damaged and stripped military HMMWV (Humvee) sits partially submerged in a frozen, muddy field covered with snow. The vehicle is missing its doors, windshield, and appears to have sustained significant structural damage. In the background, additional military vehicles are visible among bare winter trees."
dvids_6817814.jpg,6817814,MPs support California Highway Patrol at Caldor Fire checkpoints [Image 1 of 10],09.01.2021,"SILVERFORK, CALIFORNIA, US",4361x2907,Photo by Staff Sgt. Crystal Housman,PUBLIC DOMAIN,https://www.dvidshub.net/image/6817814/mps-support-california-highway-patrol-caldor-fire-checkpoints,Visually screened for Humvee/component prominence and usefulness to vehicle-part detection. Search caption: A military-style vehicle (likely a HMMWV/Humvee) travels along a two-lane forested highway toward a large pyrocumulus smoke column rising from an active wildfire in the distant mountains. The scene depicts an emergency response situation with conifer-lined roads typical of a Sierra Nevada or Pacific Northwest forest environment. The contrast between the clear blue sky and the massive white-gray smoke plume underscores the scale of the fire event.
dvids_960678.jpg,960678,Colorado West Fork Fire Complex [Image 1 of 7],06.25.2013,"SOUTH FORK, COLORADO, US",4256x2832,Photo by Tech. Sgt. Wolfram Stumpf,PUBLIC DOMAIN,https://www.dvidshub.net/image/960678/colorado-west-fork-fire-complex,"Visually screened for Humvee/component prominence and usefulness to vehicle-part detection. Search caption: A military-style vehicle, likely a HMMWV (Humvee), bearing a fire department emblem and emergency lights, travels along a two-lane rural highway through a mountainous, forested landscape. The vehicle appears to be a fire department asset, possibly repurposed military equipment used for wildfire response. The hazy atmosphere in the background suggests possible smoke from a nearby wildfire."
dvids_960681.jpg,960681,Colorado West Fork Fire Complex [Image 4 of 7],06.25.2013,"SOUTH FORK, COLORADO, US",4256x2832,Photo by Tech. Sgt. Wolfram Stumpf,PUBLIC DOMAIN,https://www.dvidshub.net/image/960681/colorado-west-fork-fire-complex,"Visually screened for Humvee/component prominence and usefulness to vehicle-part detection. Search caption: A military-style HMMWV (Humvee) painted in olive drab camouflage and marked with fire department insignia is fording a shallow river or stream. The vehicle appears to have been converted or adapted for firefighting use, featuring a red and blue emergency light bar on the roof and fire department emblems on the rear body. The setting is a rural, mountainous area with dense conifer trees and scrubland visible in the background."
dvids_1188285.jpg,1188285,“Island Warriors” train for tactical convoy operations [Image 3 of 3],03.06.2014,"CONVOY LIVE-FIRE EXERCISE RANGE, KR",4368x2912,Photo by Sgt. Anthony Kirby,PUBLIC DOMAIN,https://www.dvidshub.net/image/1188285/island-warriors-train-tactical-convoy-operations,"Visually screened for Humvee/component prominence and usefulness to vehicle-part detection. Search caption: A tan/desert-colored HMMWV (Humvee) military vehicle is positioned on a road or paved surface in a dry, arid training environment. Two soldiers in combat gear are crouched behind the vehicle in tactical positions, while a third individual appears to be in the turret on top. Green human-shaped targets are visible on the hillside in the background, indicating this is a live-fire or tactical training exercise."
dvids_6817815.jpg,6817815,MPs support California Highway Patrol at Caldor Fire checkpoints [Image 2 of 10],09.01.2021,"SOUTH LAKE TAHOE, CALIFORNIA, US",5472x3648,Photo by Staff Sgt. Crystal Housman,PUBLIC DOMAIN,https://www.dvidshub.net/image/6817815/mps-support-california-highway-patrol-caldor-fire-checkpoints,"Visually screened for Humvee/component prominence and usefulness to vehicle-part detection. Search caption: A soldier in MultiCam/OCP camouflage uniform and helmet stands on a road next to a tan military HMMWV (Humvee). The sky appears hazy and smoke-filled, suggesting proximity to a wildfire event. The setting appears to be a residential or semi-urban area lined with tall pine trees, consistent with a Sierra Nevada or similar mountain community."
dvids_7243054.jpg,7243054,Combined Arms Live Fire Exercise [Image 2 of 4],05.22.2022,KW,3648x2432,Photo by Spc. Joshua Bolding,PUBLIC DOMAIN,https://www.dvidshub.net/image/7243054/combined-arms-live-fire-exercise,"Visually screened for Humvee/component prominence and usefulness to vehicle-part detection. Search caption: A military HMMWV (High Mobility Multipurpose Wheeled Vehicle), commonly known as a Humvee, is stationary in a flat, arid desert environment. The vehicle is painted in olive drab/military green and is equipped with two tall radio antennas. In the distant background, at least one additional vehicle is faintly visible through hazy atmospheric conditions."
dvids_7377367.jpg,7377367,NTC Santa Fe [Image 4 of 8],08.04.2022,"FORT RILEY, US",6720x4480,Photo by Pvt. Kenneth Barnet,PUBLIC DOMAIN,https://www.dvidshub.net/image/7377367/ntc-santa-fe,"Visually screened for Humvee/component prominence and usefulness to vehicle-part detection. Search caption: A desert-tan military HMMWV (Humvee) is parked on a gravel surface in what appears to be a desert training or base environment. The vehicle displays the number '9269' on its turret shield and shows heavily cracked/shattered windshields, suggesting use as a training prop or battle-damage simulation vehicle. Arid mountains and military base infrastructure are visible in the background."
dvids_7948784.jpg,7948784,109th MPAD Drivers Training: Day Two [Image 2 of 15],08.01.2023,"FORT INDIANTOWN GAP, PENNSYLVANIA, US",5419x3612,Photo by Spc. Annie Riley,PUBLIC DOMAIN,https://www.dvidshub.net/image/7948784/109th-mpad-drivers-training-day-two,"Visually screened for Humvee/component prominence and usefulness to vehicle-part detection. Search caption: A military HMMWV (High Mobility Multipurpose Wheeled Vehicle), commonly known as a Humvee, is traveling along a gravel road through a forested area. The vehicle is painted in standard woodland camouflage pattern and has its headlights illuminated. Visible markings on the vehicle include 'PAD-9' and '213G' identifiers."
dvids_7948788.jpg,7948788,109th MPAD Drivers Training: Day Two [Image 4 of 15],08.01.2023,"FORT INDIANTOWN GAP, PENNSYLVANIA, US",6142x4094,Photo by Spc. Annie Riley,PUBLIC DOMAIN,https://www.dvidshub.net/image/7948788/109th-mpad-drivers-training-day-two,"Visually screened for Humvee/component prominence and usefulness to vehicle-part detection. Search caption: A military HMMWV (High Mobility Multipurpose Wheeled Vehicle), commonly known as a Humvee, is parked or traveling on a dirt/gravel trail surrounded by a wooded area. The vehicle is painted in olive drab military green and bears unit markings including '213G', '109MPA', and 'PAD-9' on its front panels. The image is a close-up front three-quarter view emphasizing the vehicle's rugged off-road design."
dvids_7948801.jpg,7948801,109th MPAD Drivers Training: Day Two [Image 10 of 15],08.01.2023,,6720x4480,,PUBLIC DOMAIN,https://www.dvidshub.net/image/7948801/109th-mpad-drivers-training-day-two,"Visually screened for Humvee/component prominence and usefulness to vehicle-part detection. Search caption: A military HMMWV (Humvee) in woodland camouflage paint scheme is navigating rough off-road terrain on a gravel and dirt surface. The vehicle appears to be on an incline or uneven ground, with its rear end elevated and one side tilted, suggesting active off-road maneuvering. The setting is a forested area with a gravel road visible in the foreground."
dvids_7948789.jpg,7948789,109th MPAD Drivers Training: Day Two [Image 5 of 15],08.01.2023,,6061x4041,,PUBLIC DOMAIN,https://www.dvidshub.net/image/7948789/109th-mpad-drivers-training-day-two,"Visually screened for Humvee/component prominence and usefulness to vehicle-part detection. Search caption: A military HMMWV (High Mobility Multipurpose Wheeled Vehicle), commonly known as a Humvee, is navigating rough off-road terrain on a gravel and dirt surface. The vehicle is in woodland camouflage paint scheme and appears to be traversing uneven ground, with its suspension articulating visibly. The setting appears to be a military training area or off-road course near a paved road surrounded by forest."
dvids_8600425.jpg,8600425,North Dakota Army National Guard Conducts Wet Gap Crossing Exercise on the Missouri River [Image 6 of 12],08.17.2024,"BISMARCK, NORTH DAKOTA, US",5401x3594,Photo by Staff Sgt. Michaela Granger,PUBLIC DOMAIN,https://www.dvidshub.net/image/8600425/north-dakota-army-national-guard-conducts-wet-gap-crossing-exercise-missouri-river,"Visually screened for Humvee/component prominence and usefulness to vehicle-part detection. Search caption: A military HMMWV (Humvee) is being guided onto a tactical float bridge or pontoon bridge over a body of water, with soldiers directing the vehicle from the bridge surface. A crowd of civilians and military personnel observes and photographs the demonstration from an elevated embankment. This appears to be a military engineering demonstration or public affairs event showcasing bridging capabilities."
dvids_3832312.jpg,3832312,Best Warrior [Image 5 of 5],10.03.2017,"FORT AP HILL, VIRGINIA, US",5376x3840,Photo by Pfc. Eric Cerami,PUBLIC DOMAIN,https://www.dvidshub.net/image/3832312/best-warrior,"Visually screened for Humvee/component prominence and usefulness to vehicle-part detection. Search caption: A military HMMWV (Humvee) is shown from the rear on a gravel road surrounded by trees, with debris scattered across the road surface. A soldier in camouflage uniform carrying a rifle and backpack stands nearby, appearing to review a document or map. The scene appears to depict a simulated IED strike or vehicle incident, likely part of a military training exercise."
dvids_3921801.jpg,3921801,Fort McCoy’s RTS-Maintenance holds first Tracked Vehicle Recovery Course [Image 11 of 73],10.20.2017,"FORT MCCOY, WISCONSIN, US",5472x3648,Photo by Scott Sturkol,PUBLIC DOMAIN,https://www.dvidshub.net/image/3921801/fort-mccoys-rts-maintenance-holds-first-tracked-vehicle-recovery-course,"Visually screened for Humvee/component prominence and usefulness to vehicle-part detection. Search caption: A tan/desert-colored military HMMWV (High Mobility Multipurpose Wheeled Vehicle, commonly known as a Humvee) is parked on open dry grassland terrain. The vehicle appears to be a fully enclosed variant with armored doors and a radio antenna mounted on the roof. The setting appears to be a military training area during autumn, based on the fall foliage visible in the background treeline."
dvids_4113069.jpg,4113069,Minnesota National Guard supports Super Bowl 52 [Image 6 of 7],01.31.2018,"MINNEAPOLIS, MINNESOTA, US",4912x7360,Photo by Sgt. Luther Talks,PUBLIC DOMAIN,https://www.dvidshub.net/image/4113069/minnesota-national-guard-supports-super-bowl-52,"Visually screened for Humvee/component prominence and usefulness to vehicle-part detection. Search caption: A military HMMWV (Humvee) marked '1-94 CAV' is parked in front of US Bank Stadium in Minneapolis, Minnesota, during winter conditions with snow on the ground. The vehicle appears to be part of a security deployment, likely associated with a major NFL event given the Super Bowl LII branding banners visible on the stadium. The distinctive angular glass facade of US Bank Stadium dominates the background."
dvids_4694427.jpg,4694427,I Marine Expeditionary Force Support Battalion Field Exercise [Image 10 of 10],08.14.2018,"CAMP PENDLETON, CALIFORNIA, US",3497x2331,Photo by Lance Cpl. Dalton Swanbeck,PUBLIC DOMAIN,https://www.dvidshub.net/image/4694427/marine-expeditionary-force-support-battalion-field-exercise,"Visually screened for Humvee/component prominence and usefulness to vehicle-part detection. Search caption: A tan/desert-colored military HMMWV (High Mobility Multipurpose Wheeled Vehicle), commonly known as a Humvee, is driving along a dirt road at sunset or sunrise. The vehicle is equipped with an armored turret on top and appears to be kicking up dust as it moves through an arid, desert-like terrain. The dramatic golden-orange sky provides strong backlighting, creating a striking silhouette effect."
dvids_5493174.jpg,5493174,CSTX 78-19-02 Combat Support Training Exercise [Image 1 of 3],06.14.2019,US,6619x4062,Photo by Staff Sgt. Benjamin D Applebaum,PUBLIC DOMAIN,https://www.dvidshub.net/image/5493174/cstx-78-19-02-combat-support-training-exercise,"Visually screened for Humvee/component prominence and usefulness to vehicle-part detection. Search caption: A tan/desert-colored military HMMWV (High Mobility Multipurpose Wheeled Vehicle, commonly known as a Humvee) is parked on a grassy field under a dramatically overcast sky. The vehicle appears to be a hardtop armored variant with visible radio antennas and bolt-on armor plating. The low-angle wide shot emphasizes the vehicle's imposing size against the stormy cloud backdrop."
dvids_5519143.jpg,5519143,Driving Class [Image 12 of 17],06.19.2019,"JOINT BASE MCGUIRE-DIX LAKEHURST, NEW JERSEY, US",5616x3744,Photo by Pvt. Onglique Fox,PUBLIC DOMAIN,https://www.dvidshub.net/image/5519143/driving-class,"Visually screened for Humvee/component prominence and usefulness to vehicle-part detection. Search caption: A military HMMWV (Humvee) in woodland camouflage pattern is driving through a flooded or wet road, splashing water in all directions. The vehicle bears visible unit markings and identification numbers. A second military vehicle is partially visible behind it, and the setting appears to be a forested training area during or after rainfall."
dvids_6613355.jpg,6613355,NY National Guard Soldiers Support the Guardian Response Exercise 2021 in Indiana [Image 3 of 22],04.19.2021,"NINEVEH, INDIANA, US",6000x4000,Photo by Sgt. Sebastian Rothwyn,PUBLIC DOMAIN,https://www.dvidshub.net/image/6613355/ny-national-guard-soldiers-support-guardian-response-exercise-2021-indiana,"Visually screened for Humvee/component prominence and usefulness to vehicle-part detection. Search caption: A soldier in MultiCam/OCP camouflage uniform is directing or signaling toward a HMMWV (Humvee) in a field military encampment. The scene appears to be a field training exercise or forward operating base setup, with military tents, equipment trailers, and communication assets visible in the background. The setting is an open grassy area under partly cloudy skies during daytime."
dvids_7392935.jpg,7392935,10th Mountain Division Soldiers Compete in HMMWV Circuit [Image 4 of 5],08.29.2022,"FORT DRUM, NEW YORK, US",5472x3648,Photo by Pfc. Kade Bowers,PUBLIC DOMAIN,https://www.dvidshub.net/image/7392935/10th-mountain-division-soldiers-compete-hmmwv-circuit,"Visually screened for Humvee/component prominence and usefulness to vehicle-part detection. Search caption: A military HMMWV (Humvee) in tan/desert camouflage is navigating a marked course on a paved surface, with a soldier in OCP (Operational Camouflage Pattern) uniform observing from the right side. The vehicle appears to be participating in a driver training or vehicle qualification exercise, indicated by the orange traffic cone and white boundary tape on the ground. The setting appears to be a military installation training area, bordered by a chain-link fence and tree line."
dvids_7392934.jpg,7392934,10th Mountain Division Soldiers Compete in HMMWV Circuit [Image 3 of 5],08.29.2022,,5102x3458,,PUBLIC DOMAIN,https://www.dvidshub.net/image/7392934/10th-mountain-division-soldiers-compete-hmmwv-circuit,"Visually screened for Humvee/component prominence and usefulness to vehicle-part detection. Search caption: A tan/desert-colored U.S. Army HMMWV (Humvee) is traveling along a paved rural road surrounded by dense green vegetation. The vehicle displays unit markings including a diamond-shaped tactical symbol on the turret box and appears to have a gunner position on top. The image was taken from the rear of the vehicle, showing its spare tire mount and radio antennas."
dvids_7981102.jpg,7981102,Rough Terrain Driving Course [Image 3 of 7],08.19.2023,"FORT MCCOY, WISCONSIN, US",6464x4309,Photo by Spc. Addison Shinn,PUBLIC DOMAIN,https://www.dvidshub.net/image/7981102/rough-terrain-driving-course,"Visually screened for Humvee/component prominence and usefulness to vehicle-part detection. Search caption: A tan/desert-colored military HMMWV (High Mobility Multipurpose Wheeled Vehicle, commonly known as a Humvee) is positioned on rocky terrain surrounded by wild vegetation and trees. The vehicle appears to be stationary in an outdoor field or training environment during daylight hours. Two long radio antennas are visible extending from the rear of the vehicle."
dvids_8410146.jpg,8410146,60th AMW refines capabilities during rapid deployment exercise [Image 4 of 11],05.14.2024,"TRAVIS AIT FORCE BASE, CALIFORNIA, US",7934x5289,Photo by Randall Couch,PUBLIC DOMAIN,https://www.dvidshub.net/image/8410146/60th-amw-refines-capabilities-during-rapid-deployment-exercise,"Visually screened for Humvee/component prominence and usefulness to vehicle-part detection. Search caption: A front-facing view of a tan/desert-colored military HMMWV (High Mobility Multipurpose Wheeled Vehicle), commonly known as a Humvee. The vehicle is parked on a paved surface, likely at a military installation or staging area, photographed during golden hour lighting. It features desert camouflage paint, a roof rack, front brush guard, and a winch mounted on the front bumper."
dvids_8533045.jpg,8533045,Beverly Sentinel 24-2: 8th Security Forces Squadron prepares to defend the base [Image 12 of 12],07.15.2024,KR,3190x2552,Photo by Staff Sgt. Nicholas Ross,PUBLIC DOMAIN,https://www.dvidshub.net/image/8533045/beverly-sentinel-24-2-8th-security-forces-squadron-prepares-defend-base,"Visually screened for Humvee/component prominence and usefulness to vehicle-part detection. Search caption: A tan/desert-colored military HMMWV (High Mobility Multipurpose Wheeled Vehicle), commonly known as a Humvee, is photographed head-on while traversing wet, muddy terrain. The vehicle is equipped with a roof-mounted weapon system or sensor device and a front-mounted winch with a hook. The setting appears to be a military installation or training area with trees visible in the background."
dvids_9165187.jpg,9165187,"Soldier Drives Damaged Humvee After Rocket Attack, as Son is Born Back Home [Image 2 of 2]",09.09.2006,(UNDISCLOSED LOCATION),1600x1956,,PUBLIC DOMAIN,https://www.dvidshub.net/image/9165187/soldier-drives-damaged-humvee-after-rocket-attack-son-born-back-home,"Visually screened for Humvee/component prominence and usefulness to vehicle-part detection. Search caption: Soldier Drives Damaged Humvee After Rocket Attack, as Son is Born Back Home"
dvids_9849839.jpg,9849839,"MILITARY police vehicle mounted patrol, wooded area, at WAREX [Image 4 of 5]",08.02.2026,"FORT MCCOY, WISCONSIN, US",6720x4480,Photo by Spc. Justin Palacios,PUBLIC DOMAIN,https://www.dvidshub.net/image/9849839/military-police-vehicle-mounted-patrol-wooded-area-warex,"Visually screened for Humvee/component prominence and usefulness to vehicle-part detection. Search caption: A military HMMWV (High Mobility Multipurpose Wheeled Vehicle), commonly known as a Humvee, is photographed on a dirt trail surrounded by dense yellow-green smoke, likely from a smoke grenade used in a training exercise. The vehicle appears to be tan/desert-colored and is equipped with a roof-mounted weapon system or turret. The scene suggests a military field training exercise conducted in a wooded or vegetated environment."
dvids_9854869.jpg,9854869,U.S. Army Soldiers conduct training with a HMMWV equipped with an M240B machine gun [Image 1 of 7],08.01.2026,"FORT MCCOY, WISCONSIN, US",6224x4149,Photo by Pvt. Sierra Morgan,PUBLIC DOMAIN,https://www.dvidshub.net/image/9854869/us-army-soldiers-conduct-training-with-hmmwv-equipped-with-m240b-machine-gun,"Visually screened for Humvee/component prominence and usefulness to vehicle-part detection. Search caption: A tan/desert-colored military HMMWV (High Mobility Multipurpose Wheeled Vehicle), commonly known as a Humvee, is parked on a paved surface in what appears to be a military installation or training area. The vehicle is equipped with an armored body kit and a crew-served weapon mounted on the roof turret. The setting includes green trees, grass, and communication poles in the background under an overcast sky."
dvids_19797.jpg,19797,Incident Response Platoon [Image 197 of 200],03.17.2006,"AL ASAD, IQ",2544x1696,,PUBLIC DOMAIN,https://www.dvidshub.net/image/19797/incident-response-platoon,"Visually screened for Humvee/component prominence and usefulness to vehicle-part detection. Search caption: A military HMMWV (Humvee) is positioned in an arid, desert terrain at dusk or dawn with a dramatic cloudy sky in the background. At least one soldier is visible in the turret position atop the vehicle, which is equipped with a mounted weapon system and radio antennas. A small flag is visible on one of the antennas mounted to the rear of the vehicle."
dvids_4243142.jpg,4243142,CSTX Fort Knox 2018 [Image 8 of 16],03.22.2018,"FORT KNOX, KENTUCKY, US",5277x3518,Photo by Sgt. 1st Class Sean Foley,PUBLIC DOMAIN,https://www.dvidshub.net/image/4243142/cstx-fort-knox-2018,"Visually screened for Humvee/component prominence and usefulness to vehicle-part detection. Search caption: A low-angle front view of a military HMMWV (Humvee) photographed on a gravel surface. The vehicle displays military markings including the identifier 'HF 231' and serial number '335 982D', along with a star emblem on the grille. Steel tow cables or winch lines are visibly attached to the front bumper recovery points."
dvids_4389530.jpg,4389530,Marines with MWSS-271 Conduct An Aircraft Recovery Convoy During ITX 3-18 [Image 7 of 19],05.09.2018,"MCAGCC TWENTYNINE PALMS, CALIFORNIA, US",5184x3456,Photo by Cpl. Koby Saunders,PUBLIC DOMAIN,https://www.dvidshub.net/image/4389530/marines-with-mwss-271-conduct-aircraft-recovery-convoy-during-itx-3-18,"Visually screened for Humvee/component prominence and usefulness to vehicle-part detection. Search caption: A tan/desert-colored military HMMWV (Humvee) is positioned in an arid desert landscape with rocky terrain in the foreground. The vehicle appears to have a mounted antenna or communication system on its roof, and white smoke or exhaust is visible on the right side of the vehicle. The setting features a wide open desert plain with distant mountain ranges under a partly cloudy blue sky."
dvids_4554634.jpg,4554634,128 ARW Security Forces Airmen Train in Alaska [Image 1 of 2],07.12.2018,"JOINT BASE ELMENDORF-RICHARDSON, ALASKA, US",4421x3158,Photo by Staff Sgt. Morgan Whitehouse,PUBLIC DOMAIN,https://www.dvidshub.net/image/4554634/128-arw-security-forces-airmen-train-alaska,Visually screened for Humvee/component prominence and usefulness to vehicle-part detection. Search caption: An aerial/elevated view of a tan/desert-colored military HMMWV (Humvee) parked on a gravel surface near a forested area. A soldier in military uniform and helmet is visible standing up through the turret hatch on top of the vehicle. The vehicle appears to be equipped with communications antennas and a roof-mounted turret ring.
dvids_4578951.jpg,4578951,Preparing for the Jump TOC [Image 24 of 38],07.21.2018,"FORT HUNTER LIGGETT, CALIFORNIA, US",4886x3276,Photo by Master Sgt. Michel Sauret,PUBLIC DOMAIN,https://www.dvidshub.net/image/4578951/preparing-jump-toc,"Visually screened for Humvee/component prominence and usefulness to vehicle-part detection. Search caption: A military HMMWV (Humvee) is parked in a dry, open grassland field during a dramatic sunset. The vehicle displays unit markings including '11TH MP BDE' and 'HHC 04', indicating it belongs to the 11th Military Police Brigade. Crepuscular rays burst through clouds behind the vehicle, creating a striking visual composition."
dvids_4701210.jpg,4701210,Helocast Training [Image 9 of 9],08.29.2018,,4928x3280,,PUBLIC DOMAIN,https://www.dvidshub.net/image/4701210/helocast-training,"Visually screened for Humvee/component prominence and usefulness to vehicle-part detection. Search caption: A military HMMWV (Humvee) is parked on a sandy beach with ocean waves visible to the left and a mountainous, tree-lined coastline in the background. The vehicle appears to be in an operational configuration with radio antennas mounted and is positioned on what appears to be a tropical beach, likely in Hawaii based on the distinctive mountain ridgeline. The scene suggests a military training or patrol exercise in a coastal environment."
dvids_52318.jpg,52318,Soldiers Learn Methods to Save Trapped Troops [Image 5 of 5],07.26.2007,"BAGHDAD, IQ",2464x1632,Photo by Spc. Stephanie Homan,PUBLIC DOMAIN,https://www.dvidshub.net/image/52318/soldiers-learn-methods-save-trapped-troops,"Visually screened for Humvee/component prominence and usefulness to vehicle-part detection. Search caption: The image shows a heavily damaged U.S. military HMMWV (Humvee) in a desert environment, likely a military base or vehicle graveyard. The vehicle displays extensive battle damage including bullet holes, shattered glass, and structural deformation, with dust or debris visible around the rear. Additional military vehicles including what appear to be trucks and armored vehicles are visible in the background."
dvids_6269551.jpg,6269551,Field training keeps MRF-D Marines lethal [Image 3 of 28],07.08.2020,"NORTHERN TERRITORY, AU",3203x4805,Photo by Lance Cpl. Natalie Greenwood,PUBLIC DOMAIN,https://www.dvidshub.net/image/6269551/field-training-keeps-mrf-d-marines-lethal,"Visually screened for Humvee/component prominence and usefulness to vehicle-part detection. Search caption: A tan/desert-colored military HMMWV (Humvee) is parked facing forward on a red dirt road surrounded by sparse Australian-style eucalyptus and tropical vegetation. The vehicle features an elevated turret or observation cupola on the roof and has its headlights on. The setting appears to be a remote, arid-to-semi-arid environment with red laterite soil characteristic of northern Australia."
dvids_6269556.jpg,6269556,Field training keeps MRF-D Marines lethal [Image 6 of 28],07.08.2020,,5760x3840,,PUBLIC DOMAIN,https://www.dvidshub.net/image/6269556/field-training-keeps-mrf-d-marines-lethal,"Visually screened for Humvee/component prominence and usefulness to vehicle-part detection. Search caption: A tan/desert-colored military HMMWV (Humvee) is parked on red dirt terrain surrounded by sparse eucalyptus-type trees, suggesting an Australian environment. The vehicle appears to be an armored variant with a turret ring on top, where a soldier wearing a camouflage hat is partially visible. The setting and vegetation are consistent with the Northern Territory of Australia."
dvids_6272518.jpg,6272518,The Little Engine That Could [Image 3 of 4],06.30.2020,"SETERMOEN, NO",5184x3456,Photo by Lance Cpl. Skylar Harris,PUBLIC DOMAIN,https://www.dvidshub.net/image/6272518/little-engine-could,Visually screened for Humvee/component prominence and usefulness to vehicle-part detection. Search caption: A U.S. Marine in woodland MARPAT camouflage uniform observes a military HMMWV (Humvee) navigating a muddy off-road terrain course through a forested area. The vehicle's headlights are illuminated as it traverses through a water and mud obstacle. At least one additional military vehicle is visible in the background on the dirt trail.
dvids_6274517.jpg,6274517,178th SFS activated to support local law enforcement during protests [Image 9 of 11],06.06.2020,"COLUMBUS, OHIO, US",4578x3047,Photo by Staff Sgt. Amber Mullen-Schweitzer,PUBLIC DOMAIN,https://www.dvidshub.net/image/6274517/178th-sfs-activated-support-local-law-enforcement-during-protests,"Visually screened for Humvee/component prominence and usefulness to vehicle-part detection. Search caption: A tan/desert-colored military HMMWV (Humvee) is parked on a city street at night with an urban skyline visible in the background. Bank signage including Chase and PNC are visible on skyscrapers, suggesting a major U.S. city downtown area. At least one person in military or law enforcement attire is visible near the vehicle."
dvids_6299552.jpg,6299552,824th BDS stays ready to fight at night [Image 1 of 9],08.05.2020,"MOODY AIR FORCE BASE, GEORGIA, US",4516x3011,Photo by Capt. Faith Hirschmann,PUBLIC DOMAIN,https://www.dvidshub.net/image/6299552/824th-bds-stays-ready-fight-night,"Visually screened for Humvee/component prominence and usefulness to vehicle-part detection. Search caption: A military HMMWV (Humvee) is traveling at speed along a narrow dirt trail through a rural, wooded area. A soldier is visible standing up through the turret hatch on top of the vehicle. Dust is being kicked up behind the vehicle, suggesting it is moving at a moderate to high speed."
dvids_6380095.jpg,6380095,Ohio National Guard augments security for Cleveland presidential debate [Image 5 of 5],09.29.2020,"CLEVELAND, OHIO, US",5472x3648,Photo by Sgt. 1st Class Chad Menegay,PUBLIC DOMAIN,https://www.dvidshub.net/image/6380095/ohio-national-guard-augments-security-cleveland-presidential-debate,"Visually screened for Humvee/component prominence and usefulness to vehicle-part detection. Search caption: A military HMMWV (Humvee) in woodland camouflage pattern is parked on a gravel lot in the foreground. In the background, FirstEnergy Stadium — home of the Cleveland Browns NFL team — is clearly visible with its distinctive circular architecture. The scene appears to depict a military presence or exercise near a major civilian sports venue."
dvids_6736986.jpg,6736986,Validation Exercise [Image 10 of 15],04.22.2021,KW,6720x4480,Photo by Cpl. Kyle Burks,PUBLIC DOMAIN,https://www.dvidshub.net/image/6736986/validation-exercise,"Visually screened for Humvee/component prominence and usefulness to vehicle-part detection. Search caption: A single desert-tan military HMMWV (Humvee) is stationary in an arid, flat desert landscape, viewed from the rear. The vehicle is positioned just beyond a paved road or dark surface marking that runs horizontally across the frame. Sand dunes are faintly visible on the horizon under a hazy, overcast sky."
dvids_8000021.jpg,8000021,CT's 250th Engineer Company Builds Improved Ribbon Bridge during Annual Training [Image 17 of 21],08.11.2023,,6720x4480,,PUBLIC DOMAIN,https://www.dvidshub.net/image/8000021/cts-250th-engineer-company-builds-improved-ribbon-bridge-during-annual-training,Visually screened for Humvee/component prominence and usefulness to vehicle-part detection. Search caption: A military HMMWV (Humvee) in woodland camouflage paint scheme is positioned on a dirt/gravel path adjacent to a paved two-lane road. The vehicle's headlights are illuminated and it appears to be near a body of water or flooded area visible in the background. Additional military vehicles are faintly visible further down the road.
dvids_8047642.jpg,8047642,"38th Infantry Division soldiers hone rail, air loading skills [Image 10 of 11]",09.27.2023,,3000x2000,,PUBLIC DOMAIN,https://www.dvidshub.net/image/8047642/38th-infantry-division-soldiers-hone-rail-air-loading-skills,"Visually screened for Humvee/component prominence and usefulness to vehicle-part detection. Search caption: Two soldiers in U.S. Army OCP (Operational Camouflage Pattern) uniforms are conducting what appears to be a vehicle inspection or measurement activity next to a tan/desert-colored HMMWV (Humvee). One soldier is crouching near the front tire holding a measuring tape, while the other is standing and recording data on a tablet or smartphone. The setting appears to be a military motor pool or staging area on a paved/gravel surface."
dvids_8047645.jpg,8047645,"38th Infantry Division soldiers hone rail, air loading skills [Image 11 of 11]",09.27.2023,,3000x2000,,PUBLIC DOMAIN,https://www.dvidshub.net/image/8047645/38th-infantry-division-soldiers-hone-rail-air-loading-skills,"Visually screened for Humvee/component prominence and usefulness to vehicle-part detection. Search caption: A U.S. Army soldier in MultiCam/OCP camouflage uniform is crouching beside a tan/desert-colored HMMWV (Humvee) military vehicle on a paved surface. The soldier appears to be conducting a measurement using a yellow tape measure along the base of the vehicle. This appears to be a vehicle inspection, load planning, or pre-deployment equipment check activity."
dvids_7881483.jpg,7881483,"EODMU-5, HSC-25 Conduct Fast-Rope Training [Image 6 of 57]",06.22.2023,,4128x2757,,PUBLIC DOMAIN,https://www.dvidshub.net/image/7881483/eodmu-5-hsc-25-conduct-fast-rope-training,"Visually screened for Humvee/component prominence and usefulness to vehicle-part detection. Search caption: A military HMMWV (Humvee) painted in olive drab green is traveling along a dirt trail toward the camera, with a second military vehicle visible behind it. Two occupants are visible through the windshield, and the vehicle is equipped with what appears to be a communications or sensor array mounted on the roof. A blue lens flare artifact is visible across the front of the vehicle from the headlights."
dvids_6119664.jpg,6119664,St. Barbara's Day: Trebuchet's and Matinee [Image 6 of 10],02.27.2020,,5869x3913,,PUBLIC DOMAIN,https://www.dvidshub.net/image/6119664/st-barbaras-day-trebuchets-and-matinee,"Visually screened for Humvee/component prominence and usefulness to vehicle-part detection. Search caption: Military personnel in combat uniforms are pushing a tan/desert-colored HMMWV (Humvee) across a grass field during what appears to be a physical training or competition exercise. The vehicle bears markings consistent with U.S. Marine Corps unit identification. The scene takes place outdoors under a partly cloudy sky with mountainous terrain visible in the background, suggesting a tropical or Pacific location."
dvids_6019605.jpg,6019605,Airmen Learn and Exercise Tactical Vehicle Skills [Image 20 of 39],12.09.2019,,8256x5504,,PUBLIC DOMAIN,https://www.dvidshub.net/image/6019605/airmen-learn-and-exercise-tactical-vehicle-skills,Visually screened for Humvee/component prominence and usefulness to vehicle-part detection. Search caption: A military-style Humvee navigates a muddy forest trail with its headlights illuminated. Two individuals in camouflage/tactical clothing are visible — one standing on an elevated dirt mound in the foreground and another near the vehicle in the background. The scene appears to depict a military or tactical training exercise in a dense woodland environment.
dvids_6253129.jpg,6253129,Ashore Thing | Marines with CLR-3 display ship-to-shore capabilities [Image 2 of 7],06.25.2020,"NAHA, OKINAWA, JP Hometown: BUCHAREST, RO",4693x3129,Photo by Cpl. Ryan Harvey,PUBLIC DOMAIN,https://www.dvidshub.net/image/6253129/ashore-thing-marines-with-clr-3-display-ship-shore-capabilities,"Visually screened for Humvee/component prominence and usefulness to vehicle-part detection. Search caption: A military HMMWV (Humvee) in olive drab camouflage is driving off a landing craft ramp into shallow coastal water, with water splashing around all four wheels. A service member is visible inside the vehicle. The background shows a harbor facility with buildings, docks with yellow barriers, and an inflatable boat, suggesting an amphibious landing or offload exercise."
dvids_490588.jpg,490588,Recovery operations demand creativity [Image 1 of 4],11.16.2011,"TWENTYNINE PALMS, CALIFORNIA, US",3264x4928,Photo by Lance Cpl. Mark Stroud,PUBLIC DOMAIN,https://www.dvidshub.net/image/490588/recovery-operations-demand-creativity,"Visually screened for Humvee/component prominence and usefulness to vehicle-part detection. Search caption: Two military personnel in desert camouflage uniforms are standing atop a heavily damaged HMMWV (Humvee) in an arid desert environment, working to attach crane rigging hooks to the vehicle for recovery. A military crane boom extends from a recovery vehicle positioned to the right, with chains and rigging hardware already secured to the wrecked Humvee. The scene depicts a vehicle recovery operation in what appears to be a desert training or operational environment."
dvids_8480273.jpg,8480273,"MRF-D 24.3 Marines, ADF conduct amphibious ship-to-shore operations from HMAS Adelaide [Image 18 of 21]",06.16.2024,,9504x6336,,PUBLIC DOMAIN,https://www.dvidshub.net/image/8480273/mrf-d-243-marines-adf-conduct-amphibious-ship-shore-operations-hmas-adelaide,"Visually screened for Humvee/component prominence and usefulness to vehicle-part detection. Search caption: A military HMMWV (Humvee) in woodland camouflage pattern is positioned on a temporary matting surface at a beach landing zone. The vehicle is equipped with an elevated turret or sensor/weapon station mounted on its roof. The setting appears to be a coastal amphibious operation or exercise, with calm blue water and distant mountains visible in the background."
dvids_5883514.jpg,5883514,109th Airlift Wing responds to Herkimer flooding [Image 3 of 4],11.02.2019,,2200x1600,,PUBLIC DOMAIN,https://www.dvidshub.net/image/5883514/109th-airlift-wing-responds-herkimer-flooding,"Visually screened for Humvee/component prominence and usefulness to vehicle-part detection. Search caption: A military HMMWV (Humvee) is being driven at night on a paved road within what appears to be a military installation or base. Two soldiers wearing helmets are visible inside the vehicle, which is painted in camouflage colors and equipped with a radio antenna. Additional military vehicles with headlights on are visible in the background."
dvids_6885031.jpg,6885031,106th Rescue Wing conducts driver training [Image 2 of 5],07.09.2021,,1360x1017,,PUBLIC DOMAIN,https://www.dvidshub.net/image/6885031/106th-rescue-wing-conducts-driver-training,"Visually screened for Humvee/component prominence and usefulness to vehicle-part detection. Search caption: Two military-style Humvee vehicles are traveling along a sandy coastal trail between vegetated sand dunes. The track shows heavy tire ruts from repeated vehicle use, and a low wooden snow/sand fence lines both sides of the path. The ocean is visible in the background under a partly cloudy sky."
dvids_9814727.jpg,9814727,Illinois Army National Guard Helps North Riverside (IL) Celebrate 250 Years of Freedom [Image 11 of 14],07.04.2026,"NORTH RIVERSIDE, ILLINOIS, US",3562x2797,Photo by Lt. Col. Bradford Leighton,PUBLIC DOMAIN,https://www.dvidshub.net/image/9814727/illinois-army-national-guard-helps-north-riverside-il-celebrate-250-years-freedom,"Visually screened for Humvee/component prominence and usefulness to vehicle-part detection. Search caption: A military HMMWV (Humvee) in multi-tone camouflage paint is traveling on a paved road. A soldier in camouflage uniform and sunglasses is visible in the passenger seat, waving toward the camera. The vehicle appears to be participating in a public event or parade, given the presence of civilians visible in the background."
dvids_5178771.jpg,5178771,"Cobra Gold 2019: U.S. Marines, Royal Thai conduct live-fire exercise [Image 9 of 9]",02.20.2019,,5760x3840,,PUBLIC DOMAIN,https://www.dvidshub.net/image/5178771/cobra-gold-2019-us-marines-royal-thai-conduct-live-fire-exercise,"Visually screened for Humvee/component prominence and usefulness to vehicle-part detection. Search caption: A military tactical vehicle, consistent with a Humvee (HMMWV), is positioned on a grassy hillside in what appears to be a training or operational environment. A second military vehicle is visible in the background on the hilltop ridge. The terrain features rolling green hills with sparse vegetation, backed by a mountainous, forested landscape under hazy atmospheric conditions."
dvids_6607926.jpg,6607926,165th AW Continues Large-Scale Readiness Exercise [Image 5 of 9],04.17.2021,"GARDEN CITY, GEORGIA, US",6016x4016,Photo by Senior Airman Krystal Simmons,PUBLIC DOMAIN,https://www.dvidshub.net/image/6607926/165th-aw-continues-large-scale-readiness-exercise,"Visually screened for Humvee/component prominence and usefulness to vehicle-part detection. Search caption: A front-facing view of a military HMMWV (Humvee) painted in olive drab green, with a soldier in combat helmet visible through the windshield on the driver's side. A bright green placard reading 'LRE PLAY VEHICLE' is attached to the left side of the windshield interior, indicating this vehicle is designated for a training exercise. The vehicle displays a black star emblem on the hood and the number '10' on the windshield frame."
dvids_5213042.jpg,5213042,Soldiers perform services and maintenance on equipment [Image 3 of 5],03.25.2019,"NOVO SELO, BG",600x900,Photo by Staff Sgt. True Thao,PUBLIC DOMAIN,https://www.dvidshub.net/image/5213042/soldiers-perform-services-and-maintenance-equipment,"Visually screened for Humvee/component prominence and usefulness to vehicle-part detection. Search caption: A desert tan military HMMWV (Humvee) is suspended by chains attached to an orange ABUS overhead crane inside a maintenance facility. The vehicle is being lifted for repair or inspection, with chains hooked to the front tie-down points. The setting appears to be a well-equipped military vehicle maintenance bay."
dvids_6271158.jpg,6271158,Just Another Day with Truck Co. [Image 17 of 18],06.24.2020,"CAMP PENDLETON, CALIFORNIA, US",4480x6720,Photo by Sgt. Miguel Rosales,PUBLIC DOMAIN,https://www.dvidshub.net/image/6271158/just-another-day-with-truck-co,"Visually screened for Humvee/component prominence and usefulness to vehicle-part detection. Search caption: Two military personnel in uniform are performing maintenance on the front wheel/tire of a military HMMWV (Humvee), identifiable by the marking 'HOMT' on the front bumper. Both individuals are crouched low near the front passenger-side wheel well, working collaboratively on the vehicle. A pneumatic impact wrench with air hose is visible in the foreground on the pavement."
dvids_7517619.jpg,7517619,Motorpool Monday: Preparing for the Mission [Image 1 of 6],11.15.2022,"FORT BRAGG, NORTH CAROLINA, US",4480x6720,Photo by Spc. Osvaldo Fuentes,PUBLIC DOMAIN,https://www.dvidshub.net/image/7517619/motorpool-monday-preparing-mission,"Visually screened for Humvee/component prominence and usefulness to vehicle-part detection. Search caption: A U.S. Army soldier wearing OCP (Operational Camouflage Pattern) uniform is crouched down inspecting the rear tire of a military HMMWV (Humvee). The soldier's name tape reads 'BREWER' and displays an Airborne patch on the left shoulder, along with a unit patch. The image appears to document a pre-combat or pre-mission vehicle inspection."
dvids_7908378.jpg,7908378,2023 Army National Guard Best Warrior Competition [Image 4 of 8],07.11.2023,"JOINT BASE ELMENDORF-RICHARDSON, ALASKA, US",6048x4024,Photo by Master Sgt. David Eichaker,PUBLIC DOMAIN,https://www.dvidshub.net/image/7908378/2023-army-national-guard-best-warrior-competition,"Visually screened for Humvee/component prominence and usefulness to vehicle-part detection. Search caption: A U.S. Army soldier in MultiCam/OCP camouflage uniform is performing a tire change on a military HMMWV (Humvee) vehicle in a forested outdoor training environment. The soldier appears physically exerted, with a dirty/sweaty face, suggesting this is part of a timed or physically demanding exercise. Visible unit patches indicate affiliation with the National Guard."
dvids_3874404.jpg,3874404,Tire repair [Image 5 of 6],10.18.2017,"OKINAWA, JP",3648x2432,Photo by Capt. Adan Cazarez,PUBLIC DOMAIN,https://www.dvidshub.net/image/3874404/tire-repair,"Visually screened for Humvee/component prominence and usefulness to vehicle-part detection. Search caption: A young military mechanic in U.S. Army camouflage (ACU) pants is performing maintenance on a military vehicle, identified by the marking 'A 210' on its hood. The vehicle appears to be a HMMWV (Humvee) with its front wheel assembly removed, exposing the suspension, CV axle, and steering components. The work is taking place inside a military motor pool or maintenance bay."
dvids_6434352.jpg,6434352,Spare [Image 11 of 14],11.23.2020,"JBLM, WASHINGTON, US",3648x5472,Photo by Pfc. Dean Johnson,PUBLIC DOMAIN,https://www.dvidshub.net/image/6434352/spare,"Visually screened for Humvee/component prominence and usefulness to vehicle-part detection. Search caption: A soldier in camouflage uniform is using a lug wrench to work on the wheel of a military vehicle, likely a HMMWV (Humvee). The individual appears focused on the task, performing what appears to be a tire change or wheel maintenance. The setting appears to be an outdoor military training or operational area."
dvids_6954061.jpg,6954061,Jump SOC preparations [Image 6 of 6],11.23.2021,"CAMP ARIFJAN, KW Hometown: CONROE, TEXAS, US",5472x3648,Photo by Sgt. 1st Class Mary Katzenberger,PUBLIC DOMAIN,https://www.dvidshub.net/image/6954061/jump-soc-preparations,Visually screened for Humvee/component prominence and usefulness to vehicle-part detection. Search caption: A soldier in military camouflage (OCP/MultiCam pattern) is performing maintenance on a large military vehicle tire using a red electric impact wrench. The individual is working on the lug nuts of what appears to be a HMMWV (Humvee) or similar military tactical vehicle. The work is taking place in what appears to be a forward operating base or maintenance area indicated by the tent structure visible in the background.
dvids_7377077.jpg,7377077,Checking Air Pressure [Image 1 of 6],08.17.2022,"FORT MCCOY, WISCONSIN, US",6720x4480,Photo by Pfc. Trevor Seiler,PUBLIC DOMAIN,https://www.dvidshub.net/image/7377077/checking-air-pressure,"Visually screened for Humvee/component prominence and usefulness to vehicle-part detection. Search caption: A military service member in camouflage uniform is performing maintenance on a large military vehicle tire. The individual is crouching down and working on the wheel hub, inspecting or tightening the lug nuts on what appears to be a HMMWV (Humvee) or similar tactical military vehicle. The work is taking place in what appears to be a maintenance bay or garage facility."
dvids_7024904.jpg,7024904,1TSC Soldiers Conduct Vehicle Recovery Training [Image 2 of 9],01.27.2022,"FORT KNOX, KENTUCKY, US",5472x3648,Photo by Sgt. Jimmie Baker,PUBLIC DOMAIN,https://www.dvidshub.net/image/7024904/1tsc-soldiers-conduct-vehicle-recovery-training,"Visually screened for Humvee/component prominence and usefulness to vehicle-part detection. Search caption: A soldier in OCP (Operational Camouflage Pattern) uniform is performing maintenance work on a military HMMWV (Humvee), kneeling on the ground and working near the front wheel area. The vehicle is marked 'TSG 46' on the hood and is tan/desert-colored. The setting appears to be an indoor motor pool or large warehouse facility."
dvids_7457084.jpg,7457084,NMCB-14 Conducts RTP-3 [Image 4 of 15],06.09.2022,"GULFPORT, MISSISSIPPI, US",8256x5504,Photo by Petty Officer 1st Class Nathan Burke,PUBLIC DOMAIN,https://www.dvidshub.net/image/7457084/nmcb-14-conducts-rtp-3,"Visually screened for Humvee/component prominence and usefulness to vehicle-part detection. Search caption: A military service member wearing Navy digital camouflage (NWU Type III) and a white hard hat is performing maintenance or inspection on the engine of a military vehicle, likely a HMMWV (Humvee). The individual is leaning over the open hood, examining or working on engine components. The setting appears to be an outdoor military installation or field environment."
dvids_7457094.jpg,7457094,NMCB-14 Conducts RTP-3 [Image 14 of 15],06.09.2022,"GULFPORT, MISSISSIPPI, US",8256x5504,Photo by Petty Officer 1st Class Nathan Burke,PUBLIC DOMAIN,https://www.dvidshub.net/image/7457094/nmcb-14-conducts-rtp-3,"Visually screened for Humvee/component prominence and usefulness to vehicle-part detection. Search caption: A U.S. Navy Seabee in digital camouflage uniform is performing maintenance or inspection work on the front bumper/winch area of a military olive-green vehicle, likely a Humvee or similar tactical vehicle. The service member is wearing yellow-tinted safety glasses and is bent over examining or working on a component near the front bumper. A red hexagonal marker with the number '2' is visible on the vehicle's fender."
dvids_74780.jpg,74780,"Paratroopers put the ""forward"" in Forward Support Company [Image 5 of 6]",01.28.2008,"BAGHDAD, IQ",3872x2592,Photo by Staff Sgt. Michael Pryor,PUBLIC DOMAIN,https://www.dvidshub.net/image/74780/paratroopers-put-forward-forward-support-company,"Visually screened for Humvee/component prominence and usefulness to vehicle-part detection. Search caption: A person wearing a green beanie and long-sleeve shirt is using a power tool, likely an impact wrench, to work on the wheel/lug nuts of a large military-style vehicle (appears to be a HMMWV/Humvee). The work is being performed in a dimly lit indoor garage or maintenance bay. The setting and vehicle type suggest a military maintenance operation."
dvids_7667182.jpg,7667182,Preventive maintenance checks and services [Image 1 of 3],03.02.2023,"CAMP ARIFJAN, KW",4000x6000,Photo by Capt. Katherine Alegado,PUBLIC DOMAIN,https://www.dvidshub.net/image/7667182/preventive-maintenance-checks-and-services,"Visually screened for Humvee/component prominence and usefulness to vehicle-part detection. Search caption: A U.S. Army soldier in MultiCam/OCP camouflage uniform is performing maintenance on a military vehicle, likely a HUMVEE or similar tactical vehicle. The soldier, wearing a patrol cap and work gloves, is leaning over the open engine compartment inspecting or working on hoses, cables, and mechanical components. The photo is taken from a low angle inside the engine bay, providing a dramatic perspective of both the soldier and the vehicle's mechanical systems."
dvids_7734826.jpg,7734826,1st Armored Division III CORPS' CPX III [Image 4 of 6],04.11.2023,,1620x1080,,PUBLIC DOMAIN,https://www.dvidshub.net/image/7734826/1st-armored-division-iii-corps-cpx-iii,"Visually screened for Humvee/component prominence and usefulness to vehicle-part detection. Search caption: A U.S. Army soldier in full combat gear (OCP/Multicam uniform and helmet) is crouching down to inspect or service the front tire of a tan HMMWV (Humvee) marked 'HQ 7'. The activity appears to be a pre-mission or maintenance vehicle check conducted in an arid, desert environment. A wheel chock marked 'HQ 7' is visible beneath the tire."
dvids_8131104.jpg,8131104,Keeping vehicles ‘Fully Mission Capable’ (FMC) no matter where it is [Image 9 of 18],10.21.2023,"WASHINGTON, DISTRICT OF COLUMBIA, US",6048x4024,Photo by Master Sgt. Arthur Wright,PUBLIC DOMAIN,https://www.dvidshub.net/image/8131104/keeping-vehicles-fully-mission-capable-fmc-no-matter,"Visually screened for Humvee/component prominence and usefulness to vehicle-part detection. Search caption: A military service member in OCP (Operational Camouflage Pattern) uniform is performing maintenance on a military vehicle, likely a HMMWV (Humvee), in an indoor maintenance bay. The individual is using a pneumatic impact wrench to work on the wheel lug nuts of the vehicle. Proper personal protective equipment including safety glasses and hearing protection (ear muffs) is being worn."
dvids_8131106.jpg,8131106,Keeping vehicles ‘Fully Mission Capable’ (FMC) no matter where it is [Image 17 of 18],10.21.2023,,6048x4024,,PUBLIC DOMAIN,https://www.dvidshub.net/image/8131106/keeping-vehicles-fully-mission-capable-fmc-no-matter,"Visually screened for Humvee/component prominence and usefulness to vehicle-part detection. Search caption: A military service member in MultiCam/OCP camouflage uniform is lying on a red mechanic's creeper performing maintenance on the underside of a military tactical vehicle, likely a HMMWV (Humvee) or similar military truck. The work is taking place inside a large military maintenance bay or motor pool facility. The soldier is using a power tool, possibly an impact wrench, to work on components beneath the vehicle."
dvids_8131124.jpg,8131124,Keeping vehicles ‘Fully Mission Capable’ (FMC) no matter where it is [Image 12 of 18],10.21.2023,,6048x4024,,PUBLIC DOMAIN,https://www.dvidshub.net/image/8131124/keeping-vehicles-fully-mission-capable-fmc-no-matter,"Visually screened for Humvee/component prominence and usefulness to vehicle-part detection. Search caption: A soldier in OCP (Operational Camouflage Pattern) uniform is crouched down performing tire maintenance on a military vehicle, likely a HMMWV (Humvee) or similar tactical wheeled vehicle. The soldier is using a red air hose to inflate or check the tire pressure on the large off-road tire. The setting appears to be a military motor pool or vehicle staging area."
dvids_6627048.jpg,6627048,401st Army Field Support Brigade Motor Pool Maintenance Checks [Image 2 of 3],04.30.2021,KW,5833x4166,Photo by Spc. Zoran Raduka,PUBLIC DOMAIN,https://www.dvidshub.net/image/6627048/401st-army-field-support-brigade-motor-pool-maintenance-checks,"Visually screened for Humvee/component prominence and usefulness to vehicle-part detection. Search caption: A U.S. Army soldier in OCP (Operational Camouflage Pattern) uniform is performing maintenance on a military HMMWV (Humvee). The soldier is wearing a red cap with a unit patch insignia and a high-visibility yellow safety vest, and appears to be checking or pulling a dipstick or similar component from the engine compartment. The work is being conducted inside a covered maintenance bay or motor pool facility."
dvids_6627052.jpg,6627052,401st Army Field Support Brigade Motor Pool Maintenance Checks [Image 3 of 3],04.30.2021,KW,5797x4141,Photo by Spc. Zoran Raduka,PUBLIC DOMAIN,https://www.dvidshub.net/image/6627052/401st-army-field-support-brigade-motor-pool-maintenance-checks,"Visually screened for Humvee/component prominence and usefulness to vehicle-part detection. Search caption: A U.S. Army soldier named 'LEE' (visible on name tape) is performing maintenance or inspection on a military vehicle, likely a HMMWV (Humvee), inside a covered maintenance bay or hangar. The soldier is wearing camouflage uniform with a high-visibility safety vest and a red cap bearing a unit insignia. The setting appears to be a forward operating base or military installation maintenance facility."
dvids_6838036.jpg,6838036,MRF-D 2nd LAAD platoon fire stinger missiles [Image 1 of 14],09.03.2021,"BRADSHAW FIELD TRAINING AREA, NORTHERN TERRITORY, AU Hometown: BAXTER, TENNESSEE, US Hometown: SYRACUSE, NEW YORK, US",4987x3325,Photo by Cpl. Lydia Gordon,PUBLIC DOMAIN,https://www.dvidshub.net/image/6838036/mrf-d-2nd-laad-platoon-fire-stinger-missiles,"Visually screened for Humvee/component prominence and usefulness to vehicle-part detection. Search caption: Two military personnel in desert camouflage uniforms and tactical gear are working on or inspecting the engine compartment of a military vehicle, likely a HMMWV (Humvee). The setting appears to be an arid, semi-arid environment with sparse vegetation and dry terrain. The scene suggests a field maintenance or troubleshooting operation during a military exercise or deployment."
dvids_6858868.jpg,6858868,Command Maintenance [Image 4 of 7],09.27.2021,"FORT CARSON, COLORADO, US Hometown: COLORADO SPRINGS, COLORADO, US",3881x4078,Photo by Sgt. James Geelen,PUBLIC DOMAIN,https://www.dvidshub.net/image/6858868/command-maintenance,"Visually screened for Humvee/component prominence and usefulness to vehicle-part detection. Search caption: Two U.S. Army soldiers are conducting a vehicle maintenance inspection on a military HMMWV (Humvee). One soldier is leaning over the open engine compartment performing a hands-on check while another soldier, identified by nametape as 'FRANCOIS' and wearing U.S. Army insignia, observes and holds what appears to be a checklist or documentation. The setting appears to be an outdoor military installation with mountainous terrain visible in the background."
dvids_7093567.jpg,7093567,509th Logistics Readiness Squadron Vehicle Maintenance Flight [Image 5 of 6],03.08.2022,"WHITEMAN AIR FORCE BASE, MISSOURI, US",5504x8256,Photo by Airman 1st Class Victoria Cowan,PUBLIC DOMAIN,https://www.dvidshub.net/image/7093567/509th-logistics-readiness-squadron-vehicle-maintenance-flight,"Visually screened for Humvee/component prominence and usefulness to vehicle-part detection. Search caption: A female mechanic or military technician is working on what appears to be a HMMWV (Humvee) military vehicle inside a maintenance bay or motor pool facility. She is handling a heavy-duty chain hoist, likely used for lifting or removing a major component such as an engine. The vehicle's hood is open and the interior cab is visible, showing the steering wheel and dashboard."
dvids_7091434.jpg,7091434,Naval Mobile Construction Battalion 133 ALFA Operations [Image 23 of 23],03.09.2022,,2100x1500,,PUBLIC DOMAIN,https://www.dvidshub.net/image/7091434/naval-mobile-construction-battalion-133-alfa-operations,"Visually screened for Humvee/component prominence and usefulness to vehicle-part detection. Search caption: A military or government mechanic in a tan/coyote brown uniform is performing maintenance on a military vehicle, likely a HMMWV (Humvee), with the hood open. The work is taking place in what appears to be a military installation or base, with a blue commercial truck and red-painted infrastructure visible in the background. The technician is wearing safety glasses and blue nitrile gloves while working on the engine compartment."
dvids_8673764.jpg,8673764,The Force Behind the Force [Image 3 of 3],10.01.2024,"AUGUSTA, GEORGIA, US Hometown: WASHINGTON, GEORGIA, US",6720x4480,Photo by Sgt. Thomas Norris,PUBLIC DOMAIN,https://www.dvidshub.net/image/8673764/force-behind-force,"Visually screened for Humvee/component prominence and usefulness to vehicle-part detection. Search caption: A military service member in camouflage uniform is performing maintenance on a military tactical vehicle, likely a HMMWV (Humvee), inside a maintenance bay or motor pool facility. The soldier is leaning over the open engine compartment, working on internal components. The setting appears to be a military installation garage with natural light entering from an open bay door."
dvids_8673770.jpg,8673770,The Force Behind the Force [Image 1 of 3],10.01.2024,"AUGUSTA, GEORGIA, US",6720x4480,Photo by Sgt. Thomas Norris,PUBLIC DOMAIN,https://www.dvidshub.net/image/8673770/force-behind-force,"Visually screened for Humvee/component prominence and usefulness to vehicle-part detection. Search caption: A military mechanic in camouflage uniform is performing maintenance on a tan/desert-colored military vehicle, likely a HMMWV (Humvee) variant equipped with a remote weapon station or sensor turret on top. The work is taking place inside a military maintenance bay with the large bay door open. The vehicle's hood is open, allowing access to the engine compartment."
dvids_8673769.jpg,8673769,The Force Behind the Force [Image 2 of 3],10.01.2024,,6720x4480,,PUBLIC DOMAIN,https://www.dvidshub.net/image/8673769/force-behind-force,"Visually screened for Humvee/component prominence and usefulness to vehicle-part detection. Search caption: A female military service member in uniform is performing mechanical maintenance on what appears to be a military HMMWV (Humvee) in a motor pool or maintenance bay. She is leaning over the open engine compartment, using a wrench to work on components near the radiator. The setting is an indoor military maintenance facility with tool chests visible in the background."
dvids_9845258.jpg,9845258,639th Transportation Company executes vehicle recovery training during WAREX [Image 4 of 5],08.01.2026,"FORT MCCOY, WISCONSIN, US",6720x4480,Photo by Spc. Randall Bailey,PUBLIC DOMAIN,https://www.dvidshub.net/image/9845258/639th-transportation-company-executes-vehicle-recovery-training-during-warex,"Visually screened for Humvee/component prominence and usefulness to vehicle-part detection. Search caption: A military soldier in camouflage uniform and helmet is working on or near the front bumper of a military vehicle, likely a HMMWV (Humvee). The soldier appears to be handling a green cylindrical object, possibly a tow bar or recovery equipment, connecting it to the vehicle's front tow shackle. The image is a close-up shot emphasizing the hands-on mechanical or recovery task being performed."
dvids_6297215.jpg,6297215,Operation Spartan Shield prepares unit medically and logistically [Image 3 of 13],07.26.2020,"US Hometown: INKSTER, MICHIGAN, US",5184x3456,Photo by Master Sgt. Andy Yoshimura,PUBLIC DOMAIN,https://www.dvidshub.net/image/6297215/operation-spartan-shield-prepares-unit-medically-and-logistically,"Visually screened for Humvee/component prominence and usefulness to vehicle-part detection. Search caption: Two U.S. Army soldiers in Operational Camouflage Pattern (OCP) uniforms and ACH helmets are working together to attach or secure a chain and shackle assembly to the rear hitch of a military vehicle, likely a HMMWV. A third soldier is partially visible in the background. The activity appears to be a vehicle recovery or towing operation conducted in an outdoor field training environment."
dvids_8131121.jpg,8131121,Keeping vehicles ‘Fully Mission Capable’ (FMC) no matter where it is [Image 11 of 18],10.21.2023,"WASHINGTON, DISTRICT OF COLUMBIA, US",6048x4024,Photo by Master Sgt. Arthur Wright,PUBLIC DOMAIN,https://www.dvidshub.net/image/8131121/keeping-vehicles-fully-mission-capable-fmc-no-matter,"Visually screened for Humvee/component prominence and usefulness to vehicle-part detection. Search caption: A technician in military-style clothing works at a mobile workstation cart inside a vehicle maintenance bay. A military HMMWV (Humvee) with its hood open is visible in the background, suggesting active mechanical or diagnostic work. The workspace includes various safety and maintenance equipment typical of a military or government motor pool facility."
dvids_8131109.jpg,8131109,Keeping vehicles ‘Fully Mission Capable’ (FMC) no matter where it is [Image 6 of 18],10.21.2023,,6048x4024,,PUBLIC DOMAIN,https://www.dvidshub.net/image/8131109/keeping-vehicles-fully-mission-capable-fmc-no-matter,"Visually screened for Humvee/component prominence and usefulness to vehicle-part detection. Search caption: A military service member in tan/khaki uniform is performing maintenance or inspection on the engine of a military vehicle, likely a HMMWV (Humvee) or similar tactical vehicle. The soldier is leaning over the open engine compartment, examining or working on engine components. The setting appears to be an outdoor military motor pool or staging area."
dvids_8131122.jpg,8131122,Keeping vehicles ‘Fully Mission Capable’ (FMC) no matter where it is [Image 2 of 18],10.21.2023,,6048x4024,,PUBLIC DOMAIN,https://www.dvidshub.net/image/8131122/keeping-vehicles-fully-mission-capable-fmc-no-matter,"Visually screened for Humvee/component prominence and usefulness to vehicle-part detection. Search caption: A soldier in US Army ACU (Army Combat Uniform) camouflage is performing maintenance on a military vehicle, likely a HMMWV (Humvee), in what appears to be a motor pool or maintenance bay. The soldier is leaning over the open engine compartment, inspecting or working on the vehicle's engine components. The setting is an indoor military maintenance facility with various equipment and tools visible in the background."
dvids_7749064.jpg,7749064,Proper Preparation [Image 1 of 7],04.18.2023,"CAMP SHELBY, MISSISSIPPI, US",4987x3325,Photo by 2nd Lt. Jarvis Mace,PUBLIC DOMAIN,https://www.dvidshub.net/image/7749064/proper-preparation,"Visually screened for Humvee/component prominence and usefulness to vehicle-part detection. Search caption: Two military personnel in U.S. Army OCP (Operational Camouflage Pattern) uniforms are performing maintenance on a military vehicle, likely a HMMWV or similar tactical truck. The primary individual is leaning over the open engine compartment wearing work gloves, while a second person observes from the right side. The setting appears to be an outdoor motor pool or maintenance area on a military installation."
dvids_7037914.jpg,7037914,Soldiers conducting safety inspection,02.05.2022,"MESA, ARIZONA, US",2738x1825,Photo by Pfc. Midori Preecs,PUBLIC DOMAIN,https://www.dvidshub.net/image/7037914/soldiers-conducting-safety-inspection,"Visually screened for Humvee/component prominence and usefulness to vehicle-part detection. Search caption: Two U.S. Army soldiers in Operational Camouflage Pattern (OCP) uniforms are performing maintenance or inspection on a military HMMWV (Humvee) vehicle. One soldier, whose name tape reads 'ESCARPENE,' is leaning into the engine bay from the front, while a second soldier leans over from the side, appearing to check a fluid level with a dipstick. The scene takes place in an outdoor military installation or motor pool area."
dvids_7024908.jpg,7024908,1TSC Soldiers Conduct Vehicle Recovery Training [Image 6 of 9],01.27.2022,"FORT KNOX, KENTUCKY, US",5472x3648,Photo by Sgt. Jimmie Baker,PUBLIC DOMAIN,https://www.dvidshub.net/image/7024908/1tsc-soldiers-conduct-vehicle-recovery-training,"Visually screened for Humvee/component prominence and usefulness to vehicle-part detection. Search caption: A U.S. Army soldier, identified by name tape as 'DUM' and wearing the rank of Corporal, is crouching beside a military HMMWV (Humvee) in what appears to be a maintenance bay or motor pool facility. The soldier is wearing OCP (Operational Camouflage Pattern) uniform with a U.S. flag patch, 3rd Infantry Division patch, and a black face mask. She is holding a metal rod or tool while appearing to inspect or work on the vehicle."
dvids_6858870.jpg,6858870,Command Maintenance [Image 5 of 7],09.27.2021,,3838x3293,,PUBLIC DOMAIN,https://www.dvidshub.net/image/6858870/command-maintenance,"Visually screened for Humvee/component prominence and usefulness to vehicle-part detection. Search caption: A U.S. Army soldier in camouflage uniform and black face mask is inspecting or cleaning the windshield of a military HMMWV (Humvee). The soldier appears to be conducting a pre-mission vehicle inspection or maintenance check, with a clipboard/notebook visible nearby. The setting appears to be a military installation or armory parking area. Imported file is 2000x1716; DVIDS reports original resolution 3838x3293."
dvids_6858872.jpg,6858872,Command Maintenance [Image 7 of 7],09.27.2021,,6240x4160,,PUBLIC DOMAIN,https://www.dvidshub.net/image/6858872/command-maintenance,"Visually screened for Humvee/component prominence and usefulness to vehicle-part detection. Search caption: A U.S. Army soldier named Santiago is performing maintenance or an inspection on a military vehicle, likely a HMMWV (Humvee), with the hood open. The soldier is wearing OCP (Operational Camouflage Pattern) uniform with glasses and a patrol cap, and is holding a red cloth or rag while referencing a device. The setting appears to be a military installation or motor pool area."
dvids_7166482.jpg,7166482,HMMWV Maintenance [Image 6 of 9],04.29.2022,,5619x3739,,PUBLIC DOMAIN,https://www.dvidshub.net/image/7166482/hmmwv-maintenance,Visually screened for Humvee/component prominence and usefulness to vehicle-part detection. Search caption: A young man in a tan military-style t-shirt stands with arms crossed in what appears to be a vehicle maintenance bay or motor pool facility. He has visible tattoos on both forearms and wears a smartwatch with a black band. Green military vehicles are visible in the background along with an amber warning light.
dvids_7392931.jpg,7392931,10th Mountain Division Soldiers Compete in HMMWV Circuit,08.29.2022,"FORT DRUM, NEW YORK, US",5472x3648,Photo by PFC Kade Bowers,PUBLIC DOMAIN,https://www.dvidshub.net/image/7392931,"Visually screened for Humvee/component prominence and usefulness to vehicle-part detection. Search caption: A military HMMWV (Humvee) in tan/desert camouflage is navigating a course marked by orange traffic cones on a paved surface. A soldier in full combat gear, including helmet and body armor, is positioned in the turret hatch on top of the vehicle. A unit insignia patch (black diamond shape) is visible on the vehicle's side panel."
dvids_7392930.jpg,7392930,10th Mountain Division Soldiers Compete in HMMWV Circuit,08.29.2022,"FORT DRUM, NEW YORK, US",5006x3260,Photo by PFC Kade Bowers,PUBLIC DOMAIN,https://www.dvidshub.net/image/7392930,"Visually screened for Humvee/component prominence and usefulness to vehicle-part detection. Search caption: A military HMMWV (Humvee) in tan/desert camouflage is navigating a training course marked by orange traffic cones on a paved surface. A soldier is visible standing up through the top hatch, appearing to gesture or signal. The setting appears to be a military training area with open fields, trees, and utility poles in the background."
dvids_9835195.jpg,9835195,MTX 26-3: Marines with CLB 25 conduct a resupply during MTX 26-3.,07.14.2026,"BRIDGEPORT, CALIFORNIA, US",6030x4020,Photo by Cpl Orion Stpierre,PUBLIC DOMAIN,https://www.dvidshub.net/image/9835195,"Visually screened for Humvee/component prominence and usefulness to vehicle-part detection. Search caption: A military HMMWV (High Mobility Multipurpose Wheeled Vehicle), commonly known as a Humvee, is photographed at low angle on a gravel surface with its headlights illuminated. The vehicle is painted in woodland camouflage pattern and equipped with a soft-top canvas cover, gear strapped to the roof, and appears to be in an operational field environment. Mountainous terrain with low cloud cover is visible in the background."
dvids_7573592.jpg,7573592,"FAD BIR conduct mortar, mounted training with U.S. Army",07.27.2022,"DJIBOUTI, DJ",5478x3562,Photo by SSgt Bryan Guthrie,PUBLIC DOMAIN,https://www.dvidshub.net/image/7573592,"Visually screened for Humvee/component prominence and usefulness to vehicle-part detection. Search caption: A single tan/desert-camouflage military vehicle, consistent with a HMMWV (Humvee), is positioned on the crest of a barren, rocky desert ridge. The vehicle appears to be in an overwatch or observation position overlooking a vast arid landscape with distant mountain ranges visible in the background. The terrain is dry, sparsely vegetated, and characteristic of a Middle Eastern or Central Asian desert environment."
dvids_8533508.jpg,8533508,Alabama Army National Guard Soldiers support the Florida Guard’s xCTC at Camp Shelby,07.16.2024,"CAMP SHELBY, MISSISSIPPI, US",1000x713,Photo by SFC Shane Klestinski,PUBLIC DOMAIN,https://www.dvidshub.net/image/8533508,"Visually screened for Humvee/component prominence and usefulness to vehicle-part detection. Search caption: A tan/desert-colored HMMWV (Humvee) military vehicle is moving at speed across an open grassy terrain, with motion blur visible in the foreground vegetation. A soldier is positioned in the roof-mounted turret operating what appears to be a TOW (Tube-launched, Optically tracked, Wire-guided) missile system. The vehicle is heavily loaded with gear and equipment secured to its rear."
dvids_6363768.jpg,6363768,1-172 Cavalry Annual Training,09.09.2020,"COLCHESTER, VERMONT, US",5472x3648,Photo by Sgt. Gillian McCreedy,PUBLIC DOMAIN,https://www.dvidshub.net/image/6363768,"Visually screened for Humvee/component prominence and usefulness to vehicle-part detection. Search caption: A military Humvee (HMMWV) travels along a dirt road through an open grassy field with a large forested mountain in the background. The vehicle appears to be on a training exercise or patrol, flying a blue-green flag and carrying at least one soldier in the turret position. The setting suggests a military training area or range, likely in the northeastern United States based on the terrain and vegetation."
dvids_9841295.jpg,9841295,U.S. Marines with Combat Logistics Battalion 2 conduct Land Combat Element Forward Security training,07.27.2026,"TWENTYNINE PALMS, CALIFORNIA, US",6050x4033,Photo by LCpl Lainey Brummett,PUBLIC DOMAIN,https://www.dvidshub.net/image/9841295,"Visually screened for Humvee/component prominence and usefulness to vehicle-part detection. Search caption: A military scene in an arid desert environment showing an armed soldier in combat gear standing beside a tan/beige HMMWV (Humvee) military vehicle. The soldier is equipped with a helmet, body armor, and a rifle, standing on rocky desert terrain with mountains visible in the background. At least two other individuals are seated inside the open-doored Humvee."
