annotation_id,cvat_image_id,cvat_box_index,source_image,source_image_sha256,component_class_source,component_class,component_group,damage_state_source,damage_level,box_x1,box_y1,box_x2,box_y2,box_width,box_height,box_area,occluded,annotation_source,split
HCVAT_C4111818C2DE46EA,1,1,commons_105139955.jpg,da50e1a3392d3714d8bfbc3dbc55a47ec9a940bd7d34459f450c3ed47a082377,wheel_tire,wheel_tire,mobility,intact,no_visible_damage,883.27,571.15,977.20,735.73,93.93,164.58,15459.00,0,manual,
HCVAT_7C0B685691F77AB1,1,2,commons_105139955.jpg,da50e1a3392d3714d8bfbc3dbc55a47ec9a940bd7d34459f450c3ed47a082377,wheel_tire,wheel_tire,mobility,intact,no_visible_damage,1388.63,610.60,1534.40,779.30,145.77,168.70,24591.40,0,manual,
HCVAT_25A8A6FBA3C47D63,1,3,commons_105139955.jpg,da50e1a3392d3714d8bfbc3dbc55a47ec9a940bd7d34459f450c3ed47a082377,engine_bay,engine_bay,structure,intact,no_visible_damage,1063.34,488.86,1546.50,616.60,483.16,127.74,61718.86,0,manual,
HCVAT_FB871FF8CB131F46,1,4,commons_105139955.jpg,da50e1a3392d3714d8bfbc3dbc55a47ec9a940bd7d34459f450c3ed47a082377,wheel_tire,wheel_tire,mobility,intact,no_visible_damage,1066.25,586.64,1194.04,788.40,127.79,201.76,25782.91,0,manual,
HCVAT_C3CE9E30821A25B3,1,5,commons_105139955.jpg,da50e1a3392d3714d8bfbc3dbc55a47ec9a940bd7d34459f450c3ed47a082377,windshield,windshield,structure,intact,no_visible_damage,1065.28,407.53,1394.44,472.40,329.16,64.87,21352.61,0,manual,
HCVAT_C111E7D868FABFA1,1,6,commons_105139955.jpg,da50e1a3392d3714d8bfbc3dbc55a47ec9a940bd7d34459f450c3ed47a082377,weapons_station,weapon_station,mission_equipment,intact,no_visible_damage,1009.13,270.06,1223.08,374.62,213.95,104.56,22370.61,0,manual,
HCVAT_32005699580E4E45,1,7,commons_105139955.jpg,da50e1a3392d3714d8bfbc3dbc55a47ec9a940bd7d34459f450c3ed47a082377,door,door,structure,intact,no_visible_damage,979.50,416.25,1048.82,652.60,69.32,236.35,16383.78,0,manual,
HCVAT_BCADD0EF61423CF0,2,1,commons_105139982.jpg,24ec0ae3c2e5da1adf517a5f37f284234d4fae35ca9ab6b7cc4a15963da1836d,wheel_tire,wheel_tire,mobility,intact,no_visible_damage,258.83,695.07,496.02,918.70,237.19,223.63,53042.80,0,manual,
HCVAT_65C40D1195996A58,2,2,commons_105139982.jpg,24ec0ae3c2e5da1adf517a5f37f284234d4fae35ca9ab6b7cc4a15963da1836d,door,door,structure,intact,no_visible_damage,1211.46,494.67,1364.43,728.95,152.97,234.28,35837.81,0,manual,
HCVAT_E8FBA49C93E375E5,2,3,commons_105139982.jpg,24ec0ae3c2e5da1adf517a5f37f284234d4fae35ca9ab6b7cc4a15963da1836d,wheel_tire,wheel_tire,mobility,intact,no_visible_damage,944.60,698.94,1168.10,915.80,223.50,216.86,48468.21,0,manual,
HCVAT_0FF5F68D20FA656F,2,4,commons_105139982.jpg,24ec0ae3c2e5da1adf517a5f37f284234d4fae35ca9ab6b7cc4a15963da1836d,weapons_station,weapon_station,mission_equipment,intact,no_visible_damage,692.55,355.26,816.50,465.62,123.95,110.36,13679.12,0,manual,
HCVAT_74B225AF1DB69A8A,2,5,commons_105139982.jpg,24ec0ae3c2e5da1adf517a5f37f284234d4fae35ca9ab6b7cc4a15963da1836d,door,door,structure,intact,no_visible_damage,542.49,518.87,725.47,788.98,182.98,270.11,49424.73,0,manual,
HCVAT_0EEA49360986033A,2,6,commons_105139982.jpg,24ec0ae3c2e5da1adf517a5f37f284234d4fae35ca9ab6b7cc4a15963da1836d,engine_bay,engine_bay,structure,intact,no_visible_damage,265.61,588.57,521.19,668.93,255.58,80.36,20538.41,0,manual,
HCVAT_5C37EAC1B35E3626,3,1,commons_105160340.jpg,d3a26d834b3dc668e3bf0ab50ad137bf58e60cf19bfcdaebbeaa63ae56634e35,engine_bay,engine_bay,structure,intact,no_visible_damage,794.19,610.23,1225.80,773.20,431.61,162.97,70339.48,0,manual,
HCVAT_7E93F1AF658B9629,3,2,commons_105160340.jpg,d3a26d834b3dc668e3bf0ab50ad137bf58e60cf19bfcdaebbeaa63ae56634e35,wheel_tire,wheel_tire,mobility,intact,no_visible_damage,1160.50,747.25,1238.28,933.83,77.78,186.58,14512.19,0,manual,
HCVAT_E3BBE7C4C0C0DBA0,3,3,commons_105160340.jpg,d3a26d834b3dc668e3bf0ab50ad137bf58e60cf19bfcdaebbeaa63ae56634e35,weapons_station,weapon_station,mission_equipment,intact,no_visible_damage,355.92,595.65,495.90,663.68,139.98,68.03,9522.84,0,manual,
HCVAT_BD7948486C0F8F05,3,4,commons_105160340.jpg,d3a26d834b3dc668e3bf0ab50ad137bf58e60cf19bfcdaebbeaa63ae56634e35,comms_equipment,comms_equipment,mission_equipment,intact,no_visible_damage,557.07,513.05,571.65,584.96,14.58,71.91,1048.45,0,manual,
HCVAT_BCD20DAC5AA05729,3,5,commons_105160340.jpg,d3a26d834b3dc668e3bf0ab50ad137bf58e60cf19bfcdaebbeaa63ae56634e35,wheel_tire,wheel_tire,mobility,intact,no_visible_damage,512.37,769.60,528.89,865.80,16.52,96.20,1589.22,0,manual,
HCVAT_5B27C7623E242CAE,3,6,commons_105160340.jpg,d3a26d834b3dc668e3bf0ab50ad137bf58e60cf19bfcdaebbeaa63ae56634e35,wheel_tire,wheel_tire,mobility,intact,no_visible_damage,715.60,764.74,753.37,929.10,37.77,164.36,6207.88,0,manual,
HCVAT_8663322134471179,3,7,commons_105160340.jpg,d3a26d834b3dc668e3bf0ab50ad137bf58e60cf19bfcdaebbeaa63ae56634e35,wheel_tire,wheel_tire,mobility,intact,no_visible_damage,532.78,749.90,576.10,871.63,43.32,121.73,5273.34,0,manual,
HCVAT_BB7010518C564BF4,3,8,commons_105160340.jpg,d3a26d834b3dc668e3bf0ab50ad137bf58e60cf19bfcdaebbeaa63ae56634e35,wheel_tire,wheel_tire,mobility,intact,no_visible_damage,1087.56,868.72,1159.57,918.28,72.01,49.56,3568.82,0,manual,
HCVAT_CA229F8766B02325,3,9,commons_105160340.jpg,d3a26d834b3dc668e3bf0ab50ad137bf58e60cf19bfcdaebbeaa63ae56634e35,windshield,windshield,structure,intact,no_visible_damage,801.96,539.29,1145.96,604.40,344.00,65.11,22397.84,0,manual,
HCVAT_A19965BDE9C57E87,3,10,commons_105160340.jpg,d3a26d834b3dc668e3bf0ab50ad137bf58e60cf19bfcdaebbeaa63ae56634e35,windshield,windshield,structure,intact,no_visible_damage,348.14,677.28,494.88,714.21,146.74,36.93,5419.11,0,manual,
HCVAT_909C0E1F1A482C8A,3,11,commons_105160340.jpg,d3a26d834b3dc668e3bf0ab50ad137bf58e60cf19bfcdaebbeaa63ae56634e35,wheel_tire,wheel_tire,mobility,intact,no_visible_damage,336.10,759.00,363.40,826.80,27.30,67.80,1850.94,0,manual,
HCVAT_715515F2D1F2C6B4,3,12,commons_105160340.jpg,d3a26d834b3dc668e3bf0ab50ad137bf58e60cf19bfcdaebbeaa63ae56634e35,engine_bay,engine_bay,structure,intact,no_visible_damage,205.29,673.39,333.57,755.02,128.28,81.63,10471.50,0,manual,
HCVAT_2927AB86C84A7DD5,3,13,commons_105160340.jpg,d3a26d834b3dc668e3bf0ab50ad137bf58e60cf19bfcdaebbeaa63ae56634e35,engine_bay,engine_bay,structure,intact,no_visible_damage,529.87,660.76,738.40,755.20,208.53,94.44,19693.57,0,manual,
HCVAT_95C849C61D62F6A7,3,14,commons_105160340.jpg,d3a26d834b3dc668e3bf0ab50ad137bf58e60cf19bfcdaebbeaa63ae56634e35,engine_bay,engine_bay,structure,intact,no_visible_damage,342.31,713.24,506.54,784.18,164.23,70.94,11650.48,0,manual,
HCVAT_671822895610B1DD,3,15,commons_105160340.jpg,d3a26d834b3dc668e3bf0ab50ad137bf58e60cf19bfcdaebbeaa63ae56634e35,windshield,windshield,structure,intact,no_visible_damage,560.96,610.23,736.20,650.07,175.24,39.84,6981.56,0,manual,
HCVAT_89268D34139364F4,3,16,commons_105160340.jpg,d3a26d834b3dc668e3bf0ab50ad137bf58e60cf19bfcdaebbeaa63ae56634e35,windshield,windshield,structure,intact,no_visible_damage,215.01,640.35,348.14,671.45,133.13,31.10,4140.34,0,manual,
HCVAT_5DC1CC7D615048AF,3,17,commons_105160340.jpg,d3a26d834b3dc668e3bf0ab50ad137bf58e60cf19bfcdaebbeaa63ae56634e35,wheel_tire,wheel_tire,mobility,intact,no_visible_damage,755.31,755.99,834.80,942.57,79.49,186.58,14831.24,0,manual,
HCVAT_B088F68231F29B4D,4,1,commons_105160341.jpg,982c333ac144a24332d254934148e56f8df47a6eea96b371516b3db79c5cda54,weapons_station,weapon_station,mission_equipment,intact,no_visible_damage,526.95,117.54,790.30,295.38,263.35,177.84,46834.16,0,manual,
HCVAT_631820D46872A028,4,2,commons_105160341.jpg,982c333ac144a24332d254934148e56f8df47a6eea96b371516b3db79c5cda54,wheel_tire,wheel_tire,mobility,intact,no_visible_damage,464.66,597.60,546.38,807.50,81.72,209.90,17153.03,0,manual,
HCVAT_CD525D5B376CD211,4,3,commons_105160341.jpg,982c333ac144a24332d254934148e56f8df47a6eea96b371516b3db79c5cda54,wheel_tire,wheel_tire,mobility,intact,no_visible_damage,987.57,601.48,1101.26,713.24,113.69,111.76,12705.99,0,manual,
HCVAT_828B44AF282765CD,4,4,commons_105160341.jpg,982c333ac144a24332d254934148e56f8df47a6eea96b371516b3db79c5cda54,wheel_tire,wheel_tire,mobility,intact,no_visible_damage,744.63,735.59,827.23,800.70,82.60,65.11,5378.09,0,manual,
HCVAT_8323EA1EDCBEB429,4,5,commons_105160341.jpg,982c333ac144a24332d254934148e56f8df47a6eea96b371516b3db79c5cda54,wheel_tire,wheel_tire,mobility,intact,no_visible_damage,137.27,605.37,146.02,722.95,8.75,117.58,1028.83,0,manual,
HCVAT_A453191C40B57304,4,6,commons_105160341.jpg,982c333ac144a24332d254934148e56f8df47a6eea96b371516b3db79c5cda54,wheel_tire,wheel_tire,mobility,intact,no_visible_damage,835.97,634.52,928.29,812.36,92.32,177.84,16418.19,0,manual,
HCVAT_006BCB27F12966CC,4,7,commons_105160341.jpg,982c333ac144a24332d254934148e56f8df47a6eea96b371516b3db79c5cda54,wheel_tire,wheel_tire,mobility,intact,no_visible_damage,404.51,660.76,454.07,793.89,49.56,133.13,6597.92,0,manual,
HCVAT_2F54ABB8EE923DF9,4,8,commons_105160341.jpg,982c333ac144a24332d254934148e56f8df47a6eea96b371516b3db79c5cda54,wheel_tire,wheel_tire,mobility,intact,no_visible_damage,163.51,606.34,218.90,736.56,55.39,130.22,7212.89,0,manual,
HCVAT_B937F59C4B6B0368,4,9,commons_105160341.jpg,982c333ac144a24332d254934148e56f8df47a6eea96b371516b3db79c5cda54,wheel_tire,wheel_tire,mobility,intact,no_visible_damage,151.85,601.48,164.48,734.62,12.63,133.14,1681.56,0,manual,
HCVAT_0F92761A59DD746C,4,10,commons_105160341.jpg,982c333ac144a24332d254934148e56f8df47a6eea96b371516b3db79c5cda54,wheel_tire,wheel_tire,mobility,intact,no_visible_damage,1315.05,597.60,1430.70,713.20,115.65,115.60,13369.14,0,manual,
HCVAT_FCC85624DDFDF660,4,11,commons_105160341.jpg,982c333ac144a24332d254934148e56f8df47a6eea96b371516b3db79c5cda54,wheel_tire,wheel_tire,mobility,intact,no_visible_damage,1163.46,593.71,1282.98,713.24,119.52,119.53,14286.23,0,manual,
HCVAT_F21F15109C8A349A,4,12,commons_105160341.jpg,982c333ac144a24332d254934148e56f8df47a6eea96b371516b3db79c5cda54,windshield,windshield,structure,intact,no_visible_damage,490.02,324.53,884.56,425.59,394.54,101.06,39872.21,0,manual,
HCVAT_7298A8C86BDBDC2E,4,13,commons_105160341.jpg,982c333ac144a24332d254934148e56f8df47a6eea96b371516b3db79c5cda54,engine_bay,engine_bay,structure,intact,no_visible_damage,484.19,424.62,931.20,591.77,447.01,167.15,74717.72,0,manual,
HCVAT_2C93F1D8B169F3D6,4,14,commons_105160341.jpg,982c333ac144a24332d254934148e56f8df47a6eea96b371516b3db79c5cda54,weapons_station,weapon_station,mission_equipment,intact,no_visible_damage,222.79,321.62,397.70,440.17,174.91,118.55,20735.58,0,manual,
HCVAT_1B83193379440D5A,5,1,commons_107655405.jpg,7951a5ee8305b06857d298ee85029cd8e86cbe578450abc76490c0ec29551527,wheel_tire,wheel_tire,mobility,intact,no_visible_damage,853.52,673.77,1031.04,745.10,177.52,71.33,12662.50,0,manual,
HCVAT_402DC5DED2135B01,5,2,commons_107655405.jpg,7951a5ee8305b06857d298ee85029cd8e86cbe578450abc76490c0ec29551527,door,door,structure,intact,no_visible_damage,890.39,381.87,1107.40,631.61,217.01,249.74,54196.08,0,manual,
HCVAT_DBD2299F432A889D,5,3,commons_107655405.jpg,7951a5ee8305b06857d298ee85029cd8e86cbe578450abc76490c0ec29551527,wheel_tire,wheel_tire,mobility,intact,no_visible_damage,122.70,542.60,230.30,663.40,107.60,120.80,12998.08,0,manual,
HCVAT_323DF6C5F5A13C55,5,4,commons_107655405.jpg,7951a5ee8305b06857d298ee85029cd8e86cbe578450abc76490c0ec29551527,engine_bay,engine_bay,structure,intact,no_visible_damage,200.44,475.15,683.40,608.40,482.96,133.25,64354.42,0,manual,
HCVAT_08A047A925031BD4,5,5,commons_107655405.jpg,7951a5ee8305b06857d298ee85029cd8e86cbe578450abc76490c0ec29551527,comms_equipment,comms_equipment,mission_equipment,intact,no_visible_damage,464.66,192.37,478.36,427.54,13.70,235.17,3221.83,0,manual,
HCVAT_BC94AE25453C1345,5,6,commons_107655405.jpg,7951a5ee8305b06857d298ee85029cd8e86cbe578450abc76490c0ec29551527,comms_equipment,comms_equipment,mission_equipment,intact,no_visible_damage,1313.01,0.93,1324.77,484.87,11.76,483.94,5691.13,0,manual,
HCVAT_7114A045C7BB4943,5,7,commons_107655405.jpg,7951a5ee8305b06857d298ee85029cd8e86cbe578450abc76490c0ec29551527,comms_equipment,comms_equipment,mission_equipment,intact,no_visible_damage,1011.76,0.00,1028.38,251.65,16.62,251.65,4182.42,0,manual,
HCVAT_B53F5F1913D43B6B,5,8,commons_107655405.jpg,7951a5ee8305b06857d298ee85029cd8e86cbe578450abc76490c0ec29551527,comms_equipment,comms_equipment,mission_equipment,intact,no_visible_damage,1055.49,11.62,1072.11,358.54,16.62,346.92,5765.81,0,manual,
HCVAT_EA78CEDEB0FA4B17,5,9,commons_107655405.jpg,7951a5ee8305b06857d298ee85029cd8e86cbe578450abc76490c0ec29551527,door,door,structure,intact,no_visible_damage,711.59,377.98,893.31,642.30,181.72,264.32,48032.23,0,manual,
HCVAT_8B8543D805E08642,5,10,commons_107655405.jpg,7951a5ee8305b06857d298ee85029cd8e86cbe578450abc76490c0ec29551527,windshield,windshield,structure,intact,no_visible_damage,489.05,389.64,700.90,464.46,211.85,74.82,15850.62,0,manual,
HCVAT_4C8A2553AF86256B,5,11,commons_107655405.jpg,7951a5ee8305b06857d298ee85029cd8e86cbe578450abc76490c0ec29551527,wheel_tire,wheel_tire,mobility,intact,no_visible_damage,380.21,574.27,617.32,795.84,237.11,221.57,52536.46,0,manual,
HCVAT_4B1EC47E049E65A5,5,12,commons_107655405.jpg,7951a5ee8305b06857d298ee85029cd8e86cbe578450abc76490c0ec29551527,wheel_tire,wheel_tire,mobility,intact,no_visible_damage,206.27,669.51,392.85,781.26,186.58,111.75,20850.32,0,manual,
HCVAT_704611C8D91CB243,5,13,commons_107655405.jpg,7951a5ee8305b06857d298ee85029cd8e86cbe578450abc76490c0ec29551527,wheel_tire,wheel_tire,mobility,intact,no_visible_damage,1072.20,564.60,1258.69,759.88,186.49,195.28,36417.77,0,manual,
HCVAT_9FE58391BCA4AAE7,5,14,commons_107655405.jpg,7951a5ee8305b06857d298ee85029cd8e86cbe578450abc76490c0ec29551527,weapons_station,weapon_station,mission_equipment,intact,no_visible_damage,522.09,198.90,1062.40,352.71,540.31,153.81,83105.08,0,manual,
HCVAT_1320A5A039C55E10,6,1,commons_108061759.jpg,d19a439ad2081ea746d890d06f72268987325ad1b7719ee6e57533ed4e353611,wheel_tire,wheel_tire,mobility,intact,no_visible_damage,592.62,651.23,611.47,673.36,18.85,22.13,417.15,0,manual,
HCVAT_7B2AD1BC50775AE6,6,2,commons_108061759.jpg,d19a439ad2081ea746d890d06f72268987325ad1b7719ee6e57533ed4e353611,wheel_tire,wheel_tire,mobility,intact,no_visible_damage,746.72,602.05,769.67,648.77,22.95,46.72,1072.22,0,manual,
HCVAT_8585E8DDEA5C15F7,6,3,commons_108061759.jpg,d19a439ad2081ea746d890d06f72268987325ad1b7719ee6e57533ed4e353611,wheel_tire,wheel_tire,mobility,intact,no_visible_damage,738.52,603.69,746.72,643.85,8.20,40.16,329.31,0,manual,
HCVAT_D83C84CAA7D7331B,6,4,commons_108061759.jpg,d19a439ad2081ea746d890d06f72268987325ad1b7719ee6e57533ed4e353611,windshield,windshield,structure,intact,no_visible_damage,1442.81,520.51,1499.72,561.29,56.91,40.78,2320.79,0,manual,
HCVAT_3981D96B8DFBAAB0,6,5,commons_108061759.jpg,d19a439ad2081ea746d890d06f72268987325ad1b7719ee6e57533ed4e353611,engine_bay,engine_bay,structure,intact,no_visible_damage,879.47,601.12,1148.81,688.37,269.34,87.25,23499.91,0,manual,
HCVAT_9563FD143B0A9824,6,6,commons_108061759.jpg,d19a439ad2081ea746d890d06f72268987325ad1b7719ee6e57533ed4e353611,wheel_tire,wheel_tire,mobility,intact,no_visible_damage,386.88,621.72,406.56,650.41,19.68,28.69,564.62,0,manual,
HCVAT_BC1137F38A523BC8,6,7,commons_108061759.jpg,d19a439ad2081ea746d890d06f72268987325ad1b7719ee6e57533ed4e353611,wheel_tire,wheel_tire,mobility,intact,no_visible_damage,729.64,599.23,738.57,642.62,8.93,43.39,387.47,0,manual,
HCVAT_E2C295EA9ECE3C77,6,8,commons_108061759.jpg,d19a439ad2081ea746d890d06f72268987325ad1b7719ee6e57533ed4e353611,wheel_tire,wheel_tire,mobility,intact,no_visible_damage,1191.67,597.93,1232.05,696.40,40.38,98.47,3976.22,0,manual,
HCVAT_22D4C4F221D8A1B3,6,9,commons_108061759.jpg,d19a439ad2081ea746d890d06f72268987325ad1b7719ee6e57533ed4e353611,wheel_tire,wheel_tire,mobility,intact,no_visible_damage,1086.88,725.82,1143.44,777.46,56.56,51.64,2920.76,0,manual,
HCVAT_A23DA49AF1476AF3,6,10,commons_108061759.jpg,d19a439ad2081ea746d890d06f72268987325ad1b7719ee6e57533ed4e353611,windshield,windshield,structure,intact,no_visible_damage,500.00,565.98,589.34,588.93,89.34,22.95,2050.35,0,manual,
HCVAT_DCCB6463ACC54A73,6,11,commons_108061759.jpg,d19a439ad2081ea746d890d06f72268987325ad1b7719ee6e57533ed4e353611,wheel_tire,wheel_tire,mobility,intact,no_visible_damage,1153.41,600.06,1186.71,690.03,33.30,89.97,2996.00,0,manual,
HCVAT_E4F58501B5D662A3,6,12,commons_108061759.jpg,d19a439ad2081ea746d890d06f72268987325ad1b7719ee6e57533ed4e353611,wheel_tire,wheel_tire,mobility,intact,no_visible_damage,492.62,648.77,516.39,671.72,23.77,22.95,545.52,0,manual,
HCVAT_8934754CC66025B2,6,13,commons_108061759.jpg,d19a439ad2081ea746d890d06f72268987325ad1b7719ee6e57533ed4e353611,wheel_tire,wheel_tire,mobility,intact,no_visible_damage,808.20,660.25,831.97,760.25,23.77,100.00,2377.00,0,manual,
HCVAT_05B5CEA0ED2B0DFE,6,14,commons_108061759.jpg,d19a439ad2081ea746d890d06f72268987325ad1b7719ee6e57533ed4e353611,wheel_tire,wheel_tire,mobility,intact,no_visible_damage,1002.46,736.47,1047.54,761.88,45.08,25.41,1145.48,0,manual,
HCVAT_D18DF7F7122681A1,6,15,commons_108061759.jpg,d19a439ad2081ea746d890d06f72268987325ad1b7719ee6e57533ed4e353611,weapons_station,weapon_station,mission_equipment,intact,no_visible_damage,882.32,392.48,1024.58,526.20,142.26,133.72,19023.01,0,manual,
HCVAT_65952CD9C4B7A348,6,16,commons_108061759.jpg,d19a439ad2081ea746d890d06f72268987325ad1b7719ee6e57533ed4e353611,weapons_station,weapon_station,mission_equipment,intact,no_visible_damage,505.81,507.23,564.61,559.39,58.80,52.16,3067.01,0,manual,
HCVAT_E147C4010D279306,6,17,commons_108061759.jpg,d19a439ad2081ea746d890d06f72268987325ad1b7719ee6e57533ed4e353611,windshield,windshield,structure,intact,no_visible_damage,1511.00,572.67,1567.05,591.64,56.05,18.97,1063.27,0,manual,
HCVAT_FA3E65E0E7046EBA,6,18,commons_108061759.jpg,d19a439ad2081ea746d890d06f72268987325ad1b7719ee6e57533ed4e353611,wheel_tire,wheel_tire,mobility,intact,no_visible_damage,1370.19,644.62,1426.16,695.70,55.97,51.08,2858.95,0,manual,
HCVAT_EDEA5E6267BD8F09,6,19,commons_108061759.jpg,d19a439ad2081ea746d890d06f72268987325ad1b7719ee6e57533ed4e353611,windshield,windshield,structure,intact,no_visible_damage,882.79,549.59,1090.98,596.31,208.19,46.72,9726.64,0,manual,
HCVAT_89FFF428D949A487,6,20,commons_108061759.jpg,d19a439ad2081ea746d890d06f72268987325ad1b7719ee6e57533ed4e353611,wheel_tire,wheel_tire,mobility,intact,no_visible_damage,570.49,650.41,590.98,671.72,20.49,21.31,436.64,0,manual,
HCVAT_F9973FE6FC105F17,6,21,commons_108061759.jpg,d19a439ad2081ea746d890d06f72268987325ad1b7719ee6e57533ed4e353611,wheel_tire,wheel_tire,mobility,intact,no_visible_damage,477.05,643.03,490.98,666.80,13.93,23.77,331.12,0,manual,
HCVAT_7DB115EBCE18F0F5,6,22,commons_108061759.jpg,d19a439ad2081ea746d890d06f72268987325ad1b7719ee6e57533ed4e353611,engine_bay,engine_bay,structure,intact,no_visible_damage,495.38,594.48,607.29,634.31,111.91,39.83,4457.38,0,manual,
HCVAT_BCE3BA5D9D2AA4EA,6,23,commons_108061759.jpg,d19a439ad2081ea746d890d06f72268987325ad1b7719ee6e57533ed4e353611,engine_bay,engine_bay,structure,intact,no_visible_damage,1513.94,596.38,1596.45,627.68,82.51,31.30,2582.56,0,manual,
HCVAT_01E328BC943093C6,6,24,commons_108061759.jpg,d19a439ad2081ea746d890d06f72268987325ad1b7719ee6e57533ed4e353611,wheel_tire,wheel_tire,mobility,intact,no_visible_damage,721.98,598.72,730.40,641.34,8.42,42.62,358.86,0,manual,
HCVAT_3E60BC03AF8E53C0,6,25,commons_108061759.jpg,d19a439ad2081ea746d890d06f72268987325ad1b7719ee6e57533ed4e353611,wheel_tire,wheel_tire,mobility,intact,no_visible_damage,873.77,662.70,931.97,784.84,58.20,122.14,7108.55,0,manual,
HCVAT_E3B2A14492191425,7,1,commons_10891302.jpg,b2ad546030603ededf17d16f97e1ec334e60ee4de41c5a98bd74b76bd43db4c9,wheel_tire,wheel_tire,mobility,intact,no_visible_damage,818.75,837.12,965.49,937.93,146.74,100.81,14792.86,0,manual,
HCVAT_B43F2DBDC476CF06,7,2,commons_10891302.jpg,b2ad546030603ededf17d16f97e1ec334e60ee4de41c5a98bd74b76bd43db4c9,windshield,windshield,structure,intact,no_visible_damage,691.05,467.50,1200.70,553.72,509.65,86.22,43942.02,0,manual,
HCVAT_7BBC7C22D2D2749D,7,3,commons_10891302.jpg,b2ad546030603ededf17d16f97e1ec334e60ee4de41c5a98bd74b76bd43db4c9,weapons_station,weapon_station,mission_equipment,intact,no_visible_damage,826.59,246.80,1218.64,413.70,392.05,166.90,65433.15,0,manual,
HCVAT_64EC4F05B37B5F5C,7,4,commons_10891302.jpg,b2ad546030603ededf17d16f97e1ec334e60ee4de41c5a98bd74b76bd43db4c9,door,door,structure,intact,no_visible_damage,1349.70,458.51,1426.99,779.99,77.29,321.48,24847.19,0,manual,
HCVAT_033AA3CA5FD19966,7,5,commons_10891302.jpg,b2ad546030603ededf17d16f97e1ec334e60ee4de41c5a98bd74b76bd43db4c9,engine_bay,engine_bay,structure,intact,no_visible_damage,521.91,580.60,1187.28,713.90,665.37,133.30,88693.82,0,manual,
HCVAT_48724C04A9A67F3B,7,6,commons_10891302.jpg,b2ad546030603ededf17d16f97e1ec334e60ee4de41c5a98bd74b76bd43db4c9,comms_equipment,comms_equipment,mission_equipment,intact,no_visible_damage,916.20,73.18,955.41,251.28,39.21,178.10,6983.30,0,manual,
HCVAT_FF994658415A2BF0,7,7,commons_10891302.jpg,b2ad546030603ededf17d16f97e1ec334e60ee4de41c5a98bd74b76bd43db4c9,wheel_tire,wheel_tire,mobility,intact,no_visible_damage,1328.00,694.86,1458.35,931.21,130.35,236.35,30808.22,0,manual,
HCVAT_FB69494A3620B192,7,8,commons_10891302.jpg,b2ad546030603ededf17d16f97e1ec334e60ee4de41c5a98bd74b76bd43db4c9,door,door,structure,intact,no_visible_damage,1251.13,458.51,1337.38,781.11,86.25,322.60,27824.25,0,manual,
HCVAT_F727831A2AA8EBA5,7,9,commons_10891302.jpg,b2ad546030603ededf17d16f97e1ec334e60ee4de41c5a98bd74b76bd43db4c9,comms_equipment,comms_equipment,mission_equipment,intact,no_visible_damage,521.91,168.39,575.68,598.53,53.77,430.14,23128.63,0,manual,
HCVAT_9D1AE0F8A42115A2,7,10,commons_10891302.jpg,b2ad546030603ededf17d16f97e1ec334e60ee4de41c5a98bd74b76bd43db4c9,wheel_tire,wheel_tire,mobility,intact,no_visible_damage,1045.02,703.82,1201.84,943.53,156.82,239.71,37591.32,0,manual,
HCVAT_FDF69F29221D5FA6,7,11,commons_10891302.jpg,b2ad546030603ededf17d16f97e1ec334e60ee4de41c5a98bd74b76bd43db4c9,wheel_tire,wheel_tire,mobility,intact,no_visible_damage,519.67,716.14,673.13,959.22,153.46,243.08,37303.06,0,manual,
HCVAT_E4CF91EC6833B7D7,8,1,commons_111156378.jpg,46fea4ba6a7d97be582f35d1454462746bde65a36ccc0e1642f6fff6a21bc7f2,door,door,structure,intact,no_visible_damage,119.50,556.84,153.50,660.87,34.00,104.03,3537.02,0,manual,
HCVAT_D4B1AD5D6B4063F6,8,2,commons_111156378.jpg,46fea4ba6a7d97be582f35d1454462746bde65a36ccc0e1642f6fff6a21bc7f2,wheel_tire,wheel_tire,mobility,intact,no_visible_damage,1210.58,896.90,1398.40,1053.15,187.82,156.25,29346.88,0,manual,
HCVAT_BCF7FC9B0B18ACAA,8,3,commons_111156378.jpg,46fea4ba6a7d97be582f35d1454462746bde65a36ccc0e1642f6fff6a21bc7f2,wheel_tire,wheel_tire,mobility,intact,no_visible_damage,823.77,874.85,1016.60,1135.34,192.83,260.49,50230.29,0,manual,
HCVAT_401D4FD9E676F13E,8,4,commons_111156378.jpg,46fea4ba6a7d97be582f35d1454462746bde65a36ccc0e1642f6fff6a21bc7f2,wheel_tire,wheel_tire,mobility,intact,no_visible_damage,378.66,798.98,517.60,1006.36,138.94,207.38,28813.38,0,manual,
HCVAT_29325B1654355201,8,5,commons_111156378.jpg,46fea4ba6a7d97be582f35d1454462746bde65a36ccc0e1642f6fff6a21bc7f2,door,door,structure,intact,no_visible_damage,209.21,634.60,286.35,845.77,77.14,211.17,16289.65,0,manual,
HCVAT_EEE9363D28C2A3BD,8,6,commons_111156378.jpg,46fea4ba6a7d97be582f35d1454462746bde65a36ccc0e1642f6fff6a21bc7f2,wheel_tire,wheel_tire,mobility,intact,no_visible_damage,75.47,624.39,126.04,707.83,50.57,83.44,4219.56,0,manual,
HCVAT_9EEB742D1DF44FC9,8,7,commons_111156378.jpg,46fea4ba6a7d97be582f35d1454462746bde65a36ccc0e1642f6fff6a21bc7f2,wheel_tire,wheel_tire,mobility,intact,no_visible_damage,129.55,761.05,231.50,934.29,101.95,173.24,17661.82,0,manual,
HCVAT_D199472C85C072FD,9,1,commons_111156379.jpg,8d913519703de9aef5db4c43c2bb95dc7aa2e73f8d9e97a7714938a53a8ce1d4,wheel_tire,wheel_tire,mobility,intact,no_visible_damage,68.90,800.20,270.20,969.69,201.30,169.49,34118.34,0,manual,
HCVAT_F07DDC90E6623835,9,2,commons_111156379.jpg,8d913519703de9aef5db4c43c2bb95dc7aa2e73f8d9e97a7714938a53a8ce1d4,wheel_tire,wheel_tire,mobility,intact,no_visible_damage,1389.00,637.00,1510.40,791.40,121.40,154.40,18744.16,0,manual,
HCVAT_844E1D83523B13B6,9,3,commons_111156379.jpg,8d913519703de9aef5db4c43c2bb95dc7aa2e73f8d9e97a7714938a53a8ce1d4,engine_bay,engine_bay,structure,intact,no_visible_damage,59.00,656.09,644.21,859.00,585.21,202.91,118744.96,0,manual,
HCVAT_56A8CC9BF1361F99,9,4,commons_111156379.jpg,8d913519703de9aef5db4c43c2bb95dc7aa2e73f8d9e97a7714938a53a8ce1d4,wheel_tire,wheel_tire,mobility,intact,no_visible_damage,950.10,710.34,1115.87,910.26,165.77,199.92,33140.74,0,manual,
HCVAT_DDC37F13B8208DB2,9,5,commons_111156379.jpg,8d913519703de9aef5db4c43c2bb95dc7aa2e73f8d9e97a7714938a53a8ce1d4,wheel_tire,wheel_tire,mobility,intact,no_visible_damage,307.72,808.97,558.22,1070.85,250.50,261.88,65600.94,0,manual,
HCVAT_114CBA0251D91505,9,6,commons_111156379.jpg,8d913519703de9aef5db4c43c2bb95dc7aa2e73f8d9e97a7714938a53a8ce1d4,windshield,windshield,structure,intact,no_visible_damage,344.52,542.30,645.47,682.65,300.95,140.35,42238.33,0,manual,
HCVAT_D836698F015A2394,9,7,commons_111156379.jpg,8d913519703de9aef5db4c43c2bb95dc7aa2e73f8d9e97a7714938a53a8ce1d4,door,door,structure,intact,no_visible_damage,652.93,571.25,821.24,855.89,168.31,284.64,47907.76,0,manual,
HCVAT_9972F9D6BB9AB753,10,1,commons_111156397.jpg,df67ad1d5dc93a2a5cd1c103207c25f3cba94e1857003a8a34eb998fa70dc034,wheel_tire,wheel_tire,mobility,intact,no_visible_damage,569.60,802.78,824.40,1096.15,254.80,293.37,74750.68,0,manual,
HCVAT_ABB4BC9F3A4E814C,10,2,commons_111156397.jpg,df67ad1d5dc93a2a5cd1c103207c25f3cba94e1857003a8a34eb998fa70dc034,windshield,windshield,structure,intact,no_visible_damage,1474.90,429.74,1598.91,480.32,124.01,50.58,6272.43,0,manual,
HCVAT_86DB8FFAF7393080,10,3,commons_111156397.jpg,df67ad1d5dc93a2a5cd1c103207c25f3cba94e1857003a8a34eb998fa70dc034,wheel_tire,wheel_tire,mobility,intact,no_visible_damage,1173.60,698.96,1348.30,925.44,174.70,226.48,39566.06,0,manual,
HCVAT_4740B3CE643192FC,10,4,commons_111156397.jpg,df67ad1d5dc93a2a5cd1c103207c25f3cba94e1857003a8a34eb998fa70dc034,comms_equipment,comms_equipment,mission_equipment,intact,no_visible_damage,444.46,472.31,499.37,642.81,54.91,170.50,9362.16,0,manual,
HCVAT_5F6461A58837415A,10,5,commons_111156397.jpg,df67ad1d5dc93a2a5cd1c103207c25f3cba94e1857003a8a34eb998fa70dc034,engine_bay,engine_bay,structure,intact,no_visible_damage,1444.40,481.59,1600.00,573.60,155.60,92.01,14316.76,0,manual,
HCVAT_D89009376DB3B652,10,6,commons_111156397.jpg,df67ad1d5dc93a2a5cd1c103207c25f3cba94e1857003a8a34eb998fa70dc034,wheel_tire,wheel_tire,mobility,intact,no_visible_damage,1551.50,537.20,1600.00,619.90,48.50,82.70,4010.95,0,manual,
HCVAT_9AC43F2003AE2EF5,10,7,commons_111156397.jpg,df67ad1d5dc93a2a5cd1c103207c25f3cba94e1857003a8a34eb998fa70dc034,engine_bay,engine_bay,structure,intact,no_visible_damage,199.30,630.80,903.43,872.20,704.13,241.40,169976.98,0,manual,
HCVAT_292ED1B10726C334,10,8,commons_111156397.jpg,df67ad1d5dc93a2a5cd1c103207c25f3cba94e1857003a8a34eb998fa70dc034,windshield,windshield,structure,intact,no_visible_damage,491.20,501.60,915.80,638.39,424.60,136.79,58081.03,0,manual,
HCVAT_56CB51A7840DF8F8,10,9,commons_111156397.jpg,df67ad1d5dc93a2a5cd1c103207c25f3cba94e1857003a8a34eb998fa70dc034,door,door,structure,intact,no_visible_damage,921.13,522.70,1077.93,843.40,156.80,320.70,50285.76,0,manual,
HCVAT_458719BDD0FE4837,10,10,commons_111156397.jpg,df67ad1d5dc93a2a5cd1c103207c25f3cba94e1857003a8a34eb998fa70dc034,wheel_tire,wheel_tire,mobility,intact,no_visible_damage,209.50,823.01,434.70,1011.42,225.20,188.41,42429.93,0,manual,
HCVAT_0B53BC7B6269A4F9,11,1,commons_111156398.jpg,67517372acf8c8125f9a11dfb5d7bcc680c17b61d725e7503a55b402e3030547,windshield,windshield,structure,intact,no_visible_damage,531.30,521.70,904.30,647.80,373.00,126.10,47035.30,0,manual,
HCVAT_7893A0BFEA33E75D,11,2,commons_111156398.jpg,67517372acf8c8125f9a11dfb5d7bcc680c17b61d725e7503a55b402e3030547,door,door,structure,intact,no_visible_damage,0.00,503.90,173.40,721.85,173.40,217.95,37792.53,0,manual,
HCVAT_23D49096AD3FE7FD,11,3,commons_111156398.jpg,67517372acf8c8125f9a11dfb5d7bcc680c17b61d725e7503a55b402e3030547,door,door,structure,intact,no_visible_damage,929.40,540.00,1118.40,886.50,189.00,346.50,65488.50,0,manual,
HCVAT_42026BAB0AB95BCF,11,4,commons_111156398.jpg,67517372acf8c8125f9a11dfb5d7bcc680c17b61d725e7503a55b402e3030547,wheel_tire,wheel_tire,mobility,intact,no_visible_damage,548.10,824.27,814.92,1116.30,266.82,292.03,77919.44,0,manual,
HCVAT_59D2F6F62DBE0410,11,5,commons_111156398.jpg,67517372acf8c8125f9a11dfb5d7bcc680c17b61d725e7503a55b402e3030547,comms_equipment,comms_equipment,mission_equipment,intact,no_visible_damage,483.85,484.96,538.97,647.92,55.12,162.96,8982.36,0,manual,
HCVAT_6299972F79EE7B26,11,6,commons_111156398.jpg,67517372acf8c8125f9a11dfb5d7bcc680c17b61d725e7503a55b402e3030547,engine_bay,engine_bay,structure,intact,no_visible_damage,1428.21,374.11,1600.00,475.27,171.79,101.16,17378.28,0,manual,
HCVAT_1818029DEC0B0ACA,11,7,commons_111156398.jpg,67517372acf8c8125f9a11dfb5d7bcc680c17b61d725e7503a55b402e3030547,engine_bay,engine_bay,structure,intact,no_visible_damage,224.60,639.66,898.60,899.60,674.00,259.94,175199.56,0,manual,
HCVAT_ECF17783348F6464,11,8,commons_111156398.jpg,67517372acf8c8125f9a11dfb5d7bcc680c17b61d725e7503a55b402e3030547,weapons_station,weapon_station,mission_equipment,intact,no_visible_damage,536.72,246.40,1135.90,500.56,599.18,254.16,152287.59,0,manual,
HCVAT_44C849B36E2C6416,11,9,commons_111156398.jpg,67517372acf8c8125f9a11dfb5d7bcc680c17b61d725e7503a55b402e3030547,wheel_tire,wheel_tire,mobility,intact,no_visible_damage,1233.10,714.13,1420.62,936.80,187.52,222.67,41755.08,0,manual,
HCVAT_DD9A8DA934F66885,11,10,commons_111156398.jpg,67517372acf8c8125f9a11dfb5d7bcc680c17b61d725e7503a55b402e3030547,wheel_tire,wheel_tire,mobility,intact,no_visible_damage,228.90,835.70,463.90,1006.40,235.00,170.70,40114.50,0,manual,
HCVAT_1B826538AE684A36,11,11,commons_111156398.jpg,67517372acf8c8125f9a11dfb5d7bcc680c17b61d725e7503a55b402e3030547,door,door,structure,intact,no_visible_damage,1125.99,532.17,1268.88,845.77,142.89,313.60,44810.30,0,manual,
HCVAT_A49A7DA13A8D8BF2,11,12,commons_111156398.jpg,67517372acf8c8125f9a11dfb5d7bcc680c17b61d725e7503a55b402e3030547,windshield,windshield,structure,intact,no_visible_damage,1472.46,324.79,1600.00,372.84,127.54,48.05,6128.30,0,manual,
HCVAT_35ED8D78C969228E,11,13,commons_111156398.jpg,67517372acf8c8125f9a11dfb5d7bcc680c17b61d725e7503a55b402e3030547,wheel_tire,wheel_tire,mobility,intact,no_visible_damage,161.30,632.50,312.80,793.20,151.50,160.70,24346.05,0,manual,
HCVAT_F6DC321A1624E38B,12,1,commons_111156402.jpg,fa057f98bddfa3b1409785bd180d21082c02bb5b197ad5acaf6df5bb507019f1,wheel_tire,wheel_tire,mobility,intact,no_visible_damage,1401.65,527.11,1459.82,610.90,58.17,83.79,4874.06,0,manual,
HCVAT_6665B05E64A3F7AB,12,2,commons_111156402.jpg,fa057f98bddfa3b1409785bd180d21082c02bb5b197ad5acaf6df5bb507019f1,wheel_tire,wheel_tire,mobility,intact,no_visible_damage,186.20,646.45,325.20,780.30,139.00,133.85,18605.15,0,manual,
HCVAT_D4933B28B051645E,12,3,commons_111156402.jpg,fa057f98bddfa3b1409785bd180d21082c02bb5b197ad5acaf6df5bb507019f1,door,door,structure,intact,no_visible_damage,1483.73,452.61,1522.95,556.97,39.22,104.36,4093.00,0,manual,
HCVAT_A0D5D72673566934,12,4,commons_111156402.jpg,fa057f98bddfa3b1409785bd180d21082c02bb5b197ad5acaf6df5bb507019f1,door,door,structure,intact,no_visible_damage,37.03,530.04,188.72,735.94,151.69,205.90,31232.97,0,manual,
HCVAT_AC9D89C23237C097,12,5,commons_111156402.jpg,fa057f98bddfa3b1409785bd180d21082c02bb5b197ad5acaf6df5bb507019f1,door,door,structure,intact,no_visible_damage,0.00,538.24,33.39,742.31,33.39,204.07,6813.90,0,manual,
HCVAT_1A18410F971BFFCD,12,6,commons_111156402.jpg,fa057f98bddfa3b1409785bd180d21082c02bb5b197ad5acaf6df5bb507019f1,engine_bay,engine_bay,structure,intact,no_visible_damage,205.67,666.46,826.55,857.40,620.88,190.94,118550.83,0,manual,
HCVAT_0833C223CA5F9077,12,7,commons_111156402.jpg,fa057f98bddfa3b1409785bd180d21082c02bb5b197ad5acaf6df5bb507019f1,windshield,windshield,structure,intact,no_visible_damage,1316.50,453.00,1474.97,481.42,158.47,28.42,4503.72,0,manual,
HCVAT_E4EA652F668FEEBB,12,8,commons_111156402.jpg,fa057f98bddfa3b1409785bd180d21082c02bb5b197ad5acaf6df5bb507019f1,weapons_station,weapon_station,mission_equipment,intact,no_visible_damage,478.56,321.00,1058.97,532.17,580.41,211.17,122565.18,0,manual,
HCVAT_19A562D254E6E26A,12,9,commons_111156402.jpg,fa057f98bddfa3b1409785bd180d21082c02bb5b197ad5acaf6df5bb507019f1,engine_bay,engine_bay,structure,intact,no_visible_damage,1261.54,485.64,1480.30,555.19,218.76,69.55,15214.76,0,manual,
HCVAT_DCC3B5BDFED4B39B,12,10,commons_111156402.jpg,fa057f98bddfa3b1409785bd180d21082c02bb5b197ad5acaf6df5bb507019f1,wheel_tire,wheel_tire,mobility,intact,no_visible_damage,1540.75,515.40,1581.70,588.50,40.95,73.10,2993.45,0,manual,
HCVAT_81162890C7797652,12,11,commons_111156402.jpg,fa057f98bddfa3b1409785bd180d21082c02bb5b197ad5acaf6df5bb507019f1,door,door,structure,intact,no_visible_damage,871.69,566.67,1042.19,898.91,170.50,332.24,56646.92,0,manual,
HCVAT_A423071F19EE50CF,12,12,commons_111156402.jpg,fa057f98bddfa3b1409785bd180d21082c02bb5b197ad5acaf6df5bb507019f1,weapons_station,weapon_station,mission_equipment,intact,no_visible_damage,1350.06,366.77,1506.86,440.11,156.80,73.34,11499.71,0,manual,
HCVAT_7352278F8DC202D7,12,13,commons_111156402.jpg,fa057f98bddfa3b1409785bd180d21082c02bb5b197ad5acaf6df5bb507019f1,wheel_tire,wheel_tire,mobility,intact,no_visible_damage,190.25,859.68,399.70,1010.50,209.45,150.82,31589.25,0,manual,
HCVAT_3105EC5A99A853B8,12,14,commons_111156402.jpg,fa057f98bddfa3b1409785bd180d21082c02bb5b197ad5acaf6df5bb507019f1,windshield,windshield,structure,intact,no_visible_damage,489.18,560.11,827.98,681.42,338.80,121.31,41099.83,0,manual,
HCVAT_BA58B1174476C9A4,12,15,commons_111156402.jpg,fa057f98bddfa3b1409785bd180d21082c02bb5b197ad5acaf6df5bb507019f1,wheel_tire,wheel_tire,mobility,intact,no_visible_damage,1153.40,717.50,1326.60,939.35,173.20,221.85,38424.42,0,manual,
HCVAT_23AB0AE585A18CC6,12,16,commons_111156402.jpg,fa057f98bddfa3b1409785bd180d21082c02bb5b197ad5acaf6df5bb507019f1,weapons_station,weapon_station,mission_equipment,intact,no_visible_damage,0.00,399.65,101.98,505.87,101.98,106.22,10832.32,0,manual,
HCVAT_E7D4F8A071BB5092,12,17,commons_111156402.jpg,fa057f98bddfa3b1409785bd180d21082c02bb5b197ad5acaf6df5bb507019f1,comms_equipment,comms_equipment,mission_equipment,intact,no_visible_damage,434.62,519.82,491.20,678.44,56.58,158.62,8974.72,0,manual,
HCVAT_1422743804B7A1F6,12,18,commons_111156402.jpg,fa057f98bddfa3b1409785bd180d21082c02bb5b197ad5acaf6df5bb507019f1,comms_equipment,comms_equipment,mission_equipment,intact,no_visible_damage,1299.93,442.05,1317.09,493.39,17.16,51.34,880.99,0,manual,
HCVAT_25DC0929BA5EB316,12,19,commons_111156402.jpg,fa057f98bddfa3b1409785bd180d21082c02bb5b197ad5acaf6df5bb507019f1,door,door,structure,intact,no_visible_damage,1042.19,546.99,1200.66,869.40,158.47,322.41,51092.31,0,manual,
HCVAT_84AEF676F5CB348C,12,20,commons_111156402.jpg,fa057f98bddfa3b1409785bd180d21082c02bb5b197ad5acaf6df5bb507019f1,door,door,structure,intact,no_visible_damage,1522.78,451.95,1561.84,554.18,39.06,102.23,3993.10,0,manual,
HCVAT_FB60650C3E6B7C04,12,21,commons_111156402.jpg,fa057f98bddfa3b1409785bd180d21082c02bb5b197ad5acaf6df5bb507019f1,wheel_tire,wheel_tire,mobility,intact,no_visible_damage,503.85,841.98,764.34,1120.17,260.49,278.19,72465.71,0,manual,
HCVAT_3B24778865026115,13,1,commons_111156405.jpg,9d87783a3940f5c5b014104e0ca887a57b9d23dc4f3f89f014dbb43b2db595ac,wheel_tire,wheel_tire,mobility,intact,no_visible_damage,1424.03,626.97,1509.48,702.30,85.45,75.33,6436.95,0,manual,
HCVAT_CF24358F1214B344,13,2,commons_111156405.jpg,9d87783a3940f5c5b014104e0ca887a57b9d23dc4f3f89f014dbb43b2db595ac,wheel_tire,wheel_tire,mobility,intact,no_visible_damage,1171.05,647.20,1236.26,718.04,65.21,70.84,4619.48,0,manual,
HCVAT_129FCC5AB788A1E2,13,3,commons_111156405.jpg,9d87783a3940f5c5b014104e0ca887a57b9d23dc4f3f89f014dbb43b2db595ac,weapons_station,weapon_station,mission_equipment,intact,no_visible_damage,1175.54,534.77,1417.28,622.47,241.74,87.70,21200.60,0,manual,
HCVAT_B6EE1CC6820C65E5,13,4,commons_111156405.jpg,9d87783a3940f5c5b014104e0ca887a57b9d23dc4f3f89f014dbb43b2db595ac,weapons_station,weapon_station,mission_equipment,intact,no_visible_damage,211.96,452.69,636.97,568.50,425.01,115.81,49220.41,0,manual,
HCVAT_E3C38231BE0E618F,13,5,commons_111156405.jpg,9d87783a3940f5c5b014104e0ca887a57b9d23dc4f3f89f014dbb43b2db595ac,wheel_tire,wheel_tire,mobility,intact,no_visible_damage,1309.34,710.17,1394.79,798.99,85.45,88.82,7589.67,0,manual,
HCVAT_DF79FBF10712A160,13,6,commons_111156405.jpg,9d87783a3940f5c5b014104e0ca887a57b9d23dc4f3f89f014dbb43b2db595ac,wheel_tire,wheel_tire,mobility,intact,no_visible_damage,1399.29,703.42,1490.37,795.62,91.08,92.20,8397.58,0,manual,
HCVAT_93DFBCBCA4C91074,13,7,commons_111156405.jpg,9d87783a3940f5c5b014104e0ca887a57b9d23dc4f3f89f014dbb43b2db595ac,wheel_tire,wheel_tire,mobility,intact,no_visible_damage,1243.01,638.21,1334.08,723.66,91.07,85.45,7781.93,0,manual,
HCVAT_BF9421C2F64DFEA9,13,8,commons_111156405.jpg,9d87783a3940f5c5b014104e0ca887a57b9d23dc4f3f89f014dbb43b2db595ac,wheel_tire,wheel_tire,mobility,intact,no_visible_damage,1337.45,629.21,1419.53,693.30,82.08,64.09,5260.51,0,manual,
HCVAT_775E9C6D9D65C8D1,13,9,commons_111156405.jpg,9d87783a3940f5c5b014104e0ca887a57b9d23dc4f3f89f014dbb43b2db595ac,comms_equipment,comms_equipment,mission_equipment,intact,no_visible_damage,278.30,570.75,313.16,658.45,34.86,87.70,3057.22,0,manual,
HCVAT_0EEE40CF50423442,13,10,commons_111156405.jpg,9d87783a3940f5c5b014104e0ca887a57b9d23dc4f3f89f014dbb43b2db595ac,wheel_tire,wheel_tire,mobility,intact,no_visible_damage,113.02,741.65,289.54,906.93,176.52,165.28,29175.23,0,manual,
HCVAT_C10B0B84F37DAFA4,13,11,commons_111156405.jpg,9d87783a3940f5c5b014104e0ca887a57b9d23dc4f3f89f014dbb43b2db595ac,engine_bay,engine_bay,structure,intact,no_visible_damage,75.50,659.57,350.26,779.30,274.76,119.73,32897.01,0,manual,
HCVAT_591326F28B1A7A80,13,12,commons_111156405.jpg,9d87783a3940f5c5b014104e0ca887a57b9d23dc4f3f89f014dbb43b2db595ac,wheel_tire,wheel_tire,mobility,intact,no_visible_damage,702.19,709.04,843.86,856.34,141.67,147.30,20867.99,0,manual,
HCVAT_3A788F45D39C97BB,13,13,commons_111156405.jpg,9d87783a3940f5c5b014104e0ca887a57b9d23dc4f3f89f014dbb43b2db595ac,door,door,structure,intact,no_visible_damage,366.00,602.23,522.29,792.25,156.29,190.02,29698.23,0,manual,
HCVAT_1E6291F3E3833F8A,13,14,commons_111156405.jpg,9d87783a3940f5c5b014104e0ca887a57b9d23dc4f3f89f014dbb43b2db595ac,door,door,structure,intact,no_visible_damage,524.54,590.99,684.20,778.76,159.66,187.77,29979.36,0,manual,
HCVAT_5C1B69476F28AC13,13,15,commons_111156405.jpg,9d87783a3940f5c5b014104e0ca887a57b9d23dc4f3f89f014dbb43b2db595ac,windshield,windshield,structure,intact,no_visible_damage,318.78,598.86,361.50,653.95,42.72,55.09,2353.44,0,manual,
HCVAT_2C0343315A57EF5F,14,1,commons_111156409.jpg,c598671aa099b471c4729615967fa6d52c7e0151fb7d00ab5d2615c5666d261e,wheel_tire,wheel_tire,mobility,intact,no_visible_damage,683.66,805.56,878.40,1101.46,194.74,295.90,57623.57,0,manual,
HCVAT_E6727A52591FA0A2,14,2,commons_111156409.jpg,c598671aa099b471c4729615967fa6d52c7e0151fb7d00ab5d2615c5666d261e,engine_bay,engine_bay,structure,intact,no_visible_damage,275.22,655.08,950.47,859.93,675.25,204.85,138324.96,0,manual,
HCVAT_B4F235D94B931D77,14,3,commons_111156409.jpg,c598671aa099b471c4729615967fa6d52c7e0151fb7d00ab5d2615c5666d261e,wheel_tire,wheel_tire,mobility,intact,no_visible_damage,1269.13,714.51,1371.56,944.66,102.43,230.15,23574.26,0,manual,
HCVAT_68D680894553E350,14,4,commons_111156409.jpg,c598671aa099b471c4729615967fa6d52c7e0151fb7d00ab5d2615c5666d261e,weapons_station,weapon_station,mission_equipment,intact,no_visible_damage,721.60,321.25,1099.69,498.28,378.09,177.03,66933.27,0,manual,
HCVAT_4C9157DF0BFBD1A8,14,5,commons_111156409.jpg,c598671aa099b471c4729615967fa6d52c7e0151fb7d00ab5d2615c5666d261e,wheel_tire,wheel_tire,mobility,intact,no_visible_damage,224.64,839.70,339.71,1034.44,115.07,194.74,22408.73,0,manual,
HCVAT_C6681D45BECF1910,14,6,commons_111156409.jpg,c598671aa099b471c4729615967fa6d52c7e0151fb7d00ab5d2615c5666d261e,door,door,structure,intact,no_visible_damage,982.09,550.13,1128.77,881.43,146.68,331.30,48595.08,0,manual,
HCVAT_0191BCC5912EA065,14,7,commons_111156409.jpg,c598671aa099b471c4729615967fa6d52c7e0151fb7d00ab5d2615c5666d261e,windshield,windshield,structure,intact,no_visible_damage,509.16,529.90,945.41,652.55,436.25,122.65,53506.06,0,manual,
HCVAT_1975A91A1ED2BE27,14,8,commons_111156409.jpg,c598671aa099b471c4729615967fa6d52c7e0151fb7d00ab5d2615c5666d261e,door,door,structure,intact,no_visible_damage,1128.77,540.01,1253.96,844.76,125.19,304.75,38151.65,0,manual,
HCVAT_F0C1C56160BA925C,15,1,commons_111314686.jpg,c5beecc4dfe0eb4b15d9bf0f7a7e8c75a46e8529a580985095cc8f27209268a9,wheel_tire,wheel_tire,mobility,intact,no_visible_damage,1166.56,640.98,1250.71,825.68,84.15,184.70,15542.51,0,manual,
HCVAT_216474CD5640688C,15,2,commons_111314686.jpg,c5beecc4dfe0eb4b15d9bf0f7a7e8c75a46e8529a580985095cc8f27209268a9,weapons_station,weapon_station,mission_equipment,intact,no_visible_damage,569.84,338.25,989.51,461.75,419.67,123.50,51829.24,0,manual,
HCVAT_750D61A1C0632B23,15,3,commons_111314686.jpg,c5beecc4dfe0eb4b15d9bf0f7a7e8c75a46e8529a580985095cc8f27209268a9,wheel_tire,wheel_tire,mobility,intact,no_visible_damage,547.98,763.39,802.62,1081.42,254.64,318.03,80983.16,0,manual,
HCVAT_914F8C56E849A4AB,15,4,commons_111314686.jpg,c5beecc4dfe0eb4b15d9bf0f7a7e8c75a46e8529a580985095cc8f27209268a9,door,door,structure,intact,no_visible_damage,1014.64,506.56,1141.40,779.80,126.76,273.24,34635.90,0,manual,
HCVAT_6BC351E79EC35DFC,15,5,commons_111314686.jpg,c5beecc4dfe0eb4b15d9bf0f7a7e8c75a46e8529a580985095cc8f27209268a9,door,door,structure,intact,no_visible_damage,833.22,508.74,1012.46,816.94,179.24,308.20,55241.77,0,manual,
HCVAT_98C10F8DB5BABE71,16,1,commons_111314687.jpg,5d3839ef84aed27c168171b91b5904679e854945a7cf82606135bff62756abf4,door,door,structure,intact,no_visible_damage,502.08,521.86,637.60,804.92,135.52,283.06,38360.29,0,manual,
HCVAT_26316515C05B9025,16,2,commons_111314687.jpg,5d3839ef84aed27c168171b91b5904679e854945a7cf82606135bff62756abf4,door,door,structure,intact,no_visible_damage,639.78,531.69,821.20,847.54,181.42,315.85,57301.51,0,manual,
HCVAT_1A341D511F060636,16,3,commons_111314687.jpg,5d3839ef84aed27c168171b91b5904679e854945a7cf82606135bff62756abf4,wheel_tire,wheel_tire,mobility,intact,no_visible_damage,376.39,662.84,500.98,845.35,124.59,182.51,22738.92,0,manual,
HCVAT_F7B32A95DB75F815,16,4,commons_111314687.jpg,5d3839ef84aed27c168171b91b5904679e854945a7cf82606135bff62756abf4,wheel_tire,wheel_tire,mobility,intact,no_visible_damage,858.36,776.50,1139.23,1081.42,280.87,304.92,85642.88,0,manual,
HCVAT_5BC8EC6175FDC68D,16,5,commons_111314687.jpg,5d3839ef84aed27c168171b91b5904679e854945a7cf82606135bff62756abf4,weapons_station,weapon_station,mission_equipment,intact,no_visible_damage,578.58,348.09,1060.55,480.33,481.97,132.24,63735.71,0,manual,
HCVAT_5C1110BB161F5AEB,17,1,commons_115859539.jpg,6b0a37d528b0e9aefcbaeac2ead89b030621773f5bdfeb179f8c518c86423e55,windshield,windshield,structure,destroyed,severe_visible_damage,397.16,305.46,988.41,536.07,591.25,230.61,136348.16,0,manual,
HCVAT_D0B356C892E54825,17,2,commons_115859539.jpg,6b0a37d528b0e9aefcbaeac2ead89b030621773f5bdfeb179f8c518c86423e55,engine_bay,engine_bay,structure,destroyed,severe_visible_damage,341.42,538.25,1074.75,824.59,733.33,286.34,209981.71,0,manual,
HCVAT_DE641B819D34305E,17,3,commons_115859539.jpg,6b0a37d528b0e9aefcbaeac2ead89b030621773f5bdfeb179f8c518c86423e55,door,door,structure,degraded,possible_damage,38.69,444.26,355.63,855.19,316.94,410.93,130240.15,0,manual,
HCVAT_1694CD517644EE2D,18,1,commons_116019413.jpg,d64997dd1f2f5bfc590c0fdc4e41fa841898db895da8b752ef0d8b2450dd0afd,wheel_tire,wheel_tire,mobility,intact,no_visible_damage,719.75,671.55,834.42,929.07,114.67,257.52,29529.82,0,manual,
HCVAT_8BF45C65D7664982,18,2,commons_116019413.jpg,d64997dd1f2f5bfc590c0fdc4e41fa841898db895da8b752ef0d8b2450dd0afd,wheel_tire,wheel_tire,mobility,intact,no_visible_damage,182.36,665.72,306.75,912.55,124.39,246.83,30703.18,0,manual,
HCVAT_56CD71BEF33D2E4C,18,3,commons_116019413.jpg,d64997dd1f2f5bfc590c0fdc4e41fa841898db895da8b752ef0d8b2450dd0afd,wheel_tire,wheel_tire,mobility,intact,no_visible_damage,854.82,790.10,958.80,886.31,103.98,96.21,10003.92,0,manual,
HCVAT_7140B3DD07F97538,18,4,commons_116019413.jpg,d64997dd1f2f5bfc590c0fdc4e41fa841898db895da8b752ef0d8b2450dd0afd,wheel_tire,wheel_tire,mobility,intact,no_visible_damage,1096.79,618.10,1207.57,809.54,110.78,191.44,21207.72,0,manual,
HCVAT_2F87A7748D48562E,18,5,commons_116019413.jpg,d64997dd1f2f5bfc590c0fdc4e41fa841898db895da8b752ef0d8b2450dd0afd,wheel_tire,wheel_tire,mobility,intact,no_visible_damage,355.34,797.78,469.03,878.53,113.69,80.75,9180.47,0,manual,
HCVAT_AA716B5617CB4FAE,18,6,commons_116019413.jpg,d64997dd1f2f5bfc590c0fdc4e41fa841898db895da8b752ef0d8b2450dd0afd,weapons_station,weapon_station,mission_equipment,intact,no_visible_damage,954.92,225.51,1310.58,417.92,355.66,192.41,68432.54,0,manual,
HCVAT_E5226B72CD1D2B6E,18,7,commons_116019413.jpg,d64997dd1f2f5bfc590c0fdc4e41fa841898db895da8b752ef0d8b2450dd0afd,weapons_station,weapon_station,mission_equipment,intact,no_visible_damage,413.64,260.49,805.26,387.79,391.62,127.30,49853.23,0,manual,
HCVAT_87986E04F1E541D7,18,8,commons_116019413.jpg,d64997dd1f2f5bfc590c0fdc4e41fa841898db895da8b752ef0d8b2450dd0afd,engine_bay,engine_bay,structure,intact,no_visible_damage,975.23,531.61,1249.36,651.14,274.13,119.53,32766.76,0,manual,
HCVAT_2550682B0EB0B182,18,9,commons_116019413.jpg,d64997dd1f2f5bfc590c0fdc4e41fa841898db895da8b752ef0d8b2450dd0afd,engine_bay,engine_bay,structure,intact,no_visible_damage,190.13,534.53,870.37,694.87,680.24,160.34,109069.68,0,manual,
HCVAT_0933106DCD1E7C58,18,10,commons_116019413.jpg,d64997dd1f2f5bfc590c0fdc4e41fa841898db895da8b752ef0d8b2450dd0afd,door,door,structure,intact,no_visible_damage,1255.19,449.99,1349.45,689.04,94.26,239.05,22532.85,0,manual,
HCVAT_A21883A6BE4D4792,18,11,commons_116019413.jpg,d64997dd1f2f5bfc590c0fdc4e41fa841898db895da8b752ef0d8b2450dd0afd,door,door,structure,intact,no_visible_damage,1344.59,455.82,1551.58,696.81,206.99,240.99,49882.52,0,manual,
HCVAT_5B0B0F8D118F46E3,18,12,commons_116019413.jpg,d64997dd1f2f5bfc590c0fdc4e41fa841898db895da8b752ef0d8b2450dd0afd,windshield,windshield,structure,intact,no_visible_damage,288.28,415.00,835.39,519.95,547.11,104.95,57419.19,0,manual,
HCVAT_EDADEAF094B68FD2,18,13,commons_116019413.jpg,d64997dd1f2f5bfc590c0fdc4e41fa841898db895da8b752ef0d8b2450dd0afd,windshield,windshield,structure,intact,no_visible_damage,940.34,450.96,1243.53,527.73,303.19,76.77,23275.90,0,manual,
HCVAT_19E752FDA6B7AD70,19,1,commons_116019587.jpg,8636dd6be4918f425197a2f2c4d633142c39df05428feb9e85e3e06d89f7370d,wheel_tire,wheel_tire,mobility,intact,no_visible_damage,920.81,789.13,991.84,1050.54,71.03,261.41,18567.95,0,manual,
HCVAT_ABC70CF6A5ACBF2D,19,2,commons_116019587.jpg,8636dd6be4918f425197a2f2c4d633142c39df05428feb9e85e3e06d89f7370d,wheel_tire,wheel_tire,mobility,intact,no_visible_damage,356.70,927.31,435.05,1065.10,78.35,137.79,10795.85,0,manual,
HCVAT_9FA74C81BDFDACAE,19,3,commons_116019587.jpg,8636dd6be4918f425197a2f2c4d633142c39df05428feb9e85e3e06d89f7370d,comms_equipment,comms_equipment,mission_equipment,intact,no_visible_damage,255.24,337.16,409.75,731.80,154.51,394.64,60975.83,0,manual,
HCVAT_01E56C5CFACE4A35,19,4,commons_116019587.jpg,8636dd6be4918f425197a2f2c4d633142c39df05428feb9e85e3e06d89f7370d,comms_equipment,comms_equipment,mission_equipment,intact,no_visible_damage,863.57,392.55,1041.40,703.62,177.83,311.07,55317.58,0,manual,
HCVAT_84E2424FCBDF635C,19,5,commons_116019587.jpg,8636dd6be4918f425197a2f2c4d633142c39df05428feb9e85e3e06d89f7370d,door,door,structure,intact,no_visible_damage,1028.77,552.99,1202.72,875.62,173.95,322.63,56121.49,0,manual,
HCVAT_2A30C7B3C8B5C116,19,6,commons_116019587.jpg,8636dd6be4918f425197a2f2c4d633142c39df05428feb9e85e3e06d89f7370d,weapons_station,weapon_station,mission_equipment,intact,no_visible_damage,405.87,376.13,975.32,518.01,569.45,141.88,80793.57,0,manual,
HCVAT_3F9AEF7FE394B9CB,19,7,commons_116019587.jpg,8636dd6be4918f425197a2f2c4d633142c39df05428feb9e85e3e06d89f7370d,wheel_tire,wheel_tire,mobility,intact,no_visible_damage,542.88,950.70,656.58,1019.30,113.70,68.60,7799.82,0,manual,
HCVAT_28F0A34517096716,20,1,commons_116019772.jpg,3f45e751fa9e62ee072e13af48407ec70e2a6c85896cee376a2d5a82ca04a086,wheel_tire,wheel_tire,mobility,intact,no_visible_damage,268.85,657.80,452.50,942.67,183.65,284.87,52316.38,0,manual,
HCVAT_C83B96D47213349E,20,2,commons_116019772.jpg,3f45e751fa9e62ee072e13af48407ec70e2a6c85896cee376a2d5a82ca04a086,door,door,structure,intact,no_visible_damage,143.39,419.86,202.77,698.76,59.38,278.90,16561.08,0,manual,
HCVAT_AFDA84D02958E108,20,3,commons_116019772.jpg,3f45e751fa9e62ee072e13af48407ec70e2a6c85896cee376a2d5a82ca04a086,windshield,windshield,structure,intact,no_visible_damage,293.14,419.86,644.92,514.12,351.78,94.26,33158.78,0,manual,
HCVAT_09F3B8BF2465963F,20,4,commons_116019772.jpg,3f45e751fa9e62ee072e13af48407ec70e2a6c85896cee376a2d5a82ca04a086,wheel_tire,wheel_tire,mobility,intact,no_visible_damage,689.30,699.63,859.68,838.69,170.38,139.06,23693.04,0,manual,
HCVAT_889CB9120636D5B9,20,5,commons_116019772.jpg,3f45e751fa9e62ee072e13af48407ec70e2a6c85896cee376a2d5a82ca04a086,engine_bay,engine_bay,structure,intact,no_visible_damage,248.44,521.90,872.32,707.50,623.88,185.60,115792.13,0,manual,
HCVAT_C3D5527EB86CA7BA,20,6,commons_116019772.jpg,3f45e751fa9e62ee072e13af48407ec70e2a6c85896cee376a2d5a82ca04a086,wheel_tire,wheel_tire,mobility,intact,no_visible_damage,60.89,558.82,126.90,716.25,66.01,157.43,10391.95,0,manual,
HCVAT_050FB82275962B82,20,7,commons_116019772.jpg,3f45e751fa9e62ee072e13af48407ec70e2a6c85896cee376a2d5a82ca04a086,comms_equipment,comms_equipment,mission_equipment,intact,no_visible_damage,242.61,356.70,307.72,524.81,65.11,168.11,10945.64,0,manual,
HCVAT_396EFC6CB4F6A449,20,8,commons_116019772.jpg,3f45e751fa9e62ee072e13af48407ec70e2a6c85896cee376a2d5a82ca04a086,weapons_station,weapon_station,mission_equipment,intact,no_visible_damage,214.43,245.91,493.33,385.85,278.90,139.94,39029.27,0,manual,
HCVAT_A9E4B7424F887878,20,9,commons_116019772.jpg,3f45e751fa9e62ee072e13af48407ec70e2a6c85896cee376a2d5a82ca04a086,comms_equipment,comms_equipment,mission_equipment,intact,no_visible_damage,63.81,288.57,141.55,459.70,77.74,171.13,13303.65,0,manual,
HCVAT_B313381079D49E27,21,1,commons_116020366.jpg,ff51eb5a4058c984773600a68a4ab5a7895e91b8824fd18ba53d77bbfe3b11ea,wheel_tire,wheel_tire,mobility,intact,no_visible_damage,829.56,567.57,1043.35,751.23,213.79,183.66,39264.67,0,manual,
HCVAT_B978AE2C4696C0FE,21,2,commons_116020366.jpg,ff51eb5a4058c984773600a68a4ab5a7895e91b8824fd18ba53d77bbfe3b11ea,door,door,structure,intact,no_visible_damage,506.93,408.20,734.32,664.75,227.39,256.55,58336.90,0,manual,
HCVAT_FC68EE3609FD8197,21,3,commons_116020366.jpg,ff51eb5a4058c984773600a68a4ab5a7895e91b8824fd18ba53d77bbfe3b11ea,weapons_station,weapon_station,mission_equipment,intact,no_visible_damage,411.70,164.29,807.21,370.30,395.51,206.01,81479.02,0,manual,
HCVAT_3864E7E726976BD2,21,4,commons_116020366.jpg,ff51eb5a4058c984773600a68a4ab5a7895e91b8824fd18ba53d77bbfe3b11ea,engine_bay,engine_bay,structure,intact,no_visible_damage,781.94,491.77,1071.53,572.43,289.59,80.66,23358.33,0,manual,
HCVAT_D377C8A7A899A0FA,21,5,commons_116020366.jpg,ff51eb5a4058c984773600a68a4ab5a7895e91b8824fd18ba53d77bbfe3b11ea,door,door,structure,intact,no_visible_damage,273.71,412.09,512.76,676.41,239.05,264.32,63185.70,0,manual,
HCVAT_6E9204567550D2C2,21,6,commons_116020366.jpg,ff51eb5a4058c984773600a68a4ab5a7895e91b8824fd18ba53d77bbfe3b11ea,comms_equipment,comms_equipment,mission_equipment,intact,no_visible_damage,735.30,349.89,787.77,490.80,52.47,140.91,7393.55,0,manual,
HCVAT_5420A9FC8517F9BB,21,7,commons_116020366.jpg,ff51eb5a4058c984773600a68a4ab5a7895e91b8824fd18ba53d77bbfe3b11ea,wheel_tire,wheel_tire,mobility,intact,no_visible_damage,54.09,600.61,283.42,796.91,229.33,196.30,45017.48,0,manual,
HCVAT_2F301543F2578F39,22,1,commons_116105274.jpg,e535acec70bffb61db573123ac581a1a5e26c9a99b60dfe5085c7f0aac5af64f,windshield,windshield,structure,intact,no_visible_damage,970.37,380.89,1142.47,475.25,172.10,94.36,16239.36,0,manual,
HCVAT_6E629970A8DFEC2A,22,2,commons_116105274.jpg,e535acec70bffb61db573123ac581a1a5e26c9a99b60dfe5085c7f0aac5af64f,weapons_station,weapon_station,mission_equipment,intact,no_visible_damage,184.30,44.76,760.56,296.45,576.26,251.69,145038.88,0,manual,
HCVAT_2BA085F6519690BD,22,3,commons_116105274.jpg,e535acec70bffb61db573123ac581a1a5e26c9a99b60dfe5085c7f0aac5af64f,weapons_station,weapon_station,mission_equipment,intact,no_visible_damage,986.98,92.38,1162.90,350.90,175.92,258.52,45478.84,0,manual,
HCVAT_BF2E2E83A35CD8DB,22,4,commons_116105274.jpg,e535acec70bffb61db573123ac581a1a5e26c9a99b60dfe5085c7f0aac5af64f,weapons_station,weapon_station,mission_equipment,intact,no_visible_damage,792.63,27.27,982.12,322.68,189.49,295.41,55977.24,0,manual,
HCVAT_D6B8AA29913D3225,22,5,commons_116105274.jpg,e535acec70bffb61db573123ac581a1a5e26c9a99b60dfe5085c7f0aac5af64f,windshield,windshield,structure,intact,no_visible_damage,1131.68,413.93,1271.71,491.77,140.03,77.84,10899.94,0,manual,
HCVAT_2B06B53DCA62B71A,22,6,commons_116105274.jpg,e535acec70bffb61db573123ac581a1a5e26c9a99b60dfe5085c7f0aac5af64f,windshield,windshield,structure,intact,no_visible_damage,567.18,331.43,962.69,468.45,395.51,137.02,54192.78,0,manual,
HCVAT_24EF396ADA6B3BAD,22,7,commons_116105274.jpg,e535acec70bffb61db573123ac581a1a5e26c9a99b60dfe5085c7f0aac5af64f,engine_bay,engine_bay,structure,intact,no_visible_damage,639.09,488.86,1322.24,760.95,683.15,272.09,185878.28,0,manual,
HCVAT_DE2F5559181249D8,22,8,commons_116105274.jpg,e535acec70bffb61db573123ac581a1a5e26c9a99b60dfe5085c7f0aac5af64f,door,door,structure,intact,no_visible_damage,96.85,314.91,337.84,705.56,240.99,390.65,94142.74,0,manual,
HCVAT_F429D3BBA6E9888D,22,9,commons_116105274.jpg,e535acec70bffb61db573123ac581a1a5e26c9a99b60dfe5085c7f0aac5af64f,door,door,structure,intact,no_visible_damage,346.59,325.60,574.95,712.36,228.36,386.76,88320.51,0,manual,
HCVAT_88B9339286FBC61E,22,10,commons_116105274.jpg,e535acec70bffb61db573123ac581a1a5e26c9a99b60dfe5085c7f0aac5af64f,wheel_tire,wheel_tire,mobility,intact,no_visible_damage,599.25,709.45,924.79,1042.76,325.54,333.31,108505.74,0,manual,
HCVAT_D43AFC1A44EC165F,23,1,commons_116105961.jpg,ec9d21ef51c0eab3061fc9ad64006f5fb05b22d351759614e51561cc705b39fc,comms_equipment,comms_equipment,mission_equipment,intact,no_visible_damage,732.77,444.22,800.50,660.97,67.73,216.75,14680.48,0,manual,
HCVAT_74FB6D5377CDFC3D,23,2,commons_116105961.jpg,ec9d21ef51c0eab3061fc9ad64006f5fb05b22d351759614e51561cc705b39fc,door,door,structure,intact,no_visible_damage,493.44,502.92,687.61,880.73,194.17,377.81,73359.37,0,manual,
HCVAT_61FB83C03E09A146,23,3,commons_116105961.jpg,ec9d21ef51c0eab3061fc9ad64006f5fb05b22d351759614e51561cc705b39fc,weapons_station,weapon_station,mission_equipment,intact,no_visible_damage,482.64,161.37,1167.73,422.78,685.09,261.41,179089.38,0,manual,
HCVAT_CF06089A5E139A20,23,4,commons_116105961.jpg,ec9d21ef51c0eab3061fc9ad64006f5fb05b22d351759614e51561cc705b39fc,door,door,structure,intact,no_visible_damage,302.28,507.44,503.97,879.22,201.69,371.78,74984.31,0,manual,
HCVAT_613EF2E5580F65D2,23,5,commons_116105961.jpg,ec9d21ef51c0eab3061fc9ad64006f5fb05b22d351759614e51561cc705b39fc,wheel_tire,wheel_tire,mobility,intact,no_visible_damage,174.33,745.26,341.41,998.13,167.08,252.87,42249.52,0,manual,
HCVAT_7E866D443DE5F532,23,6,commons_116105961.jpg,ec9d21ef51c0eab3061fc9ad64006f5fb05b22d351759614e51561cc705b39fc,windshield,windshield,structure,intact,no_visible_damage,791.47,502.92,1243.03,606.78,451.56,103.86,46899.02,0,manual,
HCVAT_1E171488928E7859,23,7,commons_116105961.jpg,ec9d21ef51c0eab3061fc9ad64006f5fb05b22d351759614e51561cc705b39fc,engine_bay,engine_bay,structure,intact,no_visible_damage,788.46,620.33,1504.94,751.28,716.48,130.95,93823.06,0,manual,
HCVAT_76B3571132D0CA02,23,8,commons_116105961.jpg,ec9d21ef51c0eab3061fc9ad64006f5fb05b22d351759614e51561cc705b39fc,wheel_tire,wheel_tire,mobility,intact,no_visible_damage,802.00,766.33,985.64,1046.30,183.64,279.97,51413.69,0,manual,
HCVAT_20B8CB0E2A1B032A,24,1,commons_116298354.png,a0da930528c4f0a6807969fa1a025eb84d86b3f36b35e66a6c3e3e3f103ec0ca,wheel_tire,wheel_tire,mobility,intact,no_visible_damage,1250.82,449.18,1275.41,485.24,24.59,36.06,886.72,0,manual,
HCVAT_757D4BB29BDA7FF6,24,2,commons_116298354.png,a0da930528c4f0a6807969fa1a025eb84d86b3f36b35e66a6c3e3e3f103ec0ca,windshield,windshield,structure,intact,no_visible_damage,1280.33,353.28,1339.34,376.23,59.01,22.95,1354.28,0,manual,
HCVAT_FBBF47ED57EAD942,24,3,commons_116298354.png,a0da930528c4f0a6807969fa1a025eb84d86b3f36b35e66a6c3e3e3f103ec0ca,wheel_tire,wheel_tire,mobility,intact,no_visible_damage,1329.51,440.98,1350.82,464.75,21.31,23.77,506.54,0,manual,
HCVAT_FC7853D99939190B,24,4,commons_116298354.png,a0da930528c4f0a6807969fa1a025eb84d86b3f36b35e66a6c3e3e3f103ec0ca,wheel_tire,wheel_tire,mobility,intact,no_visible_damage,956.60,498.36,1110.65,863.93,154.05,365.57,56316.06,0,manual,
HCVAT_47E18F63CC1F5F94,24,5,commons_116298354.png,a0da930528c4f0a6807969fa1a025eb84d86b3f36b35e66a6c3e3e3f103ec0ca,wheel_tire,wheel_tire,mobility,intact,no_visible_damage,1356.56,422.95,1362.29,456.56,5.73,33.61,192.59,0,manual,
HCVAT_23829B9282B76B27,24,6,commons_116298354.png,a0da930528c4f0a6807969fa1a025eb84d86b3f36b35e66a6c3e3e3f103ec0ca,windshield,windshield,structure,intact,no_visible_damage,675.41,143.44,1095.08,279.51,419.67,136.07,57104.50,0,manual,
HCVAT_D084244950DFDE8A,24,7,commons_116298354.png,a0da930528c4f0a6807969fa1a025eb84d86b3f36b35e66a6c3e3e3f103ec0ca,engine_bay,engine_bay,structure,intact,no_visible_damage,434.30,235.24,1037.70,520.90,603.40,285.66,172367.24,0,manual,
HCVAT_5993B5D04C322AA1,24,8,commons_116298354.png,a0da930528c4f0a6807969fa1a025eb84d86b3f36b35e66a6c3e3e3f103ec0ca,weapons_station,weapon_station,mission_equipment,intact,no_visible_damage,814.75,50.82,1063.93,159.01,249.18,108.19,26958.78,0,manual,
HCVAT_54F9BC99ADB78275,25,1,commons_116298356.png,4e51e39b5fadc22e95eb9dbfc549a03b5c1be4a195e5d5252c2244aaf44fd916,door,door,structure,intact,no_visible_damage,530.33,169.67,617.21,472.13,86.88,302.46,26277.72,0,manual,
HCVAT_F13D5F0B37ED13A5,25,2,commons_116298356.png,4e51e39b5fadc22e95eb9dbfc549a03b5c1be4a195e5d5252c2244aaf44fd916,wheel_tire,wheel_tire,mobility,intact,no_visible_damage,403.28,435.24,495.08,613.93,91.80,178.69,16403.74,0,manual,
HCVAT_53290BE6B6F4D1D4,25,3,commons_116298356.png,4e51e39b5fadc22e95eb9dbfc549a03b5c1be4a195e5d5252c2244aaf44fd916,door,door,structure,intact,no_visible_damage,470.49,207.38,526.23,455.74,55.74,248.36,13843.59,0,manual,
HCVAT_A58AFBDC9DC47FD7,25,4,commons_116298356.png,4e51e39b5fadc22e95eb9dbfc549a03b5c1be4a195e5d5252c2244aaf44fd916,wheel_tire,wheel_tire,mobility,intact,no_visible_damage,667.21,483.60,940.98,859.83,273.77,376.23,103000.49,0,manual,
HCVAT_DEB9A94CDCD6B081,26,1,commons_116331332.jpg,3c7680fd3ab95920624140fc77c2de6003489da00c8b96f48c31ab14c06c1c6d,door,door,structure,degraded,possible_damage,1090.71,359.56,1332.24,691.80,241.53,332.24,80245.93,0,manual,
HCVAT_1CDC30437E479433,27,1,commons_116331334.jpg,d5849e89c8ded5223d2298373d7b6ffcae585b931244a9ace6591a7081d0dbb4,door,door,structure,degraded,possible_damage,955.49,643.89,1398.40,1683.20,442.91,1039.31,460320.79,0,manual,
HCVAT_0955AA45089F369F,28,1,commons_116331335.jpg,7c6c14592f0911d9c44bb4cbc36f33babc4a1eb11c8713913ec457e9584aa19a,wheel_tire,wheel_tire,mobility,intact,no_visible_damage,1120.87,537.27,1358.78,946.70,237.91,409.43,97407.49,0,manual,
HCVAT_78D208F907C32E47,28,2,commons_116331335.jpg,7c6c14592f0911d9c44bb4cbc36f33babc4a1eb11c8713913ec457e9584aa19a,door,door,structure,degraded,possible_damage,206.85,623.58,448.08,982.11,241.23,358.53,86488.19,0,manual,
HCVAT_D5E94CB01F279E5E,28,3,commons_116331335.jpg,7c6c14592f0911d9c44bb4cbc36f33babc4a1eb11c8713913ec457e9584aa19a,wheel_tire,wheel_tire,mobility,intact,no_visible_damage,972.59,147.76,1086.57,380.14,113.98,232.38,26486.67,0,manual,
HCVAT_D8DCB3145A314A27,28,4,commons_116331335.jpg,7c6c14592f0911d9c44bb4cbc36f33babc4a1eb11c8713913ec457e9584aa19a,wheel_tire,wheel_tire,mobility,intact,no_visible_damage,440.34,490.79,608.53,920.14,168.19,429.35,72212.38,0,manual,
HCVAT_87CCE1C5AE5A6B8B,30,1,commons_116486231.jpg,7855bebc8d0488f38cbe416c3502dd5a669dadd1349451becf92b9e48e9946d9,wheel_tire,wheel_tire,mobility,destroyed,severe_visible_damage,1044.85,1228.62,1573.24,1710.39,528.39,481.77,254562.45,0,manual,
HCVAT_6880B8974AFDAA89,30,2,commons_116486231.jpg,7855bebc8d0488f38cbe416c3502dd5a669dadd1349451becf92b9e48e9946d9,windshield,windshield,structure,destroyed,severe_visible_damage,293.05,570.07,784.54,793.47,491.49,223.40,109798.87,0,manual,
HCVAT_A5DFD6C011531C19,31,1,commons_116486232.jpg,f8ce490e851229b80d5d353c77d6b62c251f017186975802bf434d4c93fc87e9,weapons_station,weapon_station,mission_equipment,destroyed,severe_visible_damage,273.63,426.32,675.75,556.47,402.12,130.15,52335.92,0,manual,
HCVAT_0B0744E6863804E3,31,2,commons_116486232.jpg,f8ce490e851229b80d5d353c77d6b62c251f017186975802bf434d4c93fc87e9,windshield,windshield,structure,degraded,possible_damage,520.34,595.32,969.09,793.47,448.75,198.15,88919.81,0,manual,
HCVAT_FEE34BAE65F70BDA,31,3,commons_116486232.jpg,f8ce490e851229b80d5d353c77d6b62c251f017186975802bf434d4c93fc87e9,door,door,structure,intact,no_visible_damage,205.63,700.23,545.59,1108.18,339.96,407.95,138686.68,0,manual,
HCVAT_9D294D5B5A77E225,31,4,commons_116486232.jpg,f8ce490e851229b80d5d353c77d6b62c251f017186975802bf434d4c93fc87e9,engine_bay,engine_bay,structure,destroyed,severe_visible_damage,557.25,809.01,1202.20,1174.23,644.95,365.22,235548.64,0,manual,
HCVAT_9FF3ACAF17D99E3A,31,5,commons_116486232.jpg,f8ce490e851229b80d5d353c77d6b62c251f017186975802bf434d4c93fc87e9,door,door,structure,intact,no_visible_damage,978.80,568.13,1134.21,797.36,155.41,229.23,35624.63,0,manual,
HCVAT_B2FF6905BB8183E1,32,1,commons_116486236.jpg,bacec9fa75c10a7cd25d85166e5e51127006321bfc9f24539abdb5bac6dc210c,windshield,windshield,structure,destroyed,severe_visible_damage,609.70,537.05,1342.07,937.23,732.37,400.18,293079.83,0,manual,
HCVAT_0BA368FD4C343532,32,2,commons_116486236.jpg,bacec9fa75c10a7cd25d85166e5e51127006321bfc9f24539abdb5bac6dc210c,engine_bay,engine_bay,structure,destroyed,severe_visible_damage,800.08,937.23,1555.76,1432.60,755.68,495.37,374341.20,0,manual,
HCVAT_89514CA761A5D615,33,1,commons_116762940.jpg,388261ed88c17f39d627c43292d259cc4085cd62dd9ad72e904787defa590d51,engine_bay,engine_bay,structure,intact,no_visible_damage,728.06,677.82,857.31,714.75,129.25,36.93,4773.20,0,manual,
HCVAT_B53515263B9AE30E,33,2,commons_116762940.jpg,388261ed88c17f39d627c43292d259cc4085cd62dd9ad72e904787defa590d51,wheel_tire,wheel_tire,mobility,intact,no_visible_damage,750.41,718.64,859.25,809.98,108.84,91.34,9941.45,0,manual,
HCVAT_31B502243999512C,33,3,commons_116762940.jpg,388261ed88c17f39d627c43292d259cc4085cd62dd9ad72e904787defa590d51,wheel_tire,wheel_tire,mobility,intact,no_visible_damage,366.57,726.41,477.35,829.42,110.78,103.01,11411.45,0,manual,
HCVAT_DA880483B5A674A2,33,4,commons_116762940.jpg,388261ed88c17f39d627c43292d259cc4085cd62dd9ad72e904787defa590d51,door,door,structure,intact,no_visible_damage,591.04,635.07,707.66,771.11,116.62,136.04,15864.98,0,manual,
HCVAT_2FC67B2986BC4A5C,33,5,commons_116762940.jpg,388261ed88c17f39d627c43292d259cc4085cd62dd9ad72e904787defa590d51,weapons_station,weapon_station,mission_equipment,intact,no_visible_damage,540.51,533.03,754.30,616.60,213.79,83.57,17866.43,0,manual,
HCVAT_3E0B466379F0D670,33,6,commons_116762940.jpg,388261ed88c17f39d627c43292d259cc4085cd62dd9ad72e904787defa590d51,comms_equipment,comms_equipment,mission_equipment,intact,no_visible_damage,705.71,609.80,734.87,680.74,29.16,70.94,2068.61,0,manual,
HCVAT_FBCDF0F2292250F4,33,7,commons_116762940.jpg,388261ed88c17f39d627c43292d259cc4085cd62dd9ad72e904787defa590d51,door,door,structure,intact,no_visible_damage,476.38,634.09,592.02,767.23,115.64,133.14,15396.31,0,manual,
HCVAT_92B1E366C42D2EF9,34,1,commons_116942562.jpg,42e8156520ee51f7034a3c995dbf0707f35c6321a645027587453562c216a7cd,weapons_station,weapon_station,mission_equipment,intact,no_visible_damage,728.96,472.13,954.10,622.95,225.14,150.82,33955.61,0,manual,
HCVAT_2F0B700C2E5A5B99,34,2,commons_116942562.jpg,42e8156520ee51f7034a3c995dbf0707f35c6321a645027587453562c216a7cd,wheel_tire,wheel_tire,mobility,destroyed,severe_visible_damage,761.75,859.02,840.44,937.70,78.69,78.68,6191.33,0,manual,
HCVAT_265860ACEDBAA51D,34,3,commons_116942562.jpg,42e8156520ee51f7034a3c995dbf0707f35c6321a645027587453562c216a7cd,wheel_tire,wheel_tire,mobility,destroyed,severe_visible_damage,1083.06,675.41,1146.45,748.63,63.39,73.22,4641.42,0,manual,
HCVAT_2EA7125FB4A5A578,34,4,commons_116942562.jpg,42e8156520ee51f7034a3c995dbf0707f35c6321a645027587453562c216a7cd,door,door,structure,intact,no_visible_damage,587.98,560.66,671.04,678.69,83.06,118.03,9803.57,0,manual,
HCVAT_BB2A767170DC3FC8,34,5,commons_116942562.jpg,42e8156520ee51f7034a3c995dbf0707f35c6321a645027587453562c216a7cd,door,door,structure,degraded,possible_damage,868.85,712.57,958.47,884.15,89.62,171.58,15377.00,0,manual,
HCVAT_1B14BDA93E3A3A12,34,6,commons_116942562.jpg,42e8156520ee51f7034a3c995dbf0707f35c6321a645027587453562c216a7cd,engine_bay,engine_bay,structure,degraded,possible_damage,562.84,669.95,854.65,917.90,291.81,247.95,72354.29,0,manual,
HCVAT_4A027C294618FD6E,34,7,commons_116942562.jpg,42e8156520ee51f7034a3c995dbf0707f35c6321a645027587453562c216a7cd,windshield,windshield,structure,destroyed,severe_visible_damage,679.78,600.00,861.20,739.89,181.42,139.89,25378.84,0,manual,
HCVAT_5B5157858C10AC63,35,1,commons_116942563.jpg,d9681a6a5e00746eeda682e048e000fd0450c7d9a6abe5ce9c3551029c2959c2,door,door,structure,degraded,possible_damage,417.49,451.37,488.52,685.25,71.03,233.88,16612.50,0,manual,
HCVAT_3B6B7759F3A7BE1E,35,2,commons_116942563.jpg,d9681a6a5e00746eeda682e048e000fd0450c7d9a6abe5ce9c3551029c2959c2,wheel_tire,wheel_tire,mobility,destroyed,severe_visible_damage,261.20,555.19,377.05,666.67,115.85,111.48,12914.96,0,manual,
HCVAT_B3D7DD8D7FE31788,35,3,commons_116942563.jpg,d9681a6a5e00746eeda682e048e000fd0450c7d9a6abe5ce9c3551029c2959c2,door,door,structure,degraded,possible_damage,1171.58,398.91,1303.82,624.04,132.24,225.13,29771.19,0,manual,
HCVAT_9AF0D5D5F9FB4A99,35,4,commons_116942563.jpg,d9681a6a5e00746eeda682e048e000fd0450c7d9a6abe5ce9c3551029c2959c2,engine_bay,engine_bay,structure,degraded,possible_damage,234.97,300.55,521.31,514.75,286.34,214.20,61334.03,0,manual,
HCVAT_8C62E5B96F866970,35,5,commons_116942563.jpg,d9681a6a5e00746eeda682e048e000fd0450c7d9a6abe5ce9c3551029c2959c2,wheel_tire,wheel_tire,mobility,destroyed,severe_visible_damage,836.07,678.69,944.26,786.88,108.19,108.19,11705.08,0,manual,
HCVAT_58B6341C4506D7F5,35,6,commons_116942563.jpg,d9681a6a5e00746eeda682e048e000fd0450c7d9a6abe5ce9c3551029c2959c2,weapons_station,weapon_station,mission_equipment,degraded,possible_damage,558.47,172.68,824.04,366.12,265.57,193.44,51371.86,0,manual,
HCVAT_B4C6578DB1D5B54D,35,7,commons_116942563.jpg,d9681a6a5e00746eeda682e048e000fd0450c7d9a6abe5ce9c3551029c2959c2,door,door,structure,degraded,possible_damage,1054.64,546.45,1205.46,781.42,150.82,234.97,35438.18,0,manual,
HCVAT_FFFBC2801102E04D,36,1,commons_116943712.jpg,59ea2c9168dea7dfbf0d8eb7838e810a76e257635b3d1d3aaf95f8fb39e3414d,door,door,structure,intact,no_visible_damage,1123.57,466.95,1198.40,708.92,74.83,241.97,18106.62,0,manual,
HCVAT_1C76696E39F146B6,36,2,commons_116943712.jpg,59ea2c9168dea7dfbf0d8eb7838e810a76e257635b3d1d3aaf95f8fb39e3414d,windshield,windshield,structure,intact,no_visible_damage,692.11,463.06,1016.68,545.66,324.57,82.60,26809.48,0,manual,
HCVAT_7EDBACED22F29AB8,36,3,commons_116943712.jpg,59ea2c9168dea7dfbf0d8eb7838e810a76e257635b3d1d3aaf95f8fb39e3414d,door,door,structure,intact,no_visible_damage,1038.06,454.32,1121.63,728.35,83.57,274.03,22900.69,0,manual,
HCVAT_F1C6A887DC357726,36,4,commons_116943712.jpg,59ea2c9168dea7dfbf0d8eb7838e810a76e257635b3d1d3aaf95f8fb39e3414d,wheel_tire,wheel_tire,mobility,intact,no_visible_damage,1198.40,683.65,1294.60,839.10,96.20,155.45,14954.29,0,manual,
HCVAT_BD2E9579AC8B9DAA,36,5,commons_116943712.jpg,59ea2c9168dea7dfbf0d8eb7838e810a76e257635b3d1d3aaf95f8fb39e3414d,comms_equipment,comms_equipment,mission_equipment,intact,no_visible_damage,725.15,386.29,799.00,440.71,73.85,54.42,4018.92,0,manual,
HCVAT_CFCD08D5A564FC02,36,6,commons_116943712.jpg,59ea2c9168dea7dfbf0d8eb7838e810a76e257635b3d1d3aaf95f8fb39e3414d,weapons_station,weapon_station,mission_equipment,intact,no_visible_damage,802.89,190.97,1115.80,436.82,312.91,245.85,76928.92,0,manual,
HCVAT_E4631E9C70241219,36,7,commons_116943712.jpg,59ea2c9168dea7dfbf0d8eb7838e810a76e257635b3d1d3aaf95f8fb39e3414d,wheel_tire,wheel_tire,mobility,intact,no_visible_damage,834.00,734.19,1028.34,990.70,194.34,256.51,49850.15,0,manual,
HCVAT_9AE6B798DFE49C31,36,8,commons_116943712.jpg,59ea2c9168dea7dfbf0d8eb7838e810a76e257635b3d1d3aaf95f8fb39e3414d,engine_bay,engine_bay,structure,intact,no_visible_damage,456.94,535.94,1006.96,763.34,550.02,227.40,125074.55,0,manual,
HCVAT_742D460F8F12A437,37,1,commons_117140369.jpg,33b68e0e57c366c94b5e5a05f97b9e69b542e30f73fa8eb4e522948afe6f342d,wheel_tire,wheel_tire,mobility,intact,no_visible_damage,948.77,704.56,1050.52,874.47,101.75,169.91,17288.34,0,manual,
HCVAT_05523F89A0DF10CE,37,2,commons_117140369.jpg,33b68e0e57c366c94b5e5a05f97b9e69b542e30f73fa8eb4e522948afe6f342d,engine_bay,engine_bay,structure,intact,no_visible_damage,540.80,612.41,1052.44,728.56,511.64,116.15,59426.99,0,manual,
HCVAT_5B655CE63D00FB32,37,3,commons_117140369.jpg,33b68e0e57c366c94b5e5a05f97b9e69b542e30f73fa8eb4e522948afe6f342d,weapons_station,weapon_station,mission_equipment,intact,no_visible_damage,476.48,293.71,799.02,495.30,322.54,201.59,65020.84,0,manual,
HCVAT_57DDD46A045A870B,37,4,commons_117140369.jpg,33b68e0e57c366c94b5e5a05f97b9e69b542e30f73fa8eb4e522948afe6f342d,wheel_tire,wheel_tire,mobility,intact,no_visible_damage,549.44,700.72,690.55,879.27,141.11,178.55,25195.19,0,manual,
HCVAT_65007FB9412BB80C,37,5,commons_117140369.jpg,33b68e0e57c366c94b5e5a05f97b9e69b542e30f73fa8eb4e522948afe6f342d,windshield,windshield,structure,intact,no_visible_damage,523.52,530.81,896.93,604.70,373.41,73.89,27591.26,0,manual,
HCVAT_9066302440965E23,37,6,commons_117140369.jpg,33b68e0e57c366c94b5e5a05f97b9e69b542e30f73fa8eb4e522948afe6f342d,comms_equipment,comms_equipment,mission_equipment,intact,no_visible_damage,253.78,4.78,276.82,530.82,23.04,526.04,12119.96,0,manual,
HCVAT_28EC59A73983E6E6,37,7,commons_117140369.jpg,33b68e0e57c366c94b5e5a05f97b9e69b542e30f73fa8eb4e522948afe6f342d,comms_equipment,comms_equipment,mission_equipment,intact,no_visible_damage,567.68,62.37,589.76,310.03,22.08,247.66,5468.33,0,manual,
HCVAT_F72F2166CA72CA79,37,8,commons_117140369.jpg,33b68e0e57c366c94b5e5a05f97b9e69b542e30f73fa8eb4e522948afe6f342d,wheel_tire,wheel_tire,mobility,intact,no_visible_damage,245.14,717.04,344.01,880.23,98.87,163.19,16134.60,0,manual,
HCVAT_7619AAD616019A20,38,1,commons_118445741.jpg,4b9da8701676be7b8b72ae3f6233318ea3c4f6d1ec7ecb4080551cc08daf5d72,wheel_tire,wheel_tire,mobility,destroyed,severe_visible_damage,178.04,548.58,313.12,702.12,135.08,153.54,20740.18,0,manual,
HCVAT_3B9D5991499200A9,38,2,commons_118445741.jpg,4b9da8701676be7b8b72ae3f6233318ea3c4f6d1ec7ecb4080551cc08daf5d72,engine_bay,engine_bay,structure,degraded,possible_damage,799.00,436.82,1419.96,761.39,620.96,324.57,201544.99,0,manual,
HCVAT_E7E310CFEC45C219,38,3,commons_118445741.jpg,4b9da8701676be7b8b72ae3f6233318ea3c4f6d1ec7ecb4080551cc08daf5d72,windshield,windshield,structure,destroyed,severe_visible_damage,767.91,265.79,1034.17,438.77,266.26,172.98,46057.65,0,manual,
HCVAT_3FA8A3857E407526,38,4,commons_118445741.jpg,4b9da8701676be7b8b72ae3f6233318ea3c4f6d1ec7ecb4080551cc08daf5d72,door,door,structure,degraded,possible_damage,504.56,291.06,747.50,747.79,242.94,456.73,110957.99,0,manual,
HCVAT_F505401D7F363DC7,38,5,commons_118445741.jpg,4b9da8701676be7b8b72ae3f6233318ea3c4f6d1ec7ecb4080551cc08daf5d72,wheel_tire,wheel_tire,mobility,destroyed,severe_visible_damage,850.51,727.40,1144.95,1015.02,294.44,287.62,84686.83,0,manual,
HCVAT_828E4DDE82BACCA8,39,1,commons_118445750.jpg,4280a88ca755ef2998e3db38b3f3f448d78b3b8968b8840dcddf72191f56fd46,door,door,structure,degraded,possible_damage,585.21,475.70,696.97,641.87,111.76,166.17,18571.16,0,manual,
HCVAT_B62200214C26F977,39,2,commons_118445750.jpg,4280a88ca755ef2998e3db38b3f3f448d78b3b8968b8840dcddf72191f56fd46,wheel_tire,wheel_tire,mobility,destroyed,severe_visible_damage,310.66,712.48,430.54,821.14,119.88,108.66,13026.16,0,manual,
HCVAT_7973E9FE02133473,39,3,commons_118445750.jpg,4280a88ca755ef2998e3db38b3f3f448d78b3b8968b8840dcddf72191f56fd46,wheel_tire,wheel_tire,mobility,destroyed,severe_visible_damage,714.46,599.11,768.88,658.39,54.42,59.28,3226.02,0,manual,
HCVAT_75199249C13D8195,39,4,commons_118445750.jpg,4280a88ca755ef2998e3db38b3f3f448d78b3b8968b8840dcddf72191f56fd46,door,door,structure,degraded,possible_damage,28.00,448.49,119.74,741.96,91.74,293.47,26922.94,0,manual,
HCVAT_02EE99C94BE26534,40,1,commons_118445752.jpg,163bf7ef54f838f718e16b0931c11837b95cd1def4843f884026b6048a623253,wheel_tire,wheel_tire,mobility,destroyed,severe_visible_damage,362.51,662.27,539.37,889.67,176.86,227.40,40217.96,0,manual,
HCVAT_84A2E4212C9E6C20,40,2,commons_118445752.jpg,163bf7ef54f838f718e16b0931c11837b95cd1def4843f884026b6048a623253,door,door,structure,degraded,possible_damage,278.14,256.08,369.48,662.27,91.34,406.19,37101.39,0,manual,
HCVAT_69310024321FFB4E,40,3,commons_118445752.jpg,163bf7ef54f838f718e16b0931c11837b95cd1def4843f884026b6048a623253,wheel_tire,wheel_tire,mobility,destroyed,severe_visible_damage,196.75,525.18,246.32,632.15,49.57,106.97,5302.50,0,manual,
HCVAT_3B24B273B7EC0F5E,40,4,commons_118445752.jpg,163bf7ef54f838f718e16b0931c11837b95cd1def4843f884026b6048a623253,door,door,structure,degraded,possible_damage,933.11,350.34,1053.61,524.28,120.50,173.94,20959.77,0,manual,
HCVAT_16A86B5DA6C4B55F,40,5,commons_118445752.jpg,163bf7ef54f838f718e16b0931c11837b95cd1def4843f884026b6048a623253,engine_bay,engine_bay,structure,degraded,possible_damage,377.26,404.76,1148.84,762.37,771.58,357.61,275924.72,0,manual,
HCVAT_3CD92BFE49D40DF8,40,6,commons_118445752.jpg,163bf7ef54f838f718e16b0931c11837b95cd1def4843f884026b6048a623253,windshield,windshield,structure,destroyed,severe_visible_damage,405.44,240.53,923.39,450.43,517.95,209.90,108717.71,0,manual,
HCVAT_465B5544B6AEAD4C,41,1,commons_122203760.jpg,f03852801113b1a013e2e3e10c21d9e2ddaa3dcf7ac2b97b0f6c840e715851e2,wheel_tire,wheel_tire,mobility,destroyed,severe_visible_damage,1299.18,570.49,1331.97,665.57,32.79,95.08,3117.67,0,manual,
HCVAT_87B484FFDF4578A0,41,2,commons_122203760.jpg,f03852801113b1a013e2e3e10c21d9e2ddaa3dcf7ac2b97b0f6c840e715851e2,wheel_tire,wheel_tire,mobility,destroyed,severe_visible_damage,943.44,643.44,1059.83,822.95,116.39,179.51,20893.17,0,manual,
HCVAT_39170BFE6CBC3680,41,3,commons_122203760.jpg,f03852801113b1a013e2e3e10c21d9e2ddaa3dcf7ac2b97b0f6c840e715851e2,door,door,structure,destroyed,severe_visible_damage,325.41,239.34,627.05,682.79,301.64,443.45,133762.26,0,manual,
HCVAT_1060276DE5CC295D,41,4,commons_122203760.jpg,f03852801113b1a013e2e3e10c21d9e2ddaa3dcf7ac2b97b0f6c840e715851e2,wheel_tire,wheel_tire,mobility,destroyed,severe_visible_damage,1190.98,600.82,1253.28,716.39,62.30,115.57,7200.01,0,manual,
HCVAT_0C2E6EBBED265303,42,1,commons_122545082.jpg,f250243ba86833f53a889b2901b36e19bd9940620eb5a6e59a6b34643121e5cb,engine_bay,engine_bay,structure,intact,no_visible_damage,0.00,1132.89,1226.00,2256.10,1226.00,1123.21,1377055.46,0,manual,
HCVAT_5BF0FBC3D37798CE,42,2,commons_122545082.jpg,f250243ba86833f53a889b2901b36e19bd9940620eb5a6e59a6b34643121e5cb,windshield,windshield,structure,degraded,possible_damage,0.00,721.98,1283.30,1151.49,1283.30,429.51,551190.18,0,manual,
HCVAT_5CB62A0A3AC61064,42,3,commons_122545082.jpg,f250243ba86833f53a889b2901b36e19bd9940620eb5a6e59a6b34643121e5cb,weapons_station,weapon_station,mission_equipment,intact,no_visible_damage,178.73,99.40,1339.80,670.56,1161.07,571.16,663156.74,0,manual,
HCVAT_7C22A01B3803A242,43,1,commons_122545378.jpg,52d953cf192421edcf70250fd4ceba486a678da99ef2fb9a254fb26d916a7d4a,engine_bay,engine_bay,structure,intact,no_visible_damage,922.02,728.49,1441.90,858.30,519.88,129.81,67485.62,0,manual,
HCVAT_9C4E7033BCE204BA,43,2,commons_122545378.jpg,52d953cf192421edcf70250fd4ceba486a678da99ef2fb9a254fb26d916a7d4a,wheel_tire,wheel_tire,mobility,intact,no_visible_damage,968.50,828.21,1135.97,1032.80,167.47,204.59,34262.69,0,manual,
HCVAT_829831EDBB357ECE,43,3,commons_122545378.jpg,52d953cf192421edcf70250fd4ceba486a678da99ef2fb9a254fb26d916a7d4a,door,door,structure,intact,no_visible_damage,698.38,677.18,799.07,897.91,100.69,220.73,22225.30,0,manual,
HCVAT_0B60F825305BCB65,43,4,commons_122545378.jpg,52d953cf192421edcf70250fd4ceba486a678da99ef2fb9a254fb26d916a7d4a,wheel_tire,wheel_tire,mobility,intact,no_visible_damage,1278.98,837.89,1443.66,996.66,164.68,158.77,26146.24,0,manual,
HCVAT_96B0A84DEB9A798A,43,5,commons_122545378.jpg,52d953cf192421edcf70250fd4ceba486a678da99ef2fb9a254fb26d916a7d4a,windshield,windshield,structure,intact,no_visible_damage,901.69,638.46,1236.66,738.17,334.97,99.71,33399.86,0,manual,
HCVAT_6D66C71151A5868A,43,6,commons_122545378.jpg,52d953cf192421edcf70250fd4ceba486a678da99ef2fb9a254fb26d916a7d4a,wheel_tire,wheel_tire,mobility,intact,no_visible_damage,628.68,826.27,748.50,986.01,119.82,159.74,19140.05,0,manual,
HCVAT_7F72A2A5F4437D42,43,7,commons_122545378.jpg,52d953cf192421edcf70250fd4ceba486a678da99ef2fb9a254fb26d916a7d4a,door,door,structure,intact,no_visible_damage,783.58,665.56,903.62,901.79,120.04,236.23,28357.05,0,manual,
HCVAT_7E9C49220605B1D9,43,8,commons_122545378.jpg,52d953cf192421edcf70250fd4ceba486a678da99ef2fb9a254fb26d916a7d4a,weapons_station,weapon_station,mission_equipment,intact,no_visible_damage,803.91,505.82,1171.40,629.10,367.49,123.28,45304.17,0,manual,
HCVAT_FB3C9B9E5B925C49,44,1,commons_122578921.jpg,03bcbac06d1038941c6c74689ea9a57956e162a2fa11039332fd34b145d2ac74,wheel_tire,wheel_tire,mobility,intact,no_visible_damage,468.60,637.01,700.85,1056.40,232.25,419.39,97403.33,0,manual,
HCVAT_2603AA1260495D26,44,2,commons_122578921.jpg,03bcbac06d1038941c6c74689ea9a57956e162a2fa11039332fd34b145d2ac74,windshield,windshield,structure,intact,no_visible_damage,469.50,258.20,1065.70,396.30,596.20,138.10,82335.22,0,manual,
HCVAT_6D6BE19127D5EB49,44,3,commons_122578921.jpg,03bcbac06d1038941c6c74689ea9a57956e162a2fa11039332fd34b145d2ac74,wheel_tire,wheel_tire,mobility,intact,no_visible_damage,321.70,544.80,433.80,792.49,112.10,247.69,27766.05,0,manual,
HCVAT_7DF9430C6675BEC8,44,4,commons_122578921.jpg,03bcbac06d1038941c6c74689ea9a57956e162a2fa11039332fd34b145d2ac74,wheel_tire,wheel_tire,mobility,intact,no_visible_damage,1072.90,667.04,1317.92,950.89,245.02,283.85,69548.93,0,manual,
HCVAT_FC4112232B372EF5,44,5,commons_122578921.jpg,03bcbac06d1038941c6c74689ea9a57956e162a2fa11039332fd34b145d2ac74,engine_bay,engine_bay,structure,intact,no_visible_damage,441.10,390.18,1307.00,797.60,865.90,407.42,352784.98,0,manual,
HCVAT_745EFFD38A41A78F,45,1,commons_122970473.jpg,bf6e40539f010f03b7a68bc25533586493206b0ac795dec11a8e59d38400202b,comms_equipment,comms_equipment,mission_equipment,intact,no_visible_damage,1222.87,565.11,1309.63,636.29,86.76,71.18,6175.58,0,manual,
HCVAT_81C32909EFA03976,45,2,commons_122970473.jpg,bf6e40539f010f03b7a68bc25533586493206b0ac795dec11a8e59d38400202b,weapons_station,weapon_station,mission_equipment,intact,no_visible_damage,595.90,155.54,963.10,502.90,367.20,347.36,127550.59,0,manual,
HCVAT_81B0829672BEA465,45,3,commons_122970473.jpg,bf6e40539f010f03b7a68bc25533586493206b0ac795dec11a8e59d38400202b,wheel_tire,wheel_tire,mobility,intact,no_visible_damage,1225.00,912.29,1480.92,1067.00,255.92,154.71,39593.38,0,manual,
HCVAT_1A3538B4A0127A2D,45,4,commons_122970473.jpg,bf6e40539f010f03b7a68bc25533586493206b0ac795dec11a8e59d38400202b,door,door,structure,intact,no_visible_damage,625.70,516.30,803.00,874.95,177.30,358.65,63588.64,0,manual,
HCVAT_B559A6DBD9ED6435,45,5,commons_122970473.jpg,bf6e40539f010f03b7a68bc25533586493206b0ac795dec11a8e59d38400202b,engine_bay,engine_bay,structure,intact,no_visible_damage,858.17,612.16,1545.05,911.37,686.88,299.21,205521.36,0,manual,
HCVAT_677075FD3F43A000,45,6,commons_122970473.jpg,bf6e40539f010f03b7a68bc25533586493206b0ac795dec11a8e59d38400202b,wheel_tire,wheel_tire,mobility,intact,no_visible_damage,804.83,807.30,1078.02,1067.00,273.19,259.70,70947.44,0,manual,
HCVAT_E74681609FFD03BC,45,7,commons_122970473.jpg,bf6e40539f010f03b7a68bc25533586493206b0ac795dec11a8e59d38400202b,windshield,windshield,structure,intact,no_visible_damage,803.90,508.73,1163.42,615.00,359.52,106.27,38206.19,0,manual,
HCVAT_6EE7829329902398,46,1,commons_123011357.jpg,0aa7d898b28159d460fbeff694bbe59c395eeda3395c713baf735a92bba087f6,windshield,windshield,structure,destroyed,severe_visible_damage,609.20,301.50,1128.70,423.53,519.50,122.03,63394.58,0,manual,
HCVAT_C152408F6D5BAA47,46,2,commons_123011357.jpg,0aa7d898b28159d460fbeff694bbe59c395eeda3395c713baf735a92bba087f6,wheel_tire,wheel_tire,mobility,intact,no_visible_damage,1125.30,789.09,1352.30,947.00,227.00,157.91,35845.57,0,manual,
HCVAT_800031A5ED48103C,46,3,commons_123011357.jpg,0aa7d898b28159d460fbeff694bbe59c395eeda3395c713baf735a92bba087f6,wheel_tire,wheel_tire,mobility,degraded,possible_damage,597.20,666.80,794.42,996.80,197.22,330.00,65082.60,0,manual,
HCVAT_0A5690911DBEB69D,46,4,commons_123011357.jpg,0aa7d898b28159d460fbeff694bbe59c395eeda3395c713baf735a92bba087f6,door,door,structure,degraded,possible_damage,1132.20,318.20,1321.30,492.10,189.10,173.90,32884.49,0,manual,
HCVAT_A25A873D978E6D3B,46,5,commons_123011357.jpg,0aa7d898b28159d460fbeff694bbe59c395eeda3395c713baf735a92bba087f6,engine_bay,engine_bay,structure,destroyed,severe_visible_damage,605.79,437.84,1411.00,808.50,805.21,370.66,298459.14,0,manual,
HCVAT_3A6154BA9BD5F30E,46,6,commons_123011357.jpg,0aa7d898b28159d460fbeff694bbe59c395eeda3395c713baf735a92bba087f6,door,door,structure,destroyed,severe_visible_damage,504.84,312.23,596.41,668.81,91.57,356.58,32652.03,0,manual,
HCVAT_50E80315344FA130,46,7,commons_123011357.jpg,0aa7d898b28159d460fbeff694bbe59c395eeda3395c713baf735a92bba087f6,door,door,structure,destroyed,severe_visible_damage,438.05,341.32,511.31,673.11,73.26,331.79,24306.94,0,manual,
HCVAT_8D029D3B261D4C2C,47,1,commons_123058182.jpg,b84b4787838a3d7991bdb0ecd53d6b90487c10542feb69884cc31c713812d812,wheel_tire,wheel_tire,mobility,degraded,possible_damage,463.70,1215.20,780.30,1672.20,316.60,457.00,144686.20,0,manual,
HCVAT_DB8CAEA5A33DFA07,47,2,commons_123058182.jpg,b84b4787838a3d7991bdb0ecd53d6b90487c10542feb69884cc31c713812d812,door,door,structure,destroyed,severe_visible_damage,337.36,783.02,454.05,1188.73,116.69,405.71,47342.30,0,manual,
HCVAT_3CD196C47EF7E69B,47,3,commons_123058182.jpg,b84b4787838a3d7991bdb0ecd53d6b90487c10542feb69884cc31c713812d812,windshield,windshield,structure,destroyed,severe_visible_damage,476.20,769.30,1099.74,920.62,623.54,151.32,94354.07,0,manual,
HCVAT_529E447F99E435EC,47,4,commons_123058182.jpg,b84b4787838a3d7991bdb0ecd53d6b90487c10542feb69884cc31c713812d812,door,door,structure,destroyed,severe_visible_damage,247.60,819.82,347.24,1175.27,99.64,355.45,35417.04,0,manual,
HCVAT_FB171D8C34128A13,47,5,commons_123058182.jpg,b84b4787838a3d7991bdb0ecd53d6b90487c10542feb69884cc31c713812d812,engine_bay,engine_bay,structure,destroyed,severe_visible_damage,490.30,952.40,1524.50,1475.20,1034.20,522.80,540679.76,0,manual,
HCVAT_9B5E7E2C0B1F751B,48,1,commons_12528763.jpg,4ff3fdeeac5ad7bc7c3752cd25509c2a50acf90d8cd712bbf526909e2c86cb43,engine_bay,engine_bay,structure,intact,no_visible_damage,239.40,0.13,1256.40,250.10,1017.00,249.97,254219.49,0,manual,
HCVAT_0F68FDC7934EA0EE,48,2,commons_12528763.jpg,4ff3fdeeac5ad7bc7c3752cd25509c2a50acf90d8cd712bbf526909e2c86cb43,engine_bay,engine_bay,structure,intact,no_visible_damage,1291.21,0.00,1600.00,163.20,308.79,163.20,50394.53,0,manual,
HCVAT_0B84566C0A319FA6,48,3,commons_12528763.jpg,4ff3fdeeac5ad7bc7c3752cd25509c2a50acf90d8cd712bbf526909e2c86cb43,wheel_tire,wheel_tire,mobility,intact,no_visible_damage,271.88,217.76,410.14,365.90,138.26,148.14,20481.84,0,manual,
HCVAT_00D35D82FC465EA9,48,4,commons_12528763.jpg,4ff3fdeeac5ad7bc7c3752cd25509c2a50acf90d8cd712bbf526909e2c86cb43,wheel_tire,wheel_tire,mobility,intact,no_visible_damage,0.00,60.30,44.29,324.02,44.29,263.72,11680.16,0,manual,
HCVAT_018046DEF08CBA8C,48,5,commons_12528763.jpg,4ff3fdeeac5ad7bc7c3752cd25509c2a50acf90d8cd712bbf526909e2c86cb43,wheel_tire,wheel_tire,mobility,intact,no_visible_damage,1005.40,221.00,1231.50,487.88,226.10,266.88,60341.57,0,manual,
HCVAT_0A58C9B17A906F2A,48,6,commons_12528763.jpg,4ff3fdeeac5ad7bc7c3752cd25509c2a50acf90d8cd712bbf526909e2c86cb43,wheel_tire,wheel_tire,mobility,intact,no_visible_damage,1232.30,83.70,1379.54,362.42,147.24,278.72,41038.73,0,manual,
HCVAT_80C16A7B508AB751,49,1,commons_12536215.jpg,165b22ee78088d1acbef9bf9756bd25d4807ac6bbc0d3b7d913b64e582c7a66e,windshield,windshield,structure,intact,no_visible_damage,104.46,248.48,331.06,312.49,226.60,64.01,14504.67,0,manual,
HCVAT_B4ACDBDA92E01C62,49,2,commons_12536215.jpg,165b22ee78088d1acbef9bf9756bd25d4807ac6bbc0d3b7d913b64e582c7a66e,windshield,windshield,structure,intact,no_visible_damage,602.46,234.40,704.87,308.65,102.41,74.25,7603.94,0,manual,
HCVAT_82C33133EEDC235A,49,3,commons_12536215.jpg,165b22ee78088d1acbef9bf9756bd25d4807ac6bbc0d3b7d913b64e582c7a66e,comms_equipment,comms_equipment,mission_equipment,intact,no_visible_damage,58.05,238.05,101.63,328.60,43.58,90.55,3946.17,0,manual,
HCVAT_35DE587FE6A83128,49,4,commons_12536215.jpg,165b22ee78088d1acbef9bf9756bd25d4807ac6bbc0d3b7d913b64e582c7a66e,comms_equipment,comms_equipment,mission_equipment,intact,no_visible_damage,369.47,223.66,420.25,336.63,50.78,112.97,5736.62,0,manual,
HCVAT_A3F4A1E9F916BA9C,49,5,commons_12536215.jpg,165b22ee78088d1acbef9bf9756bd25d4807ac6bbc0d3b7d913b64e582c7a66e,comms_equipment,comms_equipment,mission_equipment,intact,no_visible_damage,915.16,193.26,984.97,341.00,69.81,147.74,10313.73,0,manual,
HCVAT_979F4D0732C84F4B,49,6,commons_12536215.jpg,165b22ee78088d1acbef9bf9756bd25d4807ac6bbc0d3b7d913b64e582c7a66e,windshield,windshield,structure,intact,no_visible_damage,1009.56,233.12,1169.59,308.65,160.03,75.53,12087.07,0,manual,
HCVAT_BCFF260A5C252AAB,49,7,commons_12536215.jpg,165b22ee78088d1acbef9bf9756bd25d4807ac6bbc0d3b7d913b64e582c7a66e,engine_bay,engine_bay,structure,intact,no_visible_damage,655.20,340.66,1200.40,544.30,545.20,203.64,111024.53,0,manual,
HCVAT_E183BB51B4BE2F62,49,8,commons_12536215.jpg,165b22ee78088d1acbef9bf9756bd25d4807ac6bbc0d3b7d913b64e582c7a66e,engine_bay,engine_bay,structure,intact,no_visible_damage,0.00,320.20,326.30,449.80,326.30,129.60,42288.48,0,manual,
HCVAT_154C43AEB5FA061A,49,9,commons_12536215.jpg,165b22ee78088d1acbef9bf9756bd25d4807ac6bbc0d3b7d913b64e582c7a66e,wheel_tire,wheel_tire,mobility,intact,no_visible_damage,150.55,469.96,366.90,653.03,216.35,183.07,39607.19,0,manual,
HCVAT_94656D1B4B51AB63,49,10,commons_12536215.jpg,165b22ee78088d1acbef9bf9756bd25d4807ac6bbc0d3b7d913b64e582c7a66e,engine_bay,engine_bay,structure,intact,no_visible_damage,134.70,334.26,412.90,477.50,278.20,143.24,39849.37,0,manual,
HCVAT_44854CE64C801EAA,49,11,commons_12536215.jpg,165b22ee78088d1acbef9bf9756bd25d4807ac6bbc0d3b7d913b64e582c7a66e,wheel_tire,wheel_tire,mobility,intact,no_visible_damage,1542.10,601.82,1600.00,948.75,57.90,346.93,20087.25,0,manual,
HCVAT_87189F4EE53F1072,49,12,commons_12536215.jpg,165b22ee78088d1acbef9bf9756bd25d4807ac6bbc0d3b7d913b64e582c7a66e,wheel_tire,wheel_tire,mobility,intact,no_visible_damage,1165.75,544.21,1234.88,814.33,69.13,270.12,18673.40,0,manual,
HCVAT_48DB021B1D16054E,49,13,commons_12536215.jpg,165b22ee78088d1acbef9bf9756bd25d4807ac6bbc0d3b7d913b64e582c7a66e,wheel_tire,wheel_tire,mobility,intact,no_visible_damage,670.31,513.48,925.50,715.10,255.19,201.62,51451.41,0,manual,
HCVAT_375FB2F4873464C5,49,14,commons_12536215.jpg,165b22ee78088d1acbef9bf9756bd25d4807ac6bbc0d3b7d913b64e582c7a66e,wheel_tire,wheel_tire,mobility,intact,no_visible_damage,63.50,414.91,172.40,579.60,108.90,164.69,17934.74,0,manual,
HCVAT_C68E0B803ED42D1B,49,15,commons_12536215.jpg,165b22ee78088d1acbef9bf9756bd25d4807ac6bbc0d3b7d913b64e582c7a66e,door,door,structure,intact,no_visible_damage,757.87,205.69,934.50,391.47,176.63,185.78,32814.32,0,manual,
HCVAT_579EA83F4F67C74E,50,1,commons_126400524.jpg,42d9824ee0be4e2e521b8bee0231fd85a971e66751d457f0c7ae8da33f7e2318,weapons_station,weapon_station,mission_equipment,intact,no_visible_damage,596.63,227.72,1213.88,748.35,617.25,520.63,321358.87,0,manual,
HCVAT_B046E3611EC965DF,50,2,commons_126400524.jpg,42d9824ee0be4e2e521b8bee0231fd85a971e66751d457f0c7ae8da33f7e2318,door,door,structure,intact,no_visible_damage,0.00,723.83,140.91,1067.00,140.91,343.17,48356.08,0,manual,
HCVAT_0CCF9E06C5D68ABE,51,1,commons_126400525.jpg,ae4e3e4506cba843f916fa823df8f451823e38498d32cecbe7d867aa10d4b30f,windshield,windshield,structure,intact,no_visible_damage,967.90,796.96,1193.35,962.16,225.45,165.20,37244.34,0,manual,
HCVAT_3869643E19A15B67,51,2,commons_126400525.jpg,ae4e3e4506cba843f916fa823df8f451823e38498d32cecbe7d867aa10d4b30f,door,door,structure,intact,no_visible_damage,185.62,473.36,439.25,785.30,253.63,311.94,79117.34,0,manual,
HCVAT_AF7D74477E804780,51,3,commons_126400525.jpg,ae4e3e4506cba843f916fa823df8f451823e38498d32cecbe7d867aa10d4b30f,windshield,windshield,structure,intact,no_visible_damage,0.00,465.59,267.25,575.40,267.25,109.81,29346.72,0,manual,
HCVAT_DB6A4F88E212CAF2,51,4,commons_126400525.jpg,ae4e3e4506cba843f916fa823df8f451823e38498d32cecbe7d867aa10d4b30f,windshield,windshield,structure,intact,no_visible_damage,0.00,699.78,159.39,956.33,159.39,256.55,40891.50,0,manual,
HCVAT_D9A281DFB146100E,51,5,commons_126400525.jpg,ae4e3e4506cba843f916fa823df8f451823e38498d32cecbe7d867aa10d4b30f,weapons_station,weapon_station,mission_equipment,intact,no_visible_damage,1009.04,30.42,1536.22,360.78,527.18,330.36,174159.18,0,manual,
HCVAT_011E0A6D9C4C44E1,51,6,commons_126400525.jpg,ae4e3e4506cba843f916fa823df8f451823e38498d32cecbe7d867aa10d4b30f,wheel_tire,wheel_tire,mobility,intact,no_visible_damage,536.40,763.81,680.18,880.73,143.78,116.92,16810.76,0,manual,
HCVAT_1BEAE1E5602D38A8,51,7,commons_126400525.jpg,ae4e3e4506cba843f916fa823df8f451823e38498d32cecbe7d867aa10d4b30f,weapons_station,weapon_station,mission_equipment,intact,no_visible_damage,473.52,420.59,623.74,608.37,150.22,187.78,28208.31,0,manual,
HCVAT_ECD51409F3FEAFC7,52,1,commons_126408548.jpg,7fed12a8247e73de0bf9ebf51b9e027587eb838ddc89f5296abaf98206fdcbb8,wheel_tire,wheel_tire,mobility,destroyed,severe_visible_damage,547.36,622.89,629.88,742.31,82.52,119.42,9854.54,0,manual,
HCVAT_A3BF25EDF87F9AF6,52,2,commons_126408548.jpg,7fed12a8247e73de0bf9ebf51b9e027587eb838ddc89f5296abaf98206fdcbb8,door,door,structure,intact,no_visible_damage,626.00,487.94,719.20,704.44,93.20,216.50,20177.80,0,manual,
HCVAT_93E24C389024DD52,52,3,commons_126408548.jpg,7fed12a8247e73de0bf9ebf51b9e027587eb838ddc89f5296abaf98206fdcbb8,door,door,structure,intact,no_visible_damage,721.14,480.17,861.92,713.18,140.78,233.01,32803.15,0,manual,
HCVAT_2CF897B2CD2B8A4F,52,4,commons_126408548.jpg,7fed12a8247e73de0bf9ebf51b9e027587eb838ddc89f5296abaf98206fdcbb8,wheel_tire,wheel_tire,mobility,intact,no_visible_damage,903.66,665.26,1103.66,893.15,200.00,227.89,45578.00,0,manual,
HCVAT_5325E1FCB2E98A9F,52,5,commons_126408548.jpg,7fed12a8247e73de0bf9ebf51b9e027587eb838ddc89f5296abaf98206fdcbb8,windshield,windshield,structure,intact,no_visible_damage,210.47,439.40,339.59,499.59,129.12,60.19,7771.73,0,manual,
HCVAT_337FE4EBC38CEEE3,52,6,commons_126408548.jpg,7fed12a8247e73de0bf9ebf51b9e027587eb838ddc89f5296abaf98206fdcbb8,weapons_station,weapon_station,mission_equipment,intact,no_visible_damage,738.62,337.50,1035.70,470.47,297.08,132.97,39502.73,0,manual,
HCVAT_44A8D407B4EE9F63,53,1,commons_126408549.jpg,905fd5caa11e670c0d913bab359c06fd4371ed9e9e53375abf49a97829d06706,wheel_tire,wheel_tire,mobility,intact,no_visible_damage,759.88,614.15,983.27,854.00,223.39,239.85,53580.09,0,manual,
HCVAT_512AD200D29122ED,53,2,commons_126408549.jpg,905fd5caa11e670c0d913bab359c06fd4371ed9e9e53375abf49a97829d06706,wheel_tire,wheel_tire,mobility,destroyed,severe_visible_damage,341.83,612.24,693.44,975.01,351.61,362.77,127553.56,0,manual,
HCVAT_B46215A277B1BF1C,54,1,commons_130651475.jpg,9970b955c2c092b580236944fb9f786166a13d49c7543a15d687ffde4bc11d3c,door,door,structure,intact,no_visible_damage,58.69,156.94,388.74,787.54,330.05,630.60,208129.53,0,manual,
HCVAT_3B881DE3A0517D13,55,1,commons_132626622.jpg,5f1fa819ecbeefb92e06b583bb1065763438bfdb054aef49296b275a7d6c35fe,engine_bay,engine_bay,structure,intact,no_visible_damage,0.00,228.88,1175.10,756.90,1175.10,528.02,620476.30,0,manual,
HCVAT_E2742FD66B2E48F9,55,2,commons_132626622.jpg,5f1fa819ecbeefb92e06b583bb1065763438bfdb054aef49296b275a7d6c35fe,wheel_tire,wheel_tire,mobility,intact,no_visible_damage,1431.19,495.58,1517.21,834.41,86.02,338.83,29146.16,0,manual,
HCVAT_61DDD8639530D590,55,3,commons_132626622.jpg,5f1fa819ecbeefb92e06b583bb1065763438bfdb054aef49296b275a7d6c35fe,wheel_tire,wheel_tire,mobility,intact,no_visible_damage,920.99,574.95,1220.05,1104.29,299.06,529.34,158304.42,0,manual,
HCVAT_C8DB162699AEA8C5,55,4,commons_132626622.jpg,5f1fa819ecbeefb92e06b583bb1065763438bfdb054aef49296b275a7d6c35fe,wheel_tire,wheel_tire,mobility,intact,no_visible_damage,20.78,699.70,425.48,993.03,404.70,293.33,118710.65,0,manual,
HCVAT_3E3450C123810AA0,55,5,commons_132626622.jpg,5f1fa819ecbeefb92e06b583bb1065763438bfdb054aef49296b275a7d6c35fe,windshield,windshield,structure,intact,no_visible_damage,541.87,68.73,1121.56,244.55,579.69,175.82,101921.10,0,manual,
HCVAT_E19E7406F9A808CD,55,6,commons_132626622.jpg,5f1fa819ecbeefb92e06b583bb1065763438bfdb054aef49296b275a7d6c35fe,comms_equipment,comms_equipment,mission_equipment,intact,no_visible_damage,1098.90,107.02,1239.93,223.66,141.03,116.64,16449.74,0,manual,
HCVAT_A182EE2B73873D5F,56,1,commons_148211029.jpg,6618bd174b626234c0c1e58d118400cd980d372efe6c94ba258e48c78db0e23b,wheel_tire,wheel_tire,mobility,intact,no_visible_damage,666.08,511.12,991.56,858.86,325.48,347.74,113182.42,0,manual,
HCVAT_47FF40B47195786F,56,2,commons_148211029.jpg,6618bd174b626234c0c1e58d118400cd980d372efe6c94ba258e48c78db0e23b,engine_bay,engine_bay,structure,intact,no_visible_damage,102.07,277.71,359.33,403.93,257.26,126.22,32471.36,0,manual,
HCVAT_BB373335980148E6,56,3,commons_148211029.jpg,6618bd174b626234c0c1e58d118400cd980d372efe6c94ba258e48c78db0e23b,wheel_tire,wheel_tire,mobility,intact,no_visible_damage,1284.88,477.15,1440.08,705.68,155.20,228.53,35467.86,0,manual,
HCVAT_88FEACB884DAE68F,56,4,commons_148211029.jpg,6618bd174b626234c0c1e58d118400cd980d372efe6c94ba258e48c78db0e23b,windshield,windshield,structure,intact,no_visible_damage,674.42,152.26,1002.68,277.45,328.26,125.19,41094.87,0,manual,
HCVAT_644665151121C481,56,5,commons_148211029.jpg,6618bd174b626234c0c1e58d118400cd980d372efe6c94ba258e48c78db0e23b,door,door,structure,intact,no_visible_damage,1010.91,155.09,1176.81,488.09,165.90,333.00,55244.70,0,manual,
HCVAT_A2E47B278DB0180B,56,6,commons_148211029.jpg,6618bd174b626234c0c1e58d118400cd980d372efe6c94ba258e48c78db0e23b,engine_bay,engine_bay,structure,intact,no_visible_damage,282.40,277.71,941.18,513.33,658.78,235.62,155221.74,0,manual,
HCVAT_E72BF2D7FA9A5B11,56,7,commons_148211029.jpg,6618bd174b626234c0c1e58d118400cd980d372efe6c94ba258e48c78db0e23b,weapons_station,weapon_station,mission_equipment,intact,no_visible_damage,894.30,48.09,1178.01,157.49,283.71,109.40,31037.87,0,manual,
HCVAT_AC5F6FF0CE204B01,56,8,commons_148211029.jpg,6618bd174b626234c0c1e58d118400cd980d372efe6c94ba258e48c78db0e23b,door,door,structure,intact,no_visible_damage,1163.58,183.94,1295.82,474.86,132.24,290.92,38471.26,0,manual,
HCVAT_0E977B531BF67F2B,56,9,commons_148211029.jpg,6618bd174b626234c0c1e58d118400cd980d372efe6c94ba258e48c78db0e23b,weapons_station,weapon_station,mission_equipment,intact,no_visible_damage,448.29,155.09,662.28,233.23,213.99,78.14,16721.18,0,manual,
HCVAT_DF8062DCBDAB958C,57,1,commons_148660381.jpg,50a862b49793d00c725c8c47f59221bb9192d6e6f948b851c7b638e857264bc6,windshield,windshield,structure,intact,no_visible_damage,519.36,326.20,900.21,409.76,380.85,83.56,31823.83,0,manual,
HCVAT_36C98D8C0EC22C90,57,2,commons_148660381.jpg,50a862b49793d00c725c8c47f59221bb9192d6e6f948b851c7b638e857264bc6,door,door,structure,intact,no_visible_damage,220.47,393.70,379.55,814.72,159.08,421.02,66975.86,0,manual,
HCVAT_151EB7F4ECBCD8A3,57,3,commons_148660381.jpg,50a862b49793d00c725c8c47f59221bb9192d6e6f948b851c7b638e857264bc6,door,door,structure,intact,no_visible_damage,353.84,358.34,520.97,779.36,167.13,421.02,70365.07,0,manual,
HCVAT_1B9E2C9F5D138A71,57,4,commons_148660381.jpg,50a862b49793d00c725c8c47f59221bb9192d6e6f948b851c7b638e857264bc6,engine_bay,engine_bay,structure,intact,no_visible_damage,582.03,376.02,1459.43,755.26,877.40,379.24,332745.18,0,manual,
HCVAT_B18AB9D64F2E289A,57,5,commons_148660381.jpg,50a862b49793d00c725c8c47f59221bb9192d6e6f948b851c7b638e857264bc6,wheel_tire,wheel_tire,mobility,intact,no_visible_damage,567.57,744.01,1012.69,1208.42,445.12,464.41,206718.18,0,manual,
HCVAT_EEF86A9A0BC98492,57,6,commons_148660381.jpg,50a862b49793d00c725c8c47f59221bb9192d6e6f948b851c7b638e857264bc6,wheel_tire,wheel_tire,mobility,intact,no_visible_damage,95.12,752.05,273.50,988.27,178.38,236.22,42136.92,0,manual,
HCVAT_85DAD28821BF12BD,57,7,commons_148660381.jpg,50a862b49793d00c725c8c47f59221bb9192d6e6f948b851c7b638e857264bc6,wheel_tire,wheel_tire,mobility,intact,no_visible_damage,1115.54,808.29,1459.43,1063.79,343.89,255.50,87863.90,0,manual,
HCVAT_9D1F36A50E9708F3,58,1,commons_157132927.jpg,b54c2cd20bd5f166b203894d2ecde2cf96f8abff6b740628c28b64eb025e066e,door,door,structure,intact,no_visible_damage,320.36,432.50,546.85,902.14,226.49,469.64,106368.76,0,manual,
HCVAT_E526FDD819AD21C7,58,2,commons_157132927.jpg,b54c2cd20bd5f166b203894d2ecde2cf96f8abff6b740628c28b64eb025e066e,comms_equipment,comms_equipment,mission_equipment,intact,no_visible_damage,1320.90,461.12,1469.21,595.12,148.31,134.00,19873.54,0,manual,
HCVAT_5907B847E2AEA9A3,58,3,commons_157132927.jpg,b54c2cd20bd5f166b203894d2ecde2cf96f8abff6b740628c28b64eb025e066e,weapons_station,weapon_station,mission_equipment,intact,no_visible_damage,298.38,5.80,1013.89,371.36,715.51,365.56,261561.84,0,manual,
HCVAT_2C67ECA18249F518,58,4,commons_157132927.jpg,b54c2cd20bd5f166b203894d2ecde2cf96f8abff6b740628c28b64eb025e066e,windshield,windshield,structure,intact,no_visible_damage,531.24,388.27,1227.24,683.58,696.00,295.31,205535.76,0,manual,
HCVAT_E93E8F0FA49A746E,58,5,commons_157132927.jpg,b54c2cd20bd5f166b203894d2ecde2cf96f8abff6b740628c28b64eb025e066e,door,door,structure,intact,no_visible_damage,135.76,362.25,328.30,790.26,192.54,428.01,82409.05,0,manual,
HCVAT_14C44DB01C6EBA3B,58,6,commons_157132927.jpg,b54c2cd20bd5f166b203894d2ecde2cf96f8abff6b740628c28b64eb025e066e,engine_bay,engine_bay,structure,intact,no_visible_damage,650.93,595.12,1600.00,998.41,949.07,403.29,382750.44,0,manual,
HCVAT_5E44FA9AB686D965,59,1,commons_157132955.jpg,44bd28c148a2df70ceae81bd9795790519d596a1ab27ba166b40a50dd28d15b8,weapons_station,weapon_station,mission_equipment,intact,no_visible_damage,706.87,13.61,1254.56,265.99,547.69,252.38,138226.00,0,manual,
HCVAT_179ADE6198457BC7,59,2,commons_157132955.jpg,44bd28c148a2df70ceae81bd9795790519d596a1ab27ba166b40a50dd28d15b8,wheel_tire,wheel_tire,mobility,intact,no_visible_damage,1296.06,567.80,1600.00,926.85,303.94,359.05,109129.66,0,manual,
HCVAT_5A1E670511AD592B,59,3,commons_157132955.jpg,44bd28c148a2df70ceae81bd9795790519d596a1ab27ba166b40a50dd28d15b8,door,door,structure,intact,no_visible_damage,458.30,346.64,606.70,835.79,148.40,489.15,72589.86,0,manual,
HCVAT_6FDA4EADCCCA2DF8,59,4,commons_157132955.jpg,44bd28c148a2df70ceae81bd9795790519d596a1ab27ba166b40a50dd28d15b8,door,door,structure,intact,no_visible_damage,757.60,307.61,981.36,778.55,223.76,470.94,105377.53,0,manual,
HCVAT_CE3AD767E252BA93,59,5,commons_157132955.jpg,44bd28c148a2df70ceae81bd9795790519d596a1ab27ba166b40a50dd28d15b8,comms_equipment,comms_equipment,mission_equipment,intact,no_visible_damage,1310.50,316.72,1414.57,407.79,104.07,91.07,9477.65,0,manual,
HCVAT_BBF85B906EADEE7D,59,6,commons_157132955.jpg,44bd28c148a2df70ceae81bd9795790519d596a1ab27ba166b40a50dd28d15b8,wheel_tire,wheel_tire,mobility,intact,no_visible_damage,155.28,664.07,500.02,986.70,344.74,322.63,111223.47,0,manual,
HCVAT_10F5EA98AE99F62D,60,1,commons_157372703.jpg,a7abdbc55c753ec46b01575480d161a6437b305910f4d53d9f5b31ba941a5c50,door,door,structure,intact,no_visible_damage,289.27,406.49,389.44,665.37,100.17,258.88,25932.01,0,manual,
HCVAT_B6DDEF4E6DD02975,60,2,commons_157372703.jpg,a7abdbc55c753ec46b01575480d161a6437b305910f4d53d9f5b31ba941a5c50,door,door,structure,intact,no_visible_damage,608.00,350.55,803.14,643.25,195.14,292.70,57117.48,0,manual,
HCVAT_5DC8BC357AADED69,60,3,commons_157372703.jpg,a7abdbc55c753ec46b01575480d161a6437b305910f4d53d9f5b31ba941a5c50,door,door,structure,intact,no_visible_damage,791.30,362.25,976.16,648.46,184.86,286.21,52908.78,0,manual,
HCVAT_DDCCC363E8747706,60,4,commons_157372703.jpg,a7abdbc55c753ec46b01575480d161a6437b305910f4d53d9f5b31ba941a5c50,wheel_tire,wheel_tire,mobility,intact,no_visible_damage,385.54,678.38,501.32,825.38,115.78,147.00,17019.66,0,manual,
HCVAT_DA226D1B94DBC53B,60,5,commons_157372703.jpg,a7abdbc55c753ec46b01575480d161a6437b305910f4d53d9f5b31ba941a5c50,door,door,structure,intact,no_visible_damage,222.79,412.99,310.09,680.98,87.30,267.99,23395.53,0,manual,
HCVAT_3DD5893429C86C27,60,6,commons_157372703.jpg,a7abdbc55c753ec46b01575480d161a6437b305910f4d53d9f5b31ba941a5c50,weapons_station,weapon_station,mission_equipment,intact,no_visible_damage,333.50,237.37,678.25,371.40,344.75,134.03,46206.84,0,manual,
HCVAT_F27B8B8B916A4CD2,61,1,commons_157807922.jpg,7d0a00962219b63168b9be67a94978348d81dbaa8db2c16e7046582b59b8bffd,engine_bay,engine_bay,structure,intact,no_visible_damage,481.42,562.49,1279.83,861.90,798.41,299.41,239051.94,0,manual,
HCVAT_BD37DE3384B10F6A,61,2,commons_157807922.jpg,7d0a00962219b63168b9be67a94978348d81dbaa8db2c16e7046582b59b8bffd,windshield,windshield,structure,intact,no_visible_damage,618.29,399.96,1171.47,561.54,553.18,161.58,89382.82,0,manual,
HCVAT_90DF9504B2F3A5F9,62,1,commons_157807955.jpg,88ddbd6e572b418121eae227e0ec166504260e887a5a88c0d1865fa53a10c051,wheel_tire,wheel_tire,mobility,intact,no_visible_damage,1076.41,892.02,1237.20,1064.05,160.79,172.03,27660.70,0,manual,
HCVAT_92DF70048EFE6C64,62,2,commons_157807955.jpg,88ddbd6e572b418121eae227e0ec166504260e887a5a88c0d1865fa53a10c051,door,door,structure,intact,no_visible_damage,1293.42,543.47,1501.42,1062.92,208.00,519.45,108045.60,0,manual,
HCVAT_660A3CF4249E90BC,63,1,commons_157808141.jpg,fff9022c0f914f04cb1c197056ad879655913f2f3dd52109e59dc3d18463c21a,wheel_tire,wheel_tire,mobility,intact,no_visible_damage,1354.13,840.30,1483.43,988.71,129.30,148.41,19189.41,0,manual,
HCVAT_4EE1F052039B1EDB,63,2,commons_157808141.jpg,fff9022c0f914f04cb1c197056ad879655913f2f3dd52109e59dc3d18463c21a,wheel_tire,wheel_tire,mobility,intact,no_visible_damage,783.71,946.89,928.14,1008.19,144.43,61.30,8853.56,0,manual,
HCVAT_66AEC5297C90CD3E,63,3,commons_157808141.jpg,fff9022c0f914f04cb1c197056ad879655913f2f3dd52109e59dc3d18463c21a,wheel_tire,wheel_tire,mobility,intact,no_visible_damage,974.10,856.04,1125.89,1011.20,151.79,155.16,23551.74,0,manual,
HCVAT_9478D9E7251DF4A7,63,4,commons_157808141.jpg,fff9022c0f914f04cb1c197056ad879655913f2f3dd52109e59dc3d18463c21a,weapons_station,weapon_station,mission_equipment,intact,no_visible_damage,980.84,543.47,1224.83,617.67,243.99,74.20,18104.06,0,manual,
HCVAT_E5265BF367CCCE22,63,5,commons_157808141.jpg,fff9022c0f914f04cb1c197056ad879655913f2f3dd52109e59dc3d18463c21a,wheel_tire,wheel_tire,mobility,intact,no_visible_damage,1155.17,929.75,1292.32,999.88,137.15,70.13,9618.33,0,manual,
HCVAT_3739B3FF11996F76,63,6,commons_157808141.jpg,fff9022c0f914f04cb1c197056ad879655913f2f3dd52109e59dc3d18463c21a,door,door,structure,intact,no_visible_damage,1279.92,653.54,1363.13,853.79,83.21,200.25,16662.80,0,manual,
HCVAT_0CB6F5BA4F1EBDEC,63,7,commons_157808141.jpg,fff9022c0f914f04cb1c197056ad879655913f2f3dd52109e59dc3d18463c21a,door,door,structure,intact,no_visible_damage,1180.98,653.65,1276.55,856.04,95.57,202.39,19342.41,0,manual,
HCVAT_3848965AA0321731,64,1,commons_157808159.jpg,4868bdb364b867e2c887289d51f874fda2fc8b34fc399d32913b894074869b81,wheel_tire,wheel_tire,mobility,intact,no_visible_damage,415.30,605.19,657.03,1055.05,241.73,449.86,108744.66,0,manual,
HCVAT_FFE2F4D86B9E9B55,64,2,commons_157808159.jpg,4868bdb364b867e2c887289d51f874fda2fc8b34fc399d32913b894074869b81,engine_bay,engine_bay,structure,intact,no_visible_damage,0.00,18.39,579.45,657.03,579.45,638.64,370059.95,0,manual,
HCVAT_3B9A4DD9675C3967,65,1,commons_157808472.jpg,ae882214fc6f1b85743fc1a4adce58ebf11e7b7f6d9711845dea051420b47e10,weapons_station,weapon_station,mission_equipment,intact,no_visible_damage,882.02,614.44,1018.20,706.09,136.18,91.65,12480.90,0,manual,
HCVAT_C3AC5A78AEDCD1A1,65,2,commons_157808472.jpg,ae882214fc6f1b85743fc1a4adce58ebf11e7b7f6d9711845dea051420b47e10,door,door,structure,intact,no_visible_damage,688.45,757.48,776.67,984.46,88.22,226.98,20024.18,0,manual,
HCVAT_DBDB20D66AAE8C71,65,3,commons_157808472.jpg,ae882214fc6f1b85743fc1a4adce58ebf11e7b7f6d9711845dea051420b47e10,door,door,structure,intact,no_visible_damage,789.52,749.77,878.59,987.88,89.07,238.11,21208.46,0,manual,
HCVAT_A4E5F80B5859520F,65,4,commons_157808472.jpg,ae882214fc6f1b85743fc1a4adce58ebf11e7b7f6d9711845dea051420b47e10,wheel_tire,wheel_tire,mobility,intact,no_visible_damage,834.91,1075.25,959.96,1148.91,125.05,73.66,9211.18,0,manual,
HCVAT_AF9ADB6AE14800BC,65,5,commons_157808472.jpg,ae882214fc6f1b85743fc1a4adce58ebf11e7b7f6d9711845dea051420b47e10,wheel_tire,wheel_tire,mobility,intact,no_visible_damage,572.95,972.81,709.73,1158.95,136.78,186.14,25460.23,0,manual,
HCVAT_F8C855B4C461B17E,65,6,commons_157808472.jpg,ae882214fc6f1b85743fc1a4adce58ebf11e7b7f6d9711845dea051420b47e10,wheel_tire,wheel_tire,mobility,intact,no_visible_damage,1223.77,1071.82,1371.09,1167.75,147.32,95.93,14132.41,0,manual,
HCVAT_2B859A10A11F58CA,66,1,commons_157812965.jpg,de2aa10e14e87865f62523f992593f98710fbb47a4e391f1b6f31ac485016d6f,wheel_tire,wheel_tire,mobility,intact,no_visible_damage,937.01,690.57,1105.42,978.02,168.41,287.45,48409.45,0,manual,
HCVAT_EF461E539224A566,66,2,commons_157812965.jpg,de2aa10e14e87865f62523f992593f98710fbb47a4e391f1b6f31ac485016d6f,door,door,structure,intact,no_visible_damage,1249.57,459.36,1322.76,778.68,73.19,319.32,23371.03,0,manual,
HCVAT_324FBE747B0938B8,66,3,commons_157812965.jpg,de2aa10e14e87865f62523f992593f98710fbb47a4e391f1b6f31ac485016d6f,comms_equipment,comms_equipment,mission_equipment,intact,no_visible_damage,543.80,398.99,607.89,583.38,64.09,184.39,11817.56,0,manual,
HCVAT_24B16D05A44DB4FC,66,4,commons_157812965.jpg,de2aa10e14e87865f62523f992593f98710fbb47a4e391f1b6f31ac485016d6f,wheel_tire,wheel_tire,mobility,intact,no_visible_damage,1239.71,664.44,1377.63,898.17,137.92,233.73,32236.04,0,manual,
HCVAT_5723C0A6EA9E5E0F,66,5,commons_157812965.jpg,de2aa10e14e87865f62523f992593f98710fbb47a4e391f1b6f31ac485016d6f,windshield,windshield,structure,intact,no_visible_damage,593.66,459.01,1118.48,557.01,524.82,98.00,51432.36,0,manual,
HCVAT_9EAB4AC3D74F1DBD,66,6,commons_157812965.jpg,de2aa10e14e87865f62523f992593f98710fbb47a4e391f1b6f31ac485016d6f,wheel_tire,wheel_tire,mobility,intact,no_visible_damage,384.61,717.43,558.09,959.15,173.48,241.72,41933.59,0,manual,
HCVAT_C23F888477825962,66,7,commons_157812965.jpg,de2aa10e14e87865f62523f992593f98710fbb47a4e391f1b6f31ac485016d6f,door,door,structure,intact,no_visible_damage,1161.98,457.12,1248.80,794.42,86.82,337.30,29284.39,0,manual,
HCVAT_C184602AF7DEACEB,66,8,commons_157812965.jpg,de2aa10e14e87865f62523f992593f98710fbb47a4e391f1b6f31ac485016d6f,engine_bay,engine_bay,structure,intact,no_visible_damage,385.30,572.10,1138.59,763.28,753.29,191.18,144013.98,0,manual,
HCVAT_6D8550A77905A344,66,9,commons_157812965.jpg,de2aa10e14e87865f62523f992593f98710fbb47a4e391f1b6f31ac485016d6f,weapons_station,weapon_station,mission_equipment,intact,no_visible_damage,734.95,202.11,1144.21,409.10,409.26,206.99,84712.73,0,manual,
HCVAT_4452A273A4B51D5E,67,1,commons_157812973.jpg,58ccb653800fa0059486161a7f11f69e2b3812dd62ac6b7e74f1fe87955fb3d3,windshield,windshield,structure,intact,no_visible_damage,624.08,699.69,937.96,813.38,313.88,113.69,35685.02,0,manual,
HCVAT_DAB9C1ACED42DE3B,67,2,commons_157812973.jpg,58ccb653800fa0059486161a7f11f69e2b3812dd62ac6b7e74f1fe87955fb3d3,engine_bay,engine_bay,structure,intact,no_visible_damage,502.61,769.65,932.13,892.10,429.52,122.45,52594.72,0,manual,
HCVAT_45FF96CA7470B840,67,3,commons_157812973.jpg,58ccb653800fa0059486161a7f11f69e2b3812dd62ac6b7e74f1fe87955fb3d3,engine_bay,engine_bay,structure,intact,no_visible_damage,0.00,692.79,96.41,771.60,96.41,78.81,7598.07,0,manual,
HCVAT_5D5482D47D1B9DC3,67,4,commons_157812973.jpg,58ccb653800fa0059486161a7f11f69e2b3812dd62ac6b7e74f1fe87955fb3d3,comms_equipment,comms_equipment,mission_equipment,intact,no_visible_damage,604.52,664.34,652.87,772.27,48.35,107.93,5218.42,0,manual,
HCVAT_CD5A695741201A70,67,5,commons_157812973.jpg,58ccb653800fa0059486161a7f11f69e2b3812dd62ac6b7e74f1fe87955fb3d3,weapons_station,weapon_station,mission_equipment,intact,no_visible_damage,692.11,557.81,1014.73,724.95,322.62,167.14,53922.71,0,manual,
HCVAT_2FC3FE0BC5B9405E,68,1,commons_157821756.jpg,cfe6edabd9ffbfa9389102dc2cdcac468aae2338bfa022f10d2cbf6bb321c038,engine_bay,engine_bay,structure,intact,no_visible_damage,0.00,268.20,972.00,992.81,972.00,724.61,704320.92,0,manual,
HCVAT_165A04772F57361E,69,1,commons_161850548.jpg,237fc8deac1da971324ff81be6fc2e9d615d6b6e4a8fd9e39b83afde80d787dc,door,door,structure,intact,no_visible_damage,1155.72,417.89,1304.96,790.98,149.24,373.09,55679.95,0,manual,
HCVAT_B5B64610359A2F06,69,2,commons_161850548.jpg,237fc8deac1da971324ff81be6fc2e9d615d6b6e4a8fd9e39b83afde80d787dc,wheel_tire,wheel_tire,mobility,destroyed,severe_visible_damage,1202.54,733.92,1364.95,946.06,162.41,212.14,34453.66,0,manual,
HCVAT_E844BE76CC724C13,69,3,commons_161850548.jpg,237fc8deac1da971324ff81be6fc2e9d615d6b6e4a8fd9e39b83afde80d787dc,door,door,structure,degraded,possible_damage,905.54,376.93,1164.50,826.09,258.96,449.16,116314.47,0,manual,
HCVAT_882523460D84A7E9,69,4,commons_161850548.jpg,237fc8deac1da971324ff81be6fc2e9d615d6b6e4a8fd9e39b83afde80d787dc,engine_bay,engine_bay,structure,degraded,possible_damage,146.20,517.38,814.80,826.09,668.60,308.71,206403.51,0,manual,
HCVAT_D9960D7EA9554CA5,69,5,commons_161850548.jpg,237fc8deac1da971324ff81be6fc2e9d615d6b6e4a8fd9e39b83afde80d787dc,windshield,windshield,structure,intact,no_visible_damage,519.28,384.24,937.73,521.77,418.45,137.53,57549.43,0,manual,
HCVAT_F7D1D013408B5FB8,69,6,commons_161850548.jpg,237fc8deac1da971324ff81be6fc2e9d615d6b6e4a8fd9e39b83afde80d787dc,wheel_tire,wheel_tire,mobility,destroyed,severe_visible_damage,554.40,796.83,908.46,1139.19,354.06,342.36,121215.98,0,manual,
HCVAT_FA78C84F4DF98F78,69,7,commons_161850548.jpg,237fc8deac1da971324ff81be6fc2e9d615d6b6e4a8fd9e39b83afde80d787dc,weapons_station,weapon_station,mission_equipment,intact,no_visible_damage,757.77,237.93,1101.59,376.93,343.82,139.00,47790.98,0,manual,
HCVAT_20BE906892D7E5C8,70,1,commons_161989600.jpg,9824367b389b94e2febc9477b79645d78951821ec5eb8c84413ec8282fb4ed8c,wheel_tire,wheel_tire,mobility,intact,no_visible_damage,417.92,950.03,567.14,1130.86,149.22,180.83,26983.45,0,manual,
HCVAT_4B3F76BCC0C7F365,70,2,commons_161989600.jpg,9824367b389b94e2febc9477b79645d78951821ec5eb8c84413ec8282fb4ed8c,door,door,structure,degraded,possible_damage,1440.86,502.29,1597.66,741.28,156.80,238.99,37473.63,0,manual,
HCVAT_062B7C3AB0BFECEC,70,3,commons_161989600.jpg,9824367b389b94e2febc9477b79645d78951821ec5eb8c84413ec8282fb4ed8c,windshield,windshield,structure,intact,no_visible_damage,529.20,432.84,1062.83,546.65,533.63,113.81,60732.43,0,manual,
HCVAT_ACC29F0E512B5165,70,4,commons_161989600.jpg,9824367b389b94e2febc9477b79645d78951821ec5eb8c84413ec8282fb4ed8c,weapons_station,weapon_station,mission_equipment,intact,no_visible_damage,644.27,293.75,889.59,415.14,245.32,121.39,29779.39,0,manual,
HCVAT_772E35B067EC70C4,70,5,commons_161989600.jpg,9824367b389b94e2febc9477b79645d78951821ec5eb8c84413ec8282fb4ed8c,wheel_tire,wheel_tire,mobility,intact,no_visible_damage,1083.06,952.43,1209.51,1130.86,126.45,178.43,22562.47,0,manual,
HCVAT_38774BF4D9AF7F3B,70,6,commons_161989600.jpg,9824367b389b94e2febc9477b79645d78951821ec5eb8c84413ec8282fb4ed8c,door,door,structure,intact,no_visible_damage,1102.03,450.55,1260.09,781.85,158.06,331.30,52365.28,0,manual,
HCVAT_299B406D994A1901,70,7,commons_161989600.jpg,9824367b389b94e2febc9477b79645d78951821ec5eb8c84413ec8282fb4ed8c,engine_bay,engine_bay,structure,degraded,possible_damage,421.72,546.65,1227.21,872.90,805.49,326.25,262791.11,0,manual,
HCVAT_8EB7498E81498AAF,70,8,commons_161989600.jpg,9824367b389b94e2febc9477b79645d78951821ec5eb8c84413ec8282fb4ed8c,door,door,structure,intact,no_visible_damage,307.91,448.02,506.44,798.29,198.53,350.27,69539.10,0,manual,
HCVAT_991CEEAF925F9397,71,1,commons_161989601.jpg,b17d06b2930d5edd348adfa8ff0e53cea433d139f3c7a0bd352c732146792e39,wheel_tire,wheel_tire,mobility,unknown,unobservable,1207.80,916.68,1377.82,1052.70,170.02,136.02,23126.12,0,manual,
HCVAT_F481B4856DF68B8A,71,2,commons_161989601.jpg,b17d06b2930d5edd348adfa8ff0e53cea433d139f3c7a0bd352c732146792e39,wheel_tire,wheel_tire,mobility,destroyed,severe_visible_damage,681.67,795.78,920.65,1109.37,238.98,313.59,74941.74,0,manual,
HCVAT_541C04C1B58199CA,71,3,commons_161989601.jpg,b17d06b2930d5edd348adfa8ff0e53cea433d139f3c7a0bd352c732146792e39,wheel_tire,wheel_tire,mobility,degraded,possible_damage,347.29,725.88,488.03,919.51,140.74,193.63,27251.49,0,manual,
HCVAT_C622F56415A09CF2,71,4,commons_161989601.jpg,b17d06b2930d5edd348adfa8ff0e53cea433d139f3c7a0bd352c732146792e39,windshield,windshield,structure,destroyed,severe_visible_damage,1405.89,512.64,1600.00,618.85,194.11,106.21,20616.42,0,manual,
HCVAT_56C8E47249CF64BA,71,5,commons_161989601.jpg,b17d06b2930d5edd348adfa8ff0e53cea433d139f3c7a0bd352c732146792e39,door,door,structure,degraded,possible_damage,433.48,402.62,685.11,811.06,251.63,408.44,102775.76,0,manual,
HCVAT_21C7A49A55C7F821,71,6,commons_161989601.jpg,b17d06b2930d5edd348adfa8ff0e53cea433d139f3c7a0bd352c732146792e39,door,door,structure,degraded,possible_damage,1299.67,498.73,1399.57,622.65,99.90,123.92,12379.61,0,manual,
HCVAT_AEE55AF569FBFC94,71,7,commons_161989601.jpg,b17d06b2930d5edd348adfa8ff0e53cea433d139f3c7a0bd352c732146792e39,engine_bay,engine_bay,structure,intact,no_visible_damage,733.17,527.81,1440.03,833.82,706.86,306.01,216306.23,0,manual,
HCVAT_DBE6E782602C0117,71,8,commons_161989601.jpg,b17d06b2930d5edd348adfa8ff0e53cea433d139f3c7a0bd352c732146792e39,weapons_station,weapon_station,mission_equipment,intact,no_visible_damage,553.61,248.35,926.64,384.92,373.03,136.57,50944.71,0,manual,
HCVAT_ADAF88016DEB0F06,71,9,commons_161989601.jpg,b17d06b2930d5edd348adfa8ff0e53cea433d139f3c7a0bd352c732146792e39,windshield,windshield,structure,intact,no_visible_damage,669.94,396.30,1154.25,542.98,484.31,146.68,71038.59,0,manual,
HCVAT_175F10CC7AAE593B,71,10,commons_161989601.jpg,b17d06b2930d5edd348adfa8ff0e53cea433d139f3c7a0bd352c732146792e39,door,door,structure,intact,no_visible_damage,1151.72,450.67,1257.94,569.54,106.22,118.87,12626.37,0,manual,
HCVAT_3108C059D079BB70,71,11,commons_161989601.jpg,b17d06b2930d5edd348adfa8ff0e53cea433d139f3c7a0bd352c732146792e39,weapons_station,weapon_station,mission_equipment,intact,no_visible_damage,1247.06,405.00,1432.33,494.99,185.27,89.99,16672.45,0,manual,
HCVAT_498778990F203FE5,71,12,commons_161989601.jpg,b17d06b2930d5edd348adfa8ff0e53cea433d139f3c7a0bd352c732146792e39,wheel_tire,wheel_tire,mobility,intact,no_visible_damage,1447.72,734.38,1592.24,911.01,144.52,176.63,25526.57,0,manual,
HCVAT_50A4DFFBC7F1115A,72,1,commons_166728945.jpg,9f51eb7b2e1c6055ea6952b7155c83d071103ac3ba5f4c368c7bc8dc5ab2649c,wheel_tire,wheel_tire,mobility,intact,no_visible_damage,1197.71,773.15,1419.00,1000.00,221.29,226.85,50199.64,0,manual,
HCVAT_FCF6C32AFAAD6FB3,72,2,commons_166728945.jpg,9f51eb7b2e1c6055ea6952b7155c83d071103ac3ba5f4c368c7bc8dc5ab2649c,weapons_station,weapon_station,mission_equipment,intact,no_visible_damage,2.74,421.19,135.52,540.27,132.78,119.08,15811.44,0,manual,
HCVAT_C202C5404D66EDB3,72,3,commons_166728945.jpg,9f51eb7b2e1c6055ea6952b7155c83d071103ac3ba5f4c368c7bc8dc5ab2649c,windshield,windshield,structure,intact,no_visible_damage,646.59,330.57,1225.11,461.23,578.52,130.66,75589.42,0,manual,
HCVAT_C373B9178942312C,72,4,commons_166728945.jpg,9f51eb7b2e1c6055ea6952b7155c83d071103ac3ba5f4c368c7bc8dc5ab2649c,comms_equipment,comms_equipment,mission_equipment,intact,no_visible_damage,1235.64,330.57,1383.17,461.23,147.53,130.66,19276.27,0,manual,
HCVAT_7CCF6FD3EDCC5125,72,5,commons_166728945.jpg,9f51eb7b2e1c6055ea6952b7155c83d071103ac3ba5f4c368c7bc8dc5ab2649c,door,door,structure,intact,no_visible_damage,1351.56,317.92,1600.00,852.18,248.44,534.26,132731.55,0,manual,
HCVAT_029FAEC68A78B7AC,72,6,commons_166728945.jpg,9f51eb7b2e1c6055ea6952b7155c83d071103ac3ba5f4c368c7bc8dc5ab2649c,weapons_station,weapon_station,mission_equipment,intact,no_visible_damage,747.75,0.00,1253.56,289.47,505.81,289.47,146416.82,0,manual,
HCVAT_F8BD85D7E56B430B,72,7,commons_166728945.jpg,9f51eb7b2e1c6055ea6952b7155c83d071103ac3ba5f4c368c7bc8dc5ab2649c,engine_bay,engine_bay,structure,intact,no_visible_damage,442.16,467.56,1346.29,762.61,904.13,295.05,266763.56,0,manual,
HCVAT_75819C88DFBA0D83,73,1,commons_170307069.jpg,7ecef05fe9403895e5a8ba9e81073881b86c3130bcb3fbbbeb5cc9bac2f05eb4,wheel_tire,wheel_tire,mobility,intact,no_visible_damage,56.07,576.83,201.94,800.90,145.87,224.07,32685.09,0,manual,
HCVAT_BFF89D4018012007,73,2,commons_170307069.jpg,7ecef05fe9403895e5a8ba9e81073881b86c3130bcb3fbbbeb5cc9bac2f05eb4,wheel_tire,wheel_tire,mobility,intact,no_visible_damage,532.77,552.77,859.10,952.78,326.33,400.01,130535.26,0,manual,
HCVAT_1F5C344DA39B90C9,73,3,commons_170307069.jpg,7ecef05fe9403895e5a8ba9e81073881b86c3130bcb3fbbbeb5cc9bac2f05eb4,wheel_tire,wheel_tire,mobility,intact,no_visible_damage,433.21,688.10,538.02,767.42,104.81,79.32,8313.53,0,manual,
HCVAT_6FB609969356E7EB,73,4,commons_170307069.jpg,7ecef05fe9403895e5a8ba9e81073881b86c3130bcb3fbbbeb5cc9bac2f05eb4,weapons_station,weapon_station,mission_equipment,intact,no_visible_damage,100.85,246.26,394.53,323.46,293.68,77.20,22672.10,0,manual,
HCVAT_72934D041D0EDC85,73,5,commons_170307069.jpg,7ecef05fe9403895e5a8ba9e81073881b86c3130bcb3fbbbeb5cc9bac2f05eb4,wheel_tire,wheel_tire,mobility,intact,no_visible_damage,1009.48,712.17,1287.68,864.06,278.20,151.89,42255.80,0,manual,
HCVAT_4841FF08CFAB2DBA,74,1,commons_17879383.jpg,9b8221a26d38c59084ba3e67fab2851f6c9e64e82028d5e70501855126d98862,weapons_station,weapon_station,mission_equipment,intact,no_visible_damage,729.01,358.09,918.10,500.61,189.09,142.52,26949.11,0,manual,
HCVAT_1E61BD02F3BB61F5,74,2,commons_17879383.jpg,9b8221a26d38c59084ba3e67fab2851f6c9e64e82028d5e70501855126d98862,door,door,structure,intact,no_visible_damage,331.06,645.96,475.00,873.16,143.94,227.20,32703.17,0,manual,
HCVAT_71A2CF7FC56C4666,74,3,commons_17879383.jpg,9b8221a26d38c59084ba3e67fab2851f6c9e64e82028d5e70501855126d98862,wheel_tire,wheel_tire,mobility,intact,no_visible_damage,676.09,806.13,800.98,951.48,124.89,145.35,18152.76,0,manual,
HCVAT_D9B067E12087C07F,74,4,commons_17879383.jpg,9b8221a26d38c59084ba3e67fab2851f6c9e64e82028d5e70501855126d98862,door,door,structure,intact,no_visible_damage,475.00,643.85,653.51,881.63,178.51,237.78,42446.11,0,manual,
HCVAT_A0A9FE16BDA31D06,74,5,commons_17879383.jpg,9b8221a26d38c59084ba3e67fab2851f6c9e64e82028d5e70501855126d98862,wheel_tire,wheel_tire,mobility,intact,no_visible_damage,172.31,784.26,312.72,946.54,140.41,162.28,22785.73,0,manual,
HCVAT_EFAB8888C1AB7302,74,6,commons_17879383.jpg,9b8221a26d38c59084ba3e67fab2851f6c9e64e82028d5e70501855126d98862,weapons_station,weapon_station,mission_equipment,intact,no_visible_damage,525.10,434.29,802.39,608.57,277.29,174.28,48326.10,0,manual,
HCVAT_56CE51C6AFB23C35,75,1,commons_184005053.jpg,a50c15a3e46f800d6a972a68d14193918cdff2dc1677ddd28943b9c09fccfd8d,weapons_station,weapon_station,mission_equipment,intact,no_visible_damage,516.19,95.53,952.39,365.69,436.20,270.16,117843.79,0,manual,
HCVAT_F48D370BB59E635A,75,2,commons_184005053.jpg,a50c15a3e46f800d6a972a68d14193918cdff2dc1677ddd28943b9c09fccfd8d,wheel_tire,wheel_tire,mobility,intact,no_visible_damage,418.66,286.62,521.46,398.63,102.80,112.01,11514.63,0,manual,
HCVAT_8982CFD7E74C7069,75,3,commons_184005053.jpg,a50c15a3e46f800d6a972a68d14193918cdff2dc1677ddd28943b9c09fccfd8d,windshield,windshield,structure,intact,no_visible_damage,458.20,436.85,1242.32,675.38,784.12,238.53,187036.14,0,manual,
HCVAT_CCDA3CA860C507F3,75,4,commons_184005053.jpg,a50c15a3e46f800d6a972a68d14193918cdff2dc1677ddd28943b9c09fccfd8d,wheel_tire,wheel_tire,mobility,intact,no_visible_damage,155.96,984.79,322.90,1387.21,166.94,402.42,67179.99,0,manual,
HCVAT_28C2DA2F2D9418BB,75,5,commons_184005053.jpg,a50c15a3e46f800d6a972a68d14193918cdff2dc1677ddd28943b9c09fccfd8d,wheel_tire,wheel_tire,mobility,intact,no_visible_damage,949.86,1270.60,1124.52,1378.39,174.66,107.79,18826.60,0,manual,
HCVAT_A1C933EDDE9BD290,75,6,commons_184005053.jpg,a50c15a3e46f800d6a972a68d14193918cdff2dc1677ddd28943b9c09fccfd8d,engine_bay,engine_bay,structure,intact,no_visible_damage,435.80,700.42,1428.14,1047.02,992.34,346.60,343945.04,0,manual,
HCVAT_07273488F775C82B,75,7,commons_184005053.jpg,a50c15a3e46f800d6a972a68d14193918cdff2dc1677ddd28943b9c09fccfd8d,wheel_tire,wheel_tire,mobility,intact,no_visible_damage,336.17,994.96,531.74,1447.00,195.57,452.04,88405.46,0,manual,
HCVAT_0FD1F6EE3FDA2C1A,75,8,commons_184005053.jpg,a50c15a3e46f800d6a972a68d14193918cdff2dc1677ddd28943b9c09fccfd8d,wheel_tire,wheel_tire,mobility,intact,no_visible_damage,1216.26,1201.79,1419.15,1447.00,202.89,245.21,49750.66,0,manual,
HCVAT_1D46569308425BE4,76,1,commons_191018914.jpg,e6bce2921a10375ef903a8a8e05307de6c0daaea4cc8e432b7f53fc858c10c81,weapons_station,weapon_station,mission_equipment,intact,no_visible_damage,519.51,417.14,743.45,547.82,223.94,130.68,29264.48,0,manual,
HCVAT_9CD0695FB21906D6,76,2,commons_191018914.jpg,e6bce2921a10375ef903a8a8e05307de6c0daaea4cc8e432b7f53fc858c10c81,engine_bay,engine_bay,structure,intact,no_visible_damage,249.45,590.87,625.88,721.99,376.43,131.12,49357.50,0,manual,
HCVAT_38C73D53F7CA6B1A,76,3,commons_191018914.jpg,e6bce2921a10375ef903a8a8e05307de6c0daaea4cc8e432b7f53fc858c10c81,windshield,windshield,structure,intact,no_visible_damage,832.91,533.78,975.95,571.42,143.04,37.64,5384.03,0,manual,
HCVAT_70949C12800D71D0,76,4,commons_191018914.jpg,e6bce2921a10375ef903a8a8e05307de6c0daaea4cc8e432b7f53fc858c10c81,door,door,structure,intact,no_visible_damage,995.40,533.15,1035.55,661.13,40.15,127.98,5138.40,0,manual,
HCVAT_20FB8930405EB795,76,5,commons_191018914.jpg,e6bce2921a10375ef903a8a8e05307de6c0daaea4cc8e432b7f53fc858c10c81,door,door,structure,intact,no_visible_damage,1336.69,652.98,1366.18,704.42,29.49,51.44,1516.97,0,manual,
HCVAT_5B2B75DC7639255A,76,6,commons_191018914.jpg,e6bce2921a10375ef903a8a8e05307de6c0daaea4cc8e432b7f53fc858c10c81,engine_bay,engine_bay,structure,intact,no_visible_damage,867.42,585.22,979.09,678.70,111.67,93.48,10438.91,0,manual,
HCVAT_56DACE18C9F6ED78,76,7,commons_191018914.jpg,e6bce2921a10375ef903a8a8e05307de6c0daaea4cc8e432b7f53fc858c10c81,door,door,structure,intact,no_visible_damage,703.67,555.67,775.19,721.99,71.52,166.32,11895.21,0,manual,
HCVAT_AC8108ABA1A6A647,76,8,commons_191018914.jpg,e6bce2921a10375ef903a8a8e05307de6c0daaea4cc8e432b7f53fc858c10c81,wheel_tire,wheel_tire,mobility,intact,no_visible_damage,930.65,671.74,1004.12,794.08,73.47,122.34,8988.32,0,manual,
HCVAT_38F3D2956FDAC082,76,9,commons_191018914.jpg,e6bce2921a10375ef903a8a8e05307de6c0daaea4cc8e432b7f53fc858c10c81,windshield,windshield,structure,intact,no_visible_damage,430.76,535.03,627.13,592.10,196.37,57.07,11206.84,0,manual,
HCVAT_E9EE73C711159B80,76,10,commons_191018914.jpg,e6bce2921a10375ef903a8a8e05307de6c0daaea4cc8e432b7f53fc858c10c81,door,door,structure,intact,no_visible_damage,635.91,541.93,710.57,720.74,74.66,178.81,13349.95,0,manual,
HCVAT_3BE49D7DE886544F,76,11,commons_191018914.jpg,e6bce2921a10375ef903a8a8e05307de6c0daaea4cc8e432b7f53fc858c10c81,wheel_tire,wheel_tire,mobility,intact,no_visible_damage,1232.01,711.54,1253.22,758.35,21.21,46.81,992.84,0,manual,
HCVAT_90888E9DC46EE566,76,12,commons_191018914.jpg,e6bce2921a10375ef903a8a8e05307de6c0daaea4cc8e432b7f53fc858c10c81,wheel_tire,wheel_tire,mobility,intact,no_visible_damage,1198.02,705.00,1227.33,763.58,29.31,58.58,1716.98,0,manual,
HCVAT_3579186005196FD3,76,13,commons_191018914.jpg,e6bce2921a10375ef903a8a8e05307de6c0daaea4cc8e432b7f53fc858c10c81,wheel_tire,wheel_tire,mobility,intact,no_visible_damage,1283.79,700.82,1307.59,749.46,23.80,48.64,1157.63,0,manual,
HCVAT_4A10DF87EA9BF399,76,14,commons_191018914.jpg,e6bce2921a10375ef903a8a8e05307de6c0daaea4cc8e432b7f53fc858c10c81,wheel_tire,wheel_tire,mobility,intact,no_visible_damage,1321.10,704.72,1340.18,745.41,19.08,40.69,776.37,0,manual,
HCVAT_62394CFFB1A14857,76,15,commons_191018914.jpg,e6bce2921a10375ef903a8a8e05307de6c0daaea4cc8e432b7f53fc858c10c81,wheel_tire,wheel_tire,mobility,intact,no_visible_damage,1342.54,704.87,1359.93,743.72,17.39,38.85,675.60,0,manual,
HCVAT_1A93D5EC70D4523A,76,16,commons_191018914.jpg,e6bce2921a10375ef903a8a8e05307de6c0daaea4cc8e432b7f53fc858c10c81,wheel_tire,wheel_tire,mobility,intact,no_visible_damage,761.30,686.79,852.92,817.30,91.62,130.51,11957.33,0,manual,
HCVAT_926834865C5A5C3F,76,17,commons_191018914.jpg,e6bce2921a10375ef903a8a8e05307de6c0daaea4cc8e432b7f53fc858c10c81,wheel_tire,wheel_tire,mobility,intact,no_visible_damage,1146.50,702.91,1185.49,769.33,38.99,66.42,2589.72,0,manual,
HCVAT_C87B50B5917F4127,76,18,commons_191018914.jpg,e6bce2921a10375ef903a8a8e05307de6c0daaea4cc8e432b7f53fc858c10c81,wheel_tire,wheel_tire,mobility,intact,no_visible_damage,1045.46,682.40,1100.74,779.65,55.28,97.25,5375.98,0,manual,
HCVAT_4DA0BC4482AA7AAE,76,19,commons_191018914.jpg,e6bce2921a10375ef903a8a8e05307de6c0daaea4cc8e432b7f53fc858c10c81,wheel_tire,wheel_tire,mobility,intact,no_visible_damage,235.52,750.79,382.39,836.11,146.87,85.32,12530.95,0,manual,
HCVAT_F21522AE2821F73E,76,20,commons_191018914.jpg,e6bce2921a10375ef903a8a8e05307de6c0daaea4cc8e432b7f53fc858c10c81,wheel_tire,wheel_tire,mobility,intact,no_visible_damage,1255.81,700.03,1281.20,752.59,25.39,52.56,1334.50,0,manual,
HCVAT_235ECC7573CFD708,76,21,commons_191018914.jpg,e6bce2921a10375ef903a8a8e05307de6c0daaea4cc8e432b7f53fc858c10c81,wheel_tire,wheel_tire,mobility,intact,no_visible_damage,1092.52,682.40,1128.34,775.25,35.82,92.85,3325.89,0,manual,
HCVAT_EC53A40339487ED4,76,22,commons_191018914.jpg,e6bce2921a10375ef903a8a8e05307de6c0daaea4cc8e432b7f53fc858c10c81,wheel_tire,wheel_tire,mobility,intact,no_visible_damage,1305.23,702.17,1315.53,748.45,10.30,46.28,476.68,0,manual,
HCVAT_D81BD06BE3E9ACAD,76,23,commons_191018914.jpg,e6bce2921a10375ef903a8a8e05307de6c0daaea4cc8e432b7f53fc858c10c81,windshield,windshield,structure,intact,no_visible_damage,1230.04,628.51,1267.05,651.72,37.01,23.21,859.00,0,manual,
HCVAT_2A7D05684CD2DDAF,76,24,commons_191018914.jpg,e6bce2921a10375ef903a8a8e05307de6c0daaea4cc8e432b7f53fc858c10c81,comms_equipment,comms_equipment,mission_equipment,intact,no_visible_damage,742.90,494.68,760.81,554.87,17.91,60.19,1078.00,0,manual,
HCVAT_F6C1961E02DA35A5,76,25,commons_191018914.jpg,e6bce2921a10375ef903a8a8e05307de6c0daaea4cc8e432b7f53fc858c10c81,windshield,windshield,structure,intact,no_visible_damage,1137.19,640.43,1167.30,665.53,30.11,25.10,755.76,0,manual,
HCVAT_CF4B490361A8B55E,76,26,commons_191018914.jpg,e6bce2921a10375ef903a8a8e05307de6c0daaea4cc8e432b7f53fc858c10c81,wheel_tire,wheel_tire,mobility,intact,no_visible_damage,492.75,677.38,637.11,848.03,144.36,170.65,24635.03,0,manual,
HCVAT_2C7754B40331AF34,76,27,commons_191018914.jpg,e6bce2921a10375ef903a8a8e05307de6c0daaea4cc8e432b7f53fc858c10c81,comms_equipment,comms_equipment,mission_equipment,intact,no_visible_damage,586.21,541.31,635.55,584.69,49.34,43.38,2140.37,0,manual,
HCVAT_74884150BE501DF1,77,1,commons_196256603.jpg,602d9537969293de685719e727cfb4dc46e5c8d217a8573f91f04e9f6d025998,engine_bay,engine_bay,structure,intact,no_visible_damage,672.79,338.43,1331.03,642.31,658.24,303.88,200025.97,0,manual,
HCVAT_05F1E151469C53C8,77,2,commons_196256603.jpg,602d9537969293de685719e727cfb4dc46e5c8d217a8573f91f04e9f6d025998,wheel_tire,wheel_tire,mobility,intact,no_visible_damage,721.24,582.11,1061.14,894.73,339.90,312.62,106259.54,0,manual,
HCVAT_94DD4F08BBDC5AFD,77,3,commons_196256603.jpg,602d9537969293de685719e727cfb4dc46e5c8d217a8573f91f04e9f6d025998,windshield,windshield,structure,intact,no_visible_damage,628.13,284.06,1012.59,384.06,384.46,100.00,38446.00,0,manual,
HCVAT_C1273528BD09FA64,78,1,commons_20727414.jpg,3961a7b61e962e059cece57d445ff013496aa6c59b6f18032880366ac8df0986,wheel_tire,wheel_tire,mobility,intact,no_visible_damage,876.18,595.99,938.18,713.19,62.00,117.20,7266.40,0,manual,
HCVAT_769026B14498615D,78,2,commons_20727414.jpg,3961a7b61e962e059cece57d445ff013496aa6c59b6f18032880366ac8df0986,door,door,structure,intact,no_visible_damage,545.81,547.87,558.82,581.53,13.01,33.66,437.92,0,manual,
HCVAT_5374DB8DACE70548,78,3,commons_20727414.jpg,3961a7b61e962e059cece57d445ff013496aa6c59b6f18032880366ac8df0986,weapons_station,weapon_station,mission_equipment,intact,no_visible_damage,933.63,304.66,1291.45,439.15,357.82,134.49,48123.21,0,manual,
HCVAT_64FE2CAEC56B4946,78,4,commons_20727414.jpg,3961a7b61e962e059cece57d445ff013496aa6c59b6f18032880366ac8df0986,wheel_tire,wheel_tire,mobility,intact,no_visible_damage,1305.85,610.43,1424.84,750.57,118.99,140.14,16675.26,0,manual,
HCVAT_171159484AAF37C5,78,5,commons_20727414.jpg,3961a7b61e962e059cece57d445ff013496aa6c59b6f18032880366ac8df0986,door,door,structure,intact,no_visible_damage,538.80,552.71,549.89,583.70,11.09,30.99,343.68,0,manual,
HCVAT_E94D6B63F8E79ADE,78,6,commons_20727414.jpg,3961a7b61e962e059cece57d445ff013496aa6c59b6f18032880366ac8df0986,windshield,windshield,structure,intact,no_visible_damage,1022.45,437.89,1330.15,528.61,307.70,90.72,27914.54,0,manual,
HCVAT_0795F34D573F8451,78,7,commons_20727414.jpg,3961a7b61e962e059cece57d445ff013496aa6c59b6f18032880366ac8df0986,wheel_tire,wheel_tire,mobility,intact,no_visible_damage,563.00,563.72,579.97,586.30,16.97,22.58,383.18,0,manual,
HCVAT_54A71C5901992FEC,78,8,commons_20727414.jpg,3961a7b61e962e059cece57d445ff013496aa6c59b6f18032880366ac8df0986,engine_bay,engine_bay,structure,intact,no_visible_damage,991.69,502.56,1427.39,620.62,435.70,118.06,51438.74,0,manual,
HCVAT_FE859539D17EB373,78,9,commons_20727414.jpg,3961a7b61e962e059cece57d445ff013496aa6c59b6f18032880366ac8df0986,door,door,structure,intact,no_visible_damage,923.48,426.47,968.52,633.29,45.04,206.82,9315.17,0,manual,
HCVAT_DD4C4D4A76FBDA80,78,10,commons_20727414.jpg,3961a7b61e962e059cece57d445ff013496aa6c59b6f18032880366ac8df0986,wheel_tire,wheel_tire,mobility,intact,no_visible_damage,969.52,556.92,1068.13,725.09,98.61,168.17,16583.24,0,manual,
HCVAT_0F14D3C2E6610539,78,11,commons_20727414.jpg,3961a7b61e962e059cece57d445ff013496aa6c59b6f18032880366ac8df0986,weapons_station,weapon_station,mission_equipment,intact,no_visible_damage,558.95,524.16,594.91,539.97,35.96,15.81,568.53,0,manual,
HCVAT_28F9E1BAEA875F88,78,12,commons_20727414.jpg,3961a7b61e962e059cece57d445ff013496aa6c59b6f18032880366ac8df0986,door,door,structure,intact,no_visible_damage,900.64,452.48,927.29,637.73,26.65,185.25,4936.91,0,manual,
HCVAT_B3BB27E8FDA05EB7,79,1,commons_21426040.jpg,e238b5be9c8416f1d1af9d18cbeb4ebec05dc913ce0e230b8d3dd45814d86b81,wheel_tire,wheel_tire,mobility,intact,no_visible_damage,836.46,663.19,1068.61,892.84,232.15,229.65,53313.25,0,manual,
HCVAT_D006888AA55EBC75,79,2,commons_21426040.jpg,e238b5be9c8416f1d1af9d18cbeb4ebec05dc913ce0e230b8d3dd45814d86b81,weapons_station,weapon_station,mission_equipment,intact,no_visible_damage,620.05,319.04,1016.89,460.43,396.84,141.39,56109.21,0,manual,
HCVAT_4FF975FDDABF2411,79,3,commons_21426040.jpg,e238b5be9c8416f1d1af9d18cbeb4ebec05dc913ce0e230b8d3dd45814d86b81,door,door,structure,intact,no_visible_damage,610.29,475.29,818.71,730.26,208.42,254.97,53140.85,0,manual,
HCVAT_AE5B2CCD4AA72E5F,79,4,commons_21426040.jpg,e238b5be9c8416f1d1af9d18cbeb4ebec05dc913ce0e230b8d3dd45814d86b81,wheel_tire,wheel_tire,mobility,intact,no_visible_damage,273.19,640.28,451.25,816.82,178.06,176.54,31434.71,0,manual,
HCVAT_B632671613FCBBBC,79,5,commons_21426040.jpg,e238b5be9c8416f1d1af9d18cbeb4ebec05dc913ce0e230b8d3dd45814d86b81,door,door,structure,intact,no_visible_damage,461.12,480.58,616.64,719.68,155.52,239.10,37184.83,0,manual,
HCVAT_B6B1A05F803894C7,80,1,commons_21430559.jpg,42c673eccd23d58732449eb8a505ea792a22e4be2130555b3fc286bab68a74f7,wheel_tire,wheel_tire,mobility,intact,no_visible_damage,890.54,372.28,909.19,390.01,18.65,17.73,330.66,0,manual,
HCVAT_2B3965792E868C32,80,2,commons_21430559.jpg,42c673eccd23d58732449eb8a505ea792a22e4be2130555b3fc286bab68a74f7,engine_bay,engine_bay,structure,intact,no_visible_damage,485.58,632.29,806.22,746.46,320.64,114.17,36607.47,0,manual,
HCVAT_267D7A5808E5E8E0,80,3,commons_21430559.jpg,42c673eccd23d58732449eb8a505ea792a22e4be2130555b3fc286bab68a74f7,wheel_tire,wheel_tire,mobility,intact,no_visible_damage,69.71,701.30,207.69,835.85,137.98,134.55,18565.21,0,manual,
HCVAT_055B36D0DDE38AFF,80,4,commons_21430559.jpg,42c673eccd23d58732449eb8a505ea792a22e4be2130555b3fc286bab68a74f7,wheel_tire,wheel_tire,mobility,intact,no_visible_damage,803.43,380.52,822.07,390.37,18.64,9.85,183.60,0,manual,
HCVAT_500A0AC26C49EF5F,80,5,commons_21430559.jpg,42c673eccd23d58732449eb8a505ea792a22e4be2130555b3fc286bab68a74f7,door,door,structure,intact,no_visible_damage,297.56,587.11,439.42,772.21,141.86,185.10,26258.29,0,manual,
HCVAT_7E03FC41E2E7FA92,80,6,commons_21430559.jpg,42c673eccd23d58732449eb8a505ea792a22e4be2130555b3fc286bab68a74f7,wheel_tire,wheel_tire,mobility,intact,no_visible_damage,821.85,371.16,841.85,390.90,20.00,19.74,394.80,0,manual,
HCVAT_4C9F06BF84733170,80,7,commons_21430559.jpg,42c673eccd23d58732449eb8a505ea792a22e4be2130555b3fc286bab68a74f7,wheel_tire,wheel_tire,mobility,intact,no_visible_damage,508.41,732.86,665.82,882.98,157.41,150.12,23630.39,0,manual,
HCVAT_CEBADD8CE9AE5B1F,80,8,commons_21430559.jpg,42c673eccd23d58732449eb8a505ea792a22e4be2130555b3fc286bab68a74f7,door,door,structure,intact,no_visible_damage,644.12,560.27,695.49,629.93,51.37,69.66,3578.43,0,manual,
HCVAT_487C701DE02B8ECB,80,9,commons_21430559.jpg,42c673eccd23d58732449eb8a505ea792a22e4be2130555b3fc286bab68a74f7,wheel_tire,wheel_tire,mobility,intact,no_visible_damage,676.99,731.89,815.00,844.60,138.01,112.71,15555.11,0,manual,
HCVAT_A73D8006BBE67554,80,10,commons_21430559.jpg,42c673eccd23d58732449eb8a505ea792a22e4be2130555b3fc286bab68a74f7,door,door,structure,intact,no_visible_damage,186.80,575.45,315.54,755.21,128.74,179.76,23142.30,0,manual,
HCVAT_D7159803D54021FB,80,11,commons_21430559.jpg,42c673eccd23d58732449eb8a505ea792a22e4be2130555b3fc286bab68a74f7,weapons_station,weapon_station,mission_equipment,intact,no_visible_damage,252.87,417.00,562.33,549.70,309.46,132.70,41065.34,0,manual,
HCVAT_EE606E1ACA2655DD,80,12,commons_21430559.jpg,42c673eccd23d58732449eb8a505ea792a22e4be2130555b3fc286bab68a74f7,windshield,windshield,structure,intact,no_visible_damage,454.48,569.14,630.84,635.21,176.36,66.07,11652.11,0,manual,
HCVAT_30143652E94F32DF,81,1,commons_21493525.jpg,b2460b594f5d4b9642599633b69606551d229ec3144aa1a6b54304b7850e8c3e,wheel_tire,wheel_tire,mobility,intact,no_visible_damage,807.29,739.64,910.83,870.24,103.54,130.60,13522.32,0,manual,
HCVAT_F9C60513B9B88CD5,81,2,commons_21493525.jpg,b2460b594f5d4b9642599633b69606551d229ec3144aa1a6b54304b7850e8c3e,wheel_tire,wheel_tire,mobility,intact,no_visible_damage,289.60,727.87,386.08,885.53,96.48,157.66,15211.04,0,manual,
HCVAT_F1AF24A9969AFA2C,81,3,commons_21493525.jpg,b2460b594f5d4b9642599633b69606551d229ec3144aa1a6b54304b7850e8c3e,weapons_station,weapon_station,mission_equipment,intact,no_visible_damage,353.14,105.50,768.47,377.26,415.33,271.76,112870.08,0,manual,
HCVAT_B862A184FEBC7206,81,4,commons_21493525.jpg,b2460b594f5d4b9642599633b69606551d229ec3144aa1a6b54304b7850e8c3e,comms_equipment,comms_equipment,mission_equipment,intact,no_visible_damage,291.50,86.69,335.79,574.13,44.29,487.44,21588.72,0,manual,
HCVAT_B480208DE0F76A19,82,1,commons_23003511.jpg,b87619e952f6ddd032b5ecf43fae55d68f852f6bf87789161f5a177a4d1e2a1a,engine_bay,engine_bay,structure,intact,no_visible_damage,943.12,531.07,1250.78,606.87,307.66,75.80,23320.63,0,manual,
HCVAT_2267EA946D6469C7,82,2,commons_23003511.jpg,b87619e952f6ddd032b5ecf43fae55d68f852f6bf87789161f5a177a4d1e2a1a,door,door,structure,intact,no_visible_damage,848.00,479.05,910.42,625.20,62.42,146.15,9122.68,0,manual,
HCVAT_7775293E31F7D230,82,3,commons_23003511.jpg,b87619e952f6ddd032b5ecf43fae55d68f852f6bf87789161f5a177a4d1e2a1a,comms_equipment,comms_equipment,mission_equipment,intact,no_visible_damage,931.89,452.82,960.62,537.77,28.73,84.95,2440.61,0,manual,
HCVAT_5B24B083D3F1C5EA,82,4,commons_23003511.jpg,b87619e952f6ddd032b5ecf43fae55d68f852f6bf87789161f5a177a4d1e2a1a,wheel_tire,wheel_tire,mobility,intact,no_visible_damage,948.23,581.65,1043.96,708.33,95.73,126.68,12127.08,0,manual,
HCVAT_54BACD9D53345F8F,82,5,commons_23003511.jpg,b87619e952f6ddd032b5ecf43fae55d68f852f6bf87789161f5a177a4d1e2a1a,comms_equipment,comms_equipment,mission_equipment,intact,no_visible_damage,901.47,354.48,919.63,525.31,18.16,170.83,3102.27,0,manual,
HCVAT_BBECF3DC7195F9D0,82,6,commons_23003511.jpg,b87619e952f6ddd032b5ecf43fae55d68f852f6bf87789161f5a177a4d1e2a1a,windshield,windshield,structure,intact,no_visible_damage,193.76,472.67,271.19,488.25,77.43,15.58,1206.36,0,manual,
HCVAT_ECEB1DFD861529E5,82,7,commons_23003511.jpg,b87619e952f6ddd032b5ecf43fae55d68f852f6bf87789161f5a177a4d1e2a1a,wheel_tire,wheel_tire,mobility,intact,no_visible_damage,266.85,510.76,286.79,543.96,19.94,33.20,662.01,0,manual,
HCVAT_5A73DEF4C36AD214,82,8,commons_23003511.jpg,b87619e952f6ddd032b5ecf43fae55d68f852f6bf87789161f5a177a4d1e2a1a,weapons_station,weapon_station,mission_equipment,intact,no_visible_damage,874.75,309.12,1078.87,461.50,204.12,152.38,31103.81,0,manual,
HCVAT_4E23A20120BA39D9,82,9,commons_23003511.jpg,b87619e952f6ddd032b5ecf43fae55d68f852f6bf87789161f5a177a4d1e2a1a,wheel_tire,wheel_tire,mobility,intact,no_visible_damage,183.12,505.81,202.19,543.40,19.07,37.59,716.84,0,manual,
HCVAT_1B6D95AA02782D18,82,10,commons_23003511.jpg,b87619e952f6ddd032b5ecf43fae55d68f852f6bf87789161f5a177a4d1e2a1a,comms_equipment,comms_equipment,mission_equipment,intact,no_visible_damage,766.48,444.80,782.49,495.69,16.01,50.89,814.75,0,manual,
HCVAT_3470E6DE946682D3,82,11,commons_23003511.jpg,b87619e952f6ddd032b5ecf43fae55d68f852f6bf87789161f5a177a4d1e2a1a,wheel_tire,wheel_tire,mobility,intact,no_visible_damage,1153.39,593.69,1250.89,698.01,97.50,104.32,10171.20,0,manual,
HCVAT_0A788A7836138458,82,12,commons_23003511.jpg,b87619e952f6ddd032b5ecf43fae55d68f852f6bf87789161f5a177a4d1e2a1a,comms_equipment,comms_equipment,mission_equipment,intact,no_visible_damage,184.97,463.57,193.91,490.72,8.94,27.15,242.72,0,manual,
HCVAT_79F0672F12123D16,82,13,commons_23003511.jpg,b87619e952f6ddd032b5ecf43fae55d68f852f6bf87789161f5a177a4d1e2a1a,weapons_station,weapon_station,mission_equipment,intact,no_visible_damage,194.07,435.81,246.20,467.43,52.13,31.62,1648.35,0,manual,
HCVAT_2A0CD23ACD5D3D27,82,14,commons_23003511.jpg,b87619e952f6ddd032b5ecf43fae55d68f852f6bf87789161f5a177a4d1e2a1a,door,door,structure,intact,no_visible_damage,788.05,478.55,850.97,618.27,62.92,139.72,8791.18,0,manual,
HCVAT_4DF3A9AC250A050D,82,15,commons_23003511.jpg,b87619e952f6ddd032b5ecf43fae55d68f852f6bf87789161f5a177a4d1e2a1a,wheel_tire,wheel_tire,mobility,intact,no_visible_damage,159.90,506.36,178.14,539.26,18.24,32.90,600.10,0,manual,
HCVAT_5754BCEFA73CC02A,82,16,commons_23003511.jpg,b87619e952f6ddd032b5ecf43fae55d68f852f6bf87789161f5a177a4d1e2a1a,engine_bay,engine_bay,structure,intact,no_visible_damage,182.96,489.17,285.23,512.80,102.27,23.63,2416.64,0,manual,
HCVAT_AFDA32D3F85DA94D,82,17,commons_23003511.jpg,b87619e952f6ddd032b5ecf43fae55d68f852f6bf87789161f5a177a4d1e2a1a,comms_equipment,comms_equipment,mission_equipment,intact,no_visible_damage,172.32,431.80,178.80,487.32,6.48,55.52,359.77,0,manual,
HCVAT_25AE9CF381FEEFB4,82,18,commons_23003511.jpg,b87619e952f6ddd032b5ecf43fae55d68f852f6bf87789161f5a177a4d1e2a1a,wheel_tire,wheel_tire,mobility,intact,no_visible_damage,754.48,563.31,825.56,667.63,71.08,104.32,7415.07,0,manual,
HCVAT_7579B463FF29FAE6,82,19,commons_23003511.jpg,b87619e952f6ddd032b5ecf43fae55d68f852f6bf87789161f5a177a4d1e2a1a,windshield,windshield,structure,intact,no_visible_damage,956.00,479.54,1138.32,521.16,182.32,41.62,7588.16,0,manual,
HCVAT_5F4AA946E7D62C40,83,1,commons_23107450.jpg,baef7f2f54ff6209b029d54cb5e0df47a4b687d33e19263764e43c4ba010ae49,wheel_tire,wheel_tire,mobility,intact,no_visible_damage,1117.78,529.36,1282.67,694.30,164.89,164.94,27196.96,0,manual,
HCVAT_605552B3CDF3DBEC,83,2,commons_23107450.jpg,baef7f2f54ff6209b029d54cb5e0df47a4b687d33e19263764e43c4ba010ae49,wheel_tire,wheel_tire,mobility,intact,no_visible_damage,837.33,598.70,1003.75,729.76,166.42,131.06,21811.01,0,manual,
HCVAT_18D8C64A140FBBDE,83,3,commons_23107450.jpg,baef7f2f54ff6209b029d54cb5e0df47a4b687d33e19263764e43c4ba010ae49,door,door,structure,intact,no_visible_damage,894.07,386.42,1039.69,603.66,145.62,217.24,31634.49,0,manual,
HCVAT_D6F619CB4DC2878F,83,4,commons_23107450.jpg,baef7f2f54ff6209b029d54cb5e0df47a4b687d33e19263764e43c4ba010ae49,engine_bay,engine_bay,structure,intact,no_visible_damage,616.96,490.91,1008.37,618.81,391.41,127.90,50061.34,0,manual,
HCVAT_CD1B3EF705B14A88,83,5,commons_23107450.jpg,baef7f2f54ff6209b029d54cb5e0df47a4b687d33e19263764e43c4ba010ae49,comms_equipment,comms_equipment,mission_equipment,intact,no_visible_damage,594.02,397.45,631.33,523.32,37.31,125.87,4696.21,0,manual,
HCVAT_CEA8044F0413D418,83,6,commons_23107450.jpg,baef7f2f54ff6209b029d54cb5e0df47a4b687d33e19263764e43c4ba010ae49,windshield,windshield,structure,intact,no_visible_damage,44.22,457.70,250.30,572.20,206.08,114.50,23596.16,0,manual,
HCVAT_C5777A5DC4108A80,83,7,commons_23107450.jpg,baef7f2f54ff6209b029d54cb5e0df47a4b687d33e19263764e43c4ba010ae49,comms_equipment,comms_equipment,mission_equipment,intact,no_visible_damage,564.17,263.62,612.42,517.35,48.25,253.73,12242.47,0,manual,
HCVAT_DBC2F708AE5F6A07,83,8,commons_23107450.jpg,baef7f2f54ff6209b029d54cb5e0df47a4b687d33e19263764e43c4ba010ae49,comms_equipment,comms_equipment,mission_equipment,intact,no_visible_damage,1050.72,228.30,1088.03,467.10,37.31,238.80,8909.63,0,manual,
HCVAT_273C8D8C6898D238,83,9,commons_23107450.jpg,baef7f2f54ff6209b029d54cb5e0df47a4b687d33e19263764e43c4ba010ae49,comms_equipment,comms_equipment,mission_equipment,intact,no_visible_damage,1076.05,355.66,1102.96,461.13,26.91,105.47,2838.20,0,manual,
HCVAT_0927058CBF691972,83,10,commons_23107450.jpg,baef7f2f54ff6209b029d54cb5e0df47a4b687d33e19263764e43c4ba010ae49,weapons_station,weapon_station,mission_equipment,intact,no_visible_damage,10.67,246.77,219.67,436.55,209.00,189.78,39664.02,0,manual,
HCVAT_3F2D4E4FD68BEFB5,83,11,commons_23107450.jpg,baef7f2f54ff6209b029d54cb5e0df47a4b687d33e19263764e43c4ba010ae49,engine_bay,engine_bay,structure,intact,no_visible_damage,48.34,548.70,469.03,691.24,420.69,142.54,59965.15,0,manual,
HCVAT_94A4EFDA1FA92D58,83,12,commons_23107450.jpg,baef7f2f54ff6209b029d54cb5e0df47a4b687d33e19263764e43c4ba010ae49,engine_bay,engine_bay,structure,intact,no_visible_damage,1090.05,444.68,1444.47,564.88,354.42,120.20,42601.28,0,manual,
HCVAT_F8CF8027FF96FC2C,83,13,commons_23107450.jpg,baef7f2f54ff6209b029d54cb5e0df47a4b687d33e19263764e43c4ba010ae49,wheel_tire,wheel_tire,mobility,intact,no_visible_damage,649.30,584.84,820.37,760.59,171.07,175.75,30065.55,0,manual,
HCVAT_ED56798ABE498E74,83,14,commons_23107450.jpg,baef7f2f54ff6209b029d54cb5e0df47a4b687d33e19263764e43c4ba010ae49,comms_equipment,comms_equipment,mission_equipment,intact,no_visible_damage,13.18,453.26,53.10,589.34,39.92,136.08,5432.31,0,manual,
HCVAT_84534FC93A8C762D,83,15,commons_23107450.jpg,baef7f2f54ff6209b029d54cb5e0df47a4b687d33e19263764e43c4ba010ae49,door,door,structure,intact,no_visible_damage,413.04,432.97,567.01,660.95,153.97,227.98,35102.08,0,manual,
HCVAT_2EFCB08E40B9A2AD,83,16,commons_23107450.jpg,baef7f2f54ff6209b029d54cb5e0df47a4b687d33e19263764e43c4ba010ae49,windshield,windshield,structure,intact,no_visible_damage,623.30,405.60,790.60,508.20,167.30,102.60,17164.98,0,manual,
HCVAT_6B1875F5BE7B11E7,83,17,commons_23107450.jpg,baef7f2f54ff6209b029d54cb5e0df47a4b687d33e19263764e43c4ba010ae49,weapons_station,weapon_station,mission_equipment,intact,no_visible_damage,810.39,165.60,1228.28,355.39,417.89,189.79,79311.34,0,manual,
HCVAT_5D7203921F451475,83,18,commons_23107450.jpg,baef7f2f54ff6209b029d54cb5e0df47a4b687d33e19263764e43c4ba010ae49,wheel_tire,wheel_tire,mobility,intact,no_visible_damage,66.06,654.26,246.36,840.72,180.30,186.46,33618.74,0,manual,
HCVAT_8FCFFE29625AC690,83,19,commons_23107450.jpg,baef7f2f54ff6209b029d54cb5e0df47a4b687d33e19263764e43c4ba010ae49,door,door,structure,intact,no_visible_damage,265.03,431.78,414.23,579.79,149.20,148.01,22083.09,0,manual,
HCVAT_A262CDD319880E7E,83,20,commons_23107450.jpg,baef7f2f54ff6209b029d54cb5e0df47a4b687d33e19263764e43c4ba010ae49,windshield,windshield,structure,intact,no_visible_damage,1096.39,366.71,1238.20,458.74,141.81,92.03,13050.77,0,manual,
HCVAT_A84E3351538ED11D,83,21,commons_23107450.jpg,baef7f2f54ff6209b029d54cb5e0df47a4b687d33e19263764e43c4ba010ae49,comms_equipment,comms_equipment,mission_equipment,intact,no_visible_damage,0.00,310.89,28.36,585.01,28.36,274.12,7774.04,0,manual,
HCVAT_8A05C18AF9DE7437,83,22,commons_23107450.jpg,baef7f2f54ff6209b029d54cb5e0df47a4b687d33e19263764e43c4ba010ae49,wheel_tire,wheel_tire,mobility,intact,no_visible_damage,1286.43,549.03,1440.34,668.98,153.91,119.95,18461.50,0,manual,
HCVAT_27134FBC7234E432,83,23,commons_23107450.jpg,baef7f2f54ff6209b029d54cb5e0df47a4b687d33e19263764e43c4ba010ae49,wheel_tire,wheel_tire,mobility,intact,no_visible_damage,293.36,665.74,462.10,806.04,168.74,140.30,23674.22,0,manual,
HCVAT_9788CC7919472DA9,83,24,commons_23107450.jpg,baef7f2f54ff6209b029d54cb5e0df47a4b687d33e19263764e43c4ba010ae49,weapons_station,weapon_station,mission_equipment,intact,no_visible_damage,334.10,185.89,773.51,394.80,439.41,208.91,91797.14,0,manual,
HCVAT_CDACF2814F6512BB,83,25,commons_23107450.jpg,baef7f2f54ff6209b029d54cb5e0df47a4b687d33e19263764e43c4ba010ae49,door,door,structure,intact,no_visible_damage,779.36,387.61,891.68,498.62,112.32,111.01,12468.64,0,manual,
HCVAT_27A481AF7B3A8567,84,1,commons_24022862.jpg,9ffe759bbd1fe267a3fadfebe10c0879832023fc83fd78b9b558b6aa33bf37bf,windshield,windshield,structure,intact,no_visible_damage,92.21,516.79,561.64,647.30,469.43,130.51,61265.31,0,manual,
HCVAT_A47A6642E66F4A83,84,2,commons_24022862.jpg,9ffe759bbd1fe267a3fadfebe10c0879832023fc83fd78b9b558b6aa33bf37bf,engine_bay,engine_bay,structure,intact,no_visible_damage,17.22,629.28,564.64,878.24,547.42,248.96,136285.68,0,manual,
HCVAT_A89D6821D58220F7,84,3,commons_24022862.jpg,9ffe759bbd1fe267a3fadfebe10c0879832023fc83fd78b9b558b6aa33bf37bf,wheel_tire,wheel_tire,mobility,intact,no_visible_damage,47.21,864.74,141.70,1016.22,94.49,151.48,14313.35,0,manual,
HCVAT_F424D27092C0D960,84,4,commons_24022862.jpg,9ffe759bbd1fe267a3fadfebe10c0879832023fc83fd78b9b558b6aa33bf37bf,wheel_tire,wheel_tire,mobility,intact,no_visible_damage,485.15,782.25,602.13,980.23,116.98,197.98,23159.70,0,manual,
HCVAT_F20320AB4ACBCE97,85,1,commons_25392180.jpg,a85df500a87d8819cede56fda6e9b02ca3a8ca636c392a4f577e6fa7c4399ca8,wheel_tire,wheel_tire,mobility,intact,no_visible_damage,1005.47,1273.66,1094.44,1351.11,88.97,77.45,6890.73,0,manual,
HCVAT_6B8E5A9432915947,85,2,commons_25392180.jpg,a85df500a87d8819cede56fda6e9b02ca3a8ca636c392a4f577e6fa7c4399ca8,wheel_tire,wheel_tire,mobility,unknown,unobservable,552.93,1811.32,650.87,1872.19,97.94,60.87,5961.61,0,manual,
HCVAT_BE1082070A37D408,85,3,commons_25392180.jpg,a85df500a87d8819cede56fda6e9b02ca3a8ca636c392a4f577e6fa7c4399ca8,engine_bay,engine_bay,structure,intact,no_visible_damage,595.60,1145.15,1064.65,1320.64,469.05,175.49,82313.58,0,manual,
HCVAT_609C419A66B5A60C,85,4,commons_25392180.jpg,a85df500a87d8819cede56fda6e9b02ca3a8ca636c392a4f577e6fa7c4399ca8,wheel_tire,wheel_tire,mobility,intact,no_visible_damage,1194.43,1656.73,1338.28,1868.90,143.85,212.17,30520.65,0,manual,
HCVAT_75795AFA15FCA774,85,5,commons_25392180.jpg,a85df500a87d8819cede56fda6e9b02ca3a8ca636c392a4f577e6fa7c4399ca8,wheel_tire,wheel_tire,mobility,intact,no_visible_damage,719.35,1805.56,876.17,2044.31,156.82,238.75,37440.77,0,manual,
HCVAT_AB7D60E9E000438B,85,6,commons_25392180.jpg,a85df500a87d8819cede56fda6e9b02ca3a8ca636c392a4f577e6fa7c4399ca8,windshield,windshield,structure,intact,no_visible_damage,666.98,1386.07,1135.04,1633.93,468.06,247.86,116013.35,0,manual,
HCVAT_A9930544447199C4,85,7,commons_25392180.jpg,a85df500a87d8819cede56fda6e9b02ca3a8ca636c392a4f577e6fa7c4399ca8,weapons_station,weapon_station,mission_equipment,intact,no_visible_damage,440.93,1199.68,973.43,1512.97,532.50,313.29,166826.92,0,manual,
HCVAT_3E90B915FE9C891F,85,8,commons_25392180.jpg,a85df500a87d8819cede56fda6e9b02ca3a8ca636c392a4f577e6fa7c4399ca8,door,door,structure,intact,no_visible_damage,383.53,1544.70,611.56,1812.39,228.03,267.69,61041.35,0,manual,
HCVAT_025AF17192B5B1BC,85,9,commons_25392180.jpg,a85df500a87d8819cede56fda6e9b02ca3a8ca636c392a4f577e6fa7c4399ca8,weapons_station,weapon_station,mission_equipment,intact,no_visible_damage,557.92,844.74,987.31,1115.41,429.39,270.67,116222.99,0,manual,
HCVAT_F708AFBD61F4EB2B,85,10,commons_25392180.jpg,a85df500a87d8819cede56fda6e9b02ca3a8ca636c392a4f577e6fa7c4399ca8,engine_bay,engine_bay,structure,intact,no_visible_damage,656.07,1489.18,1296.64,1854.03,640.57,364.85,233711.96,0,manual,
HCVAT_47BDEF69BACB11F5,85,11,commons_25392180.jpg,a85df500a87d8819cede56fda6e9b02ca3a8ca636c392a4f577e6fa7c4399ca8,comms_equipment,comms_equipment,mission_equipment,intact,no_visible_damage,351.80,1097.56,486.60,1470.34,134.80,372.78,50250.74,0,manual,
HCVAT_0A92AE613C43B240,85,12,commons_25392180.jpg,a85df500a87d8819cede56fda6e9b02ca3a8ca636c392a4f577e6fa7c4399ca8,windshield,windshield,structure,intact,no_visible_damage,599.56,1060.88,994.25,1246.28,394.69,185.40,73175.53,0,manual,
HCVAT_FBAEF44D1CEBB8FC,85,13,commons_25392180.jpg,a85df500a87d8819cede56fda6e9b02ca3a8ca636c392a4f577e6fa7c4399ca8,door,door,structure,intact,no_visible_damage,515.39,1557.59,680.96,1859.98,165.57,302.39,50066.71,0,manual,
HCVAT_C0149214AB651BE9,85,14,commons_25392180.jpg,a85df500a87d8819cede56fda6e9b02ca3a8ca636c392a4f577e6fa7c4399ca8,comms_equipment,comms_equipment,mission_equipment,intact,no_visible_damage,459.87,809.05,569.92,1099.54,110.05,290.49,31968.42,0,manual,
HCVAT_23DF17A4971CBD9F,86,1,commons_25395807.jpg,c15172c4b1aa23720096270d6958888f29ab194dfe27657b0ed720faa2e6f081,door,door,structure,intact,no_visible_damage,568.18,419.37,609.49,549.10,41.31,129.73,5359.15,0,manual,
HCVAT_7C8567FA3509696F,86,2,commons_25395807.jpg,c15172c4b1aa23720096270d6958888f29ab194dfe27657b0ed720faa2e6f081,weapons_station,weapon_station,mission_equipment,intact,no_visible_damage,932.50,129.57,1352.29,270.71,419.79,141.14,59249.16,0,manual,
HCVAT_F24EFDC0AA484405,86,3,commons_25395807.jpg,c15172c4b1aa23720096270d6958888f29ab194dfe27657b0ed720faa2e6f081,wheel_tire,wheel_tire,mobility,intact,no_visible_damage,497.42,509.47,552.54,612.79,55.12,103.32,5695.00,0,manual,
HCVAT_96F723A874F64E52,86,4,commons_25395807.jpg,c15172c4b1aa23720096270d6958888f29ab194dfe27657b0ed720faa2e6f081,wheel_tire,wheel_tire,mobility,intact,no_visible_damage,1213.70,650.51,1313.81,718.09,100.11,67.58,6765.43,0,manual,
HCVAT_1211B5F510024950,86,5,commons_25395807.jpg,c15172c4b1aa23720096270d6958888f29ab194dfe27657b0ed720faa2e6f081,comms_equipment,comms_equipment,mission_equipment,intact,no_visible_damage,114.65,424.84,132.68,475.17,18.03,50.33,907.45,0,manual,
HCVAT_CEA2B267E4EC9FE7,86,6,commons_25395807.jpg,c15172c4b1aa23720096270d6958888f29ab194dfe27657b0ed720faa2e6f081,door,door,structure,intact,no_visible_damage,824.09,310.00,880.00,589.24,55.91,279.24,15612.31,0,manual,
HCVAT_946783532576E0B6,86,7,commons_25395807.jpg,c15172c4b1aa23720096270d6958888f29ab194dfe27657b0ed720faa2e6f081,door,door,structure,intact,no_visible_damage,71.89,444.97,105.11,533.39,33.22,88.42,2937.31,0,manual,
HCVAT_19F8EED33AFD5C61,86,8,commons_25395807.jpg,c15172c4b1aa23720096270d6958888f29ab194dfe27657b0ed720faa2e6f081,door,door,structure,intact,no_visible_damage,788.08,319.89,842.19,586.92,54.11,267.03,14448.99,0,manual,
HCVAT_A50BCD467AE65673,86,9,commons_25395807.jpg,c15172c4b1aa23720096270d6958888f29ab194dfe27657b0ed720faa2e6f081,engine_bay,engine_bay,structure,intact,no_visible_damage,112.21,474.70,290.80,518.33,178.59,43.63,7791.88,0,manual,
HCVAT_18489011136C99E3,86,10,commons_25395807.jpg,c15172c4b1aa23720096270d6958888f29ab194dfe27657b0ed720faa2e6f081,weapons_station,weapon_station,mission_equipment,intact,no_visible_damage,415.65,329.49,554.10,401.05,138.45,71.56,9907.48,0,manual,
HCVAT_7DABA14F4A4595D8,86,11,commons_25395807.jpg,c15172c4b1aa23720096270d6958888f29ab194dfe27657b0ed720faa2e6f081,comms_equipment,comms_equipment,mission_equipment,intact,no_visible_damage,911.67,259.63,970.05,413.93,58.38,154.30,9008.03,0,manual,
HCVAT_8BAA7FDFBD7F1D17,86,12,commons_25395807.jpg,c15172c4b1aa23720096270d6958888f29ab194dfe27657b0ed720faa2e6f081,wheel_tire,wheel_tire,mobility,intact,no_visible_damage,286.18,510.31,341.72,609.86,55.54,99.55,5529.01,0,manual,
HCVAT_B5B5408D964D97A9,86,13,commons_25395807.jpg,c15172c4b1aa23720096270d6958888f29ab194dfe27657b0ed720faa2e6f081,wheel_tire,wheel_tire,mobility,intact,no_visible_damage,16.89,505.28,60.48,573.39,43.59,68.11,2968.91,0,manual,
HCVAT_10C8FE9959D83E0C,86,14,commons_25395807.jpg,c15172c4b1aa23720096270d6958888f29ab194dfe27657b0ed720faa2e6f081,comms_equipment,comms_equipment,mission_equipment,intact,no_visible_damage,819.92,0.00,852.24,275.27,32.32,275.27,8896.73,0,manual,
HCVAT_2F20ECD1D286A5CE,86,15,commons_25395807.jpg,c15172c4b1aa23720096270d6958888f29ab194dfe27657b0ed720faa2e6f081,wheel_tire,wheel_tire,mobility,intact,no_visible_damage,1369.59,526.97,1487.72,740.62,118.13,213.65,25238.47,0,manual,
HCVAT_ACDB77EE9DEF025C,86,16,commons_25395807.jpg,c15172c4b1aa23720096270d6958888f29ab194dfe27657b0ed720faa2e6f081,wheel_tire,wheel_tire,mobility,intact,no_visible_damage,383.84,565.85,432.25,608.81,48.41,42.96,2079.69,0,manual,
HCVAT_FE6DA399347554FF,86,17,commons_25395807.jpg,c15172c4b1aa23720096270d6958888f29ab194dfe27657b0ed720faa2e6f081,wheel_tire,wheel_tire,mobility,intact,no_visible_damage,784.87,509.94,881.28,714.49,96.41,204.55,19720.67,0,manual,
HCVAT_90802FB5EDCA0E30,86,18,commons_25395807.jpg,c15172c4b1aa23720096270d6958888f29ab194dfe27657b0ed720faa2e6f081,wheel_tire,wheel_tire,mobility,intact,no_visible_damage,589.42,512.62,640.98,613.00,51.56,100.38,5175.59,0,manual,
HCVAT_1BB14FD1C5A7DF1F,86,19,commons_25395807.jpg,c15172c4b1aa23720096270d6958888f29ab194dfe27657b0ed720faa2e6f081,windshield,windshield,structure,intact,no_visible_damage,349.39,413.55,564.11,468.24,214.72,54.69,11743.04,0,manual,
HCVAT_CD9A7FBA56FE5BF5,86,20,commons_25395807.jpg,c15172c4b1aa23720096270d6958888f29ab194dfe27657b0ed720faa2e6f081,wheel_tire,wheel_tire,mobility,intact,no_visible_damage,115.39,505.28,183.08,575.70,67.69,70.42,4766.73,0,manual,
HCVAT_697C6C73D97D944F,86,21,commons_25395807.jpg,c15172c4b1aa23720096270d6958888f29ab194dfe27657b0ed720faa2e6f081,engine_bay,engine_bay,structure,intact,no_visible_damage,900.09,408.61,1488.12,546.24,588.03,137.63,80930.57,0,manual,
HCVAT_23B3038C647E1B57,86,22,commons_25395807.jpg,c15172c4b1aa23720096270d6958888f29ab194dfe27657b0ed720faa2e6f081,door,door,structure,intact,no_visible_damage,597.79,424.03,635.08,552.01,37.29,127.98,4772.37,0,manual,
HCVAT_47757BB55852315E,86,23,commons_25395807.jpg,c15172c4b1aa23720096270d6958888f29ab194dfe27657b0ed720faa2e6f081,wheel_tire,wheel_tire,mobility,intact,no_visible_damage,901.92,507.15,1014.64,737.92,112.72,230.77,26012.39,0,manual,
HCVAT_FBB7326EFAFF33B9,86,24,commons_25395807.jpg,c15172c4b1aa23720096270d6958888f29ab194dfe27657b0ed720faa2e6f081,windshield,windshield,structure,intact,no_visible_damage,904.35,301.25,1425.18,421.99,520.83,120.74,62885.01,0,manual,
HCVAT_7A65A2CAF0115187,86,25,commons_25395807.jpg,c15172c4b1aa23720096270d6958888f29ab194dfe27657b0ed720faa2e6f081,engine_bay,engine_bay,structure,intact,no_visible_damage,289.06,462.48,563.65,522.98,274.59,60.50,16612.69,0,manual,
HCVAT_AEDD641055F57135,86,26,commons_25395807.jpg,c15172c4b1aa23720096270d6958888f29ab194dfe27657b0ed720faa2e6f081,windshield,windshield,structure,intact,no_visible_damage,111.45,438.57,260.44,475.80,148.99,37.23,5546.90,0,manual,
HCVAT_8284B729D46735F8,86,27,commons_25395807.jpg,c15172c4b1aa23720096270d6958888f29ab194dfe27657b0ed720faa2e6f081,door,door,structure,intact,no_visible_damage,38.21,443.80,70.79,532.81,32.58,89.01,2899.95,0,manual,
HCVAT_CB0A8B8C82425605,86,28,commons_25395807.jpg,c15172c4b1aa23720096270d6958888f29ab194dfe27657b0ed720faa2e6f081,weapons_station,weapon_station,mission_equipment,intact,no_visible_damage,52.98,384.85,225.24,432.54,172.26,47.69,8215.08,0,manual,
HCVAT_BAF44F7F95ED4481,86,29,commons_25395807.jpg,c15172c4b1aa23720096270d6958888f29ab194dfe27657b0ed720faa2e6f081,comms_equipment,comms_equipment,mission_equipment,intact,no_visible_damage,331.37,390.90,354.91,463.53,23.54,72.63,1709.71,0,manual,
HCVAT_D9E678FE62536A4D,87,1,commons_27232677.jpg,b1ec19aad09b2f3fe4c0460b18e6d382949da6819fd241be8b63509389cb4019,wheel_tire,wheel_tire,mobility,degraded,possible_damage,367.42,310.48,451.20,398.84,83.78,88.36,7402.80,0,manual,
HCVAT_D853ABEDAAB5FCEF,87,2,commons_27232677.jpg,b1ec19aad09b2f3fe4c0460b18e6d382949da6819fd241be8b63509389cb4019,weapons_station,weapon_station,mission_equipment,intact,no_visible_damage,694.02,595.32,1010.81,697.43,316.79,102.11,32347.43,0,manual,
HCVAT_B5E21EC70E09F4C7,87,3,commons_27232677.jpg,b1ec19aad09b2f3fe4c0460b18e6d382949da6819fd241be8b63509389cb4019,wheel_tire,wheel_tire,mobility,intact,no_visible_damage,1216.98,807.91,1313.85,949.29,96.87,141.38,13695.48,0,manual,
HCVAT_481C03FAF75B57A4,87,4,commons_27232677.jpg,b1ec19aad09b2f3fe4c0460b18e6d382949da6819fd241be8b63509389cb4019,wheel_tire,wheel_tire,mobility,intact,no_visible_damage,146.92,850.45,301.32,1002.30,154.40,151.85,23445.64,0,manual,
HCVAT_860D6C834BECCA3E,87,5,commons_27232677.jpg,b1ec19aad09b2f3fe4c0460b18e6d382949da6819fd241be8b63509389cb4019,wheel_tire,wheel_tire,mobility,intact,no_visible_damage,178.27,365.46,238.48,426.33,60.21,60.87,3664.98,0,manual,
HCVAT_DE00F3D62200221F,87,6,commons_27232677.jpg,b1ec19aad09b2f3fe4c0460b18e6d382949da6819fd241be8b63509389cb4019,wheel_tire,wheel_tire,mobility,destroyed,severe_visible_damage,939.47,428.95,1037.06,514.69,97.59,85.74,8367.37,0,manual,
HCVAT_D07AE66EB5C93C02,87,7,commons_27232677.jpg,b1ec19aad09b2f3fe4c0460b18e6d382949da6819fd241be8b63509389cb4019,wheel_tire,wheel_tire,mobility,destroyed,severe_visible_damage,978.08,868.78,1144.99,1000.34,166.91,131.56,21958.68,0,manual,
HCVAT_8C386AC53F376648,87,8,commons_27232677.jpg,b1ec19aad09b2f3fe4c0460b18e6d382949da6819fd241be8b63509389cb4019,wheel_tire,wheel_tire,mobility,intact,no_visible_damage,667.80,423.05,755.55,512.72,87.75,89.67,7868.54,0,manual,
HCVAT_2A0108788CEC085C,87,9,commons_27232677.jpg,b1ec19aad09b2f3fe4c0460b18e6d382949da6819fd241be8b63509389cb4019,engine_bay,engine_bay,structure,intact,no_visible_damage,1.08,633.10,123.75,874.84,122.67,241.74,29654.25,0,manual,
HCVAT_753F1AD84978B5F4,87,10,commons_27232677.jpg,b1ec19aad09b2f3fe4c0460b18e6d382949da6819fd241be8b63509389cb4019,wheel_tire,wheel_tire,mobility,intact,no_visible_damage,618.10,320.30,708.42,401.46,90.32,81.16,7330.37,0,manual,
HCVAT_59B52580FE2FE78B,87,11,commons_27232677.jpg,b1ec19aad09b2f3fe4c0460b18e6d382949da6819fd241be8b63509389cb4019,wheel_tire,wheel_tire,mobility,intact,no_visible_damage,256.15,367.42,316.37,425.02,60.22,57.60,3468.67,0,manual,
HCVAT_4D597B9E35BCA706,87,12,commons_27232677.jpg,b1ec19aad09b2f3fe4c0460b18e6d382949da6819fd241be8b63509389cb4019,windshield,windshield,structure,intact,no_visible_damage,565.12,712.26,739.32,820.36,174.20,108.10,18831.02,0,manual,
HCVAT_BC00BD3B91328CD0,87,13,commons_27232677.jpg,b1ec19aad09b2f3fe4c0460b18e6d382949da6819fd241be8b63509389cb4019,windshield,windshield,structure,intact,no_visible_damage,1102.70,654.19,1257.55,745.13,154.85,90.94,14082.06,0,manual,
HCVAT_3B4CBF3FD8E0FBD4,87,14,commons_27232677.jpg,b1ec19aad09b2f3fe4c0460b18e6d382949da6819fd241be8b63509389cb4019,windshield,windshield,structure,intact,no_visible_damage,605.65,227.63,729.82,305.42,124.17,77.79,9659.18,0,manual,
HCVAT_9EEAC7AFBD9CC168,87,15,commons_27232677.jpg,b1ec19aad09b2f3fe4c0460b18e6d382949da6819fd241be8b63509389cb4019,windshield,windshield,structure,intact,no_visible_damage,1400.64,411.93,1540.05,504.21,139.41,92.28,12864.75,0,manual,
HCVAT_0206B292AC0079FF,87,16,commons_27232677.jpg,b1ec19aad09b2f3fe4c0460b18e6d382949da6819fd241be8b63509389cb4019,windshield,windshield,structure,intact,no_visible_damage,922.29,694.00,1073.85,801.73,151.56,107.73,16327.56,0,manual,
HCVAT_5C111A2E78E17CB9,87,17,commons_27232677.jpg,b1ec19aad09b2f3fe4c0460b18e6d382949da6819fd241be8b63509389cb4019,windshield,windshield,structure,intact,no_visible_damage,892.71,332.08,1042.44,385.03,149.73,52.95,7928.20,0,manual,
HCVAT_101F8897A57BE4CA,87,18,commons_27232677.jpg,b1ec19aad09b2f3fe4c0460b18e6d382949da6819fd241be8b63509389cb4019,door,door,structure,intact,no_visible_damage,517.72,224.79,602.02,336.36,84.30,111.57,9405.35,0,manual,
HCVAT_A3A70647C79256D7,87,19,commons_27232677.jpg,b1ec19aad09b2f3fe4c0460b18e6d382949da6819fd241be8b63509389cb4019,wheel_tire,wheel_tire,mobility,unknown,unobservable,470.66,402.63,553.60,450.09,82.94,47.46,3936.33,0,manual,
HCVAT_3AEBC457A096C7DA,87,20,commons_27232677.jpg,b1ec19aad09b2f3fe4c0460b18e6d382949da6819fd241be8b63509389cb4019,engine_bay,engine_bay,structure,unknown,unobservable,1120.10,619.11,1477.87,843.15,357.77,224.04,80154.79,0,manual,
HCVAT_2B5DF2825FDB34FD,87,21,commons_27232677.jpg,b1ec19aad09b2f3fe4c0460b18e6d382949da6819fd241be8b63509389cb4019,door,door,structure,intact,no_visible_damage,448.70,222.88,532.73,332.82,84.03,109.94,9238.26,0,manual,
HCVAT_D9751D765B174755,87,22,commons_27232677.jpg,b1ec19aad09b2f3fe4c0460b18e6d382949da6819fd241be8b63509389cb4019,door,door,structure,intact,no_visible_damage,269.26,721.72,426.67,938.65,157.41,216.93,34146.95,0,manual,
HCVAT_A6403D6D3F4E4F08,87,23,commons_27232677.jpg,b1ec19aad09b2f3fe4c0460b18e6d382949da6819fd241be8b63509389cb4019,wheel_tire,wheel_tire,mobility,destroyed,severe_visible_damage,635.12,889.72,802.74,1039.61,167.62,149.89,25124.56,0,manual,
HCVAT_A64A49BBA6954F3D,87,24,commons_27232677.jpg,b1ec19aad09b2f3fe4c0460b18e6d382949da6819fd241be8b63509389cb4019,door,door,structure,intact,no_visible_damage,428.86,734.86,560.70,951.80,131.84,216.94,28601.37,0,manual,
HCVAT_E52A5D08427ACA5B,87,25,commons_27232677.jpg,b1ec19aad09b2f3fe4c0460b18e6d382949da6819fd241be8b63509389cb4019,door,door,structure,intact,no_visible_damage,735.42,339.36,819.72,464.58,84.30,125.22,10556.05,0,manual,
HCVAT_BAC998E63960AF14,87,26,commons_27232677.jpg,b1ec19aad09b2f3fe4c0460b18e6d382949da6819fd241be8b63509389cb4019,door,door,structure,intact,no_visible_damage,815.62,340.73,892.55,466.49,76.93,125.76,9674.72,0,manual,
HCVAT_FF3AB2C3430CE6EC,87,27,commons_27232677.jpg,b1ec19aad09b2f3fe4c0460b18e6d382949da6819fd241be8b63509389cb4019,engine_bay,engine_bay,structure,intact,no_visible_damage,968.78,778.64,1267.90,902.98,299.12,124.34,37192.58,0,manual,
HCVAT_3A3FAC21ABA63579,87,28,commons_27232677.jpg,b1ec19aad09b2f3fe4c0460b18e6d382949da6819fd241be8b63509389cb4019,wheel_tire,wheel_tire,mobility,unknown,unobservable,1060.55,440.73,1154.21,508.14,93.66,67.41,6313.62,0,manual,
HCVAT_BA909BF0124704B2,87,29,commons_27232677.jpg,b1ec19aad09b2f3fe4c0460b18e6d382949da6819fd241be8b63509389cb4019,engine_bay,engine_bay,structure,intact,no_visible_damage,901.03,384.67,1155.25,446.75,254.22,62.08,15781.98,0,manual,
HCVAT_BE27E45B1C56610F,87,30,commons_27232677.jpg,b1ec19aad09b2f3fe4c0460b18e6d382949da6819fd241be8b63509389cb4019,engine_bay,engine_bay,structure,intact,no_visible_damage,630.96,676.59,992.24,934.65,361.28,258.06,93231.92,0,manual,
HCVAT_DA0D98818CDA44FC,87,31,commons_27232677.jpg,b1ec19aad09b2f3fe4c0460b18e6d382949da6819fd241be8b63509389cb4019,weapons_station,weapon_station,mission_equipment,intact,no_visible_damage,894.31,550.82,1192.76,654.23,298.45,103.41,30862.71,0,manual,
HCVAT_6CB547C42F17E1AE,87,32,commons_27232677.jpg,b1ec19aad09b2f3fe4c0460b18e6d382949da6819fd241be8b63509389cb4019,engine_bay,engine_bay,structure,intact,no_visible_damage,618.73,274.01,763.72,337.92,144.99,63.91,9266.31,0,manual,
HCVAT_EEF46AD10F113C6D,87,33,commons_27232677.jpg,b1ec19aad09b2f3fe4c0460b18e6d382949da6819fd241be8b63509389cb4019,weapons_station,weapon_station,mission_equipment,intact,no_visible_damage,141.94,456.40,298.07,545.22,156.13,88.82,13867.47,0,manual,
HCVAT_C7D0227903B3245D,87,34,commons_27232677.jpg,b1ec19aad09b2f3fe4c0460b18e6d382949da6819fd241be8b63509389cb4019,weapons_station,weapon_station,mission_equipment,intact,no_visible_damage,509.97,184.31,635.60,229.96,125.63,45.65,5735.01,0,manual,
HCVAT_0BDB4FCD62A509DE,87,35,commons_27232677.jpg,b1ec19aad09b2f3fe4c0460b18e6d382949da6819fd241be8b63509389cb4019,weapons_station,weapon_station,mission_equipment,intact,no_visible_damage,798.85,262.10,982.55,331.50,183.70,69.40,12748.78,0,manual,
HCVAT_3EC381F2300DC24E,87,36,commons_27232677.jpg,b1ec19aad09b2f3fe4c0460b18e6d382949da6819fd241be8b63509389cb4019,weapons_station,weapon_station,mission_equipment,intact,no_visible_damage,337.31,599.91,694.68,713.14,357.37,113.23,40465.01,0,manual,
HCVAT_8818361E5F4DE900,88,1,commons_34939104.jpg,0afc567caf24058d3aea82e71297e89a69a61e981f0073faa35518b7c265a01e,wheel_tire,wheel_tire,mobility,intact,no_visible_damage,994.76,729.24,1240.50,971.70,245.74,242.46,59582.12,0,manual,
HCVAT_4E39AF859E69324F,88,2,commons_34939104.jpg,0afc567caf24058d3aea82e71297e89a69a61e981f0073faa35518b7c265a01e,engine_bay,engine_bay,structure,intact,no_visible_damage,903.32,621.46,1409.54,758.63,506.22,137.17,69438.20,0,manual,
HCVAT_EF5950A16A1370F2,88,3,commons_34939104.jpg,0afc567caf24058d3aea82e71297e89a69a61e981f0073faa35518b7c265a01e,wheel_tire,wheel_tire,mobility,intact,no_visible_damage,1223.38,752.10,1399.74,934.99,176.36,182.89,32254.48,0,manual,
HCVAT_1783FA44DF17EA7C,88,4,commons_34939104.jpg,0afc567caf24058d3aea82e71297e89a69a61e981f0073faa35518b7c265a01e,door,door,structure,intact,no_visible_damage,675.51,516.14,873.92,793.74,198.41,277.60,55078.62,0,manual,
HCVAT_8F9EC5ACD342A3C9,88,5,commons_34939104.jpg,0afc567caf24058d3aea82e71297e89a69a61e981f0073faa35518b7c265a01e,wheel_tire,wheel_tire,mobility,intact,no_visible_damage,500.79,808.44,687.76,890.09,186.97,81.65,15266.10,0,manual,
HCVAT_E3E4B7BF8A669DC8,88,6,commons_34939104.jpg,0afc567caf24058d3aea82e71297e89a69a61e981f0073faa35518b7c265a01e,wheel_tire,wheel_tire,mobility,intact,no_visible_damage,1424.24,374.06,1548.34,618.30,124.10,244.24,30310.18,0,manual,
HCVAT_78B9EE4170684AB5,88,7,commons_34939104.jpg,0afc567caf24058d3aea82e71297e89a69a61e981f0073faa35518b7c265a01e,wheel_tire,wheel_tire,mobility,intact,no_visible_damage,264.82,702.29,477.90,918.70,213.08,216.41,46112.64,0,manual,
HCVAT_86F6E04A8B83EF37,88,8,commons_34939104.jpg,0afc567caf24058d3aea82e71297e89a69a61e981f0073faa35518b7c265a01e,windshield,windshield,structure,intact,no_visible_damage,881.27,485.93,1105.80,620.65,224.53,134.72,30248.68,0,manual,
HCVAT_00CA123797313D53,89,1,commons_34939407.jpg,f87203f878a360fa978e50fc9dfc369bf2daadd7d65a17baf4beda8bde6b1b3f,weapons_station,weapon_station,mission_equipment,intact,no_visible_damage,512.40,358.36,933.54,484.83,421.14,126.47,53261.58,0,manual,
HCVAT_160D5BCD7C652B8C,89,2,commons_34939407.jpg,f87203f878a360fa978e50fc9dfc369bf2daadd7d65a17baf4beda8bde6b1b3f,engine_bay,engine_bay,structure,intact,no_visible_damage,1156.13,630.27,1361.01,764.33,204.88,134.06,27466.21,0,manual,
HCVAT_B5B491822D0BBF16,89,3,commons_34939407.jpg,f87203f878a360fa978e50fc9dfc369bf2daadd7d65a17baf4beda8bde6b1b3f,wheel_tire,wheel_tire,mobility,intact,no_visible_damage,344.19,765.59,575.63,988.18,231.44,222.59,51516.23,0,manual,
HCVAT_7368217B5F9BFB42,89,4,commons_34939407.jpg,f87203f878a360fa978e50fc9dfc369bf2daadd7d65a17baf4beda8bde6b1b3f,wheel_tire,wheel_tire,mobility,intact,no_visible_damage,1113.13,766.86,1333.19,978.06,220.06,211.20,46476.67,0,manual,
HCVAT_7D92F32E36D80ED7,89,5,commons_34939407.jpg,f87203f878a360fa978e50fc9dfc369bf2daadd7d65a17baf4beda8bde6b1b3f,door,door,structure,intact,no_visible_damage,581.96,501.27,793.16,794.68,211.20,293.41,61968.19,0,manual,
HCVAT_9C57ACBE81AD1B3E,89,6,commons_34939407.jpg,f87203f878a360fa978e50fc9dfc369bf2daadd7d65a17baf4beda8bde6b1b3f,door,door,structure,intact,no_visible_damage,857.66,502.53,1075.19,793.41,217.53,290.88,63275.13,0,manual,
HCVAT_BE02FE8302B36968,90,1,commons_34939409.jpg,f78dbe4ab4db88288e72597237d58da1c4f0b683b728d88ed919f364545f3790,windshield,windshield,structure,intact,no_visible_damage,823.51,339.39,1291.45,477.24,467.94,137.85,64505.53,0,manual,
HCVAT_FB9BEDA8F24F58FB,90,2,commons_34939409.jpg,f78dbe4ab4db88288e72597237d58da1c4f0b683b728d88ed919f364545f3790,wheel_tire,wheel_tire,mobility,intact,no_visible_damage,1278.68,736.50,1502.66,937.59,223.98,201.09,45040.14,0,manual,
HCVAT_E5870B736AAFB795,90,3,commons_34939409.jpg,f78dbe4ab4db88288e72597237d58da1c4f0b683b728d88ed919f364545f3790,door,door,structure,intact,no_visible_damage,497.10,350.77,650.25,697.30,153.15,346.53,53071.07,0,manual,
HCVAT_239730550FBF0DFB,90,4,commons_34939409.jpg,f78dbe4ab4db88288e72597237d58da1c4f0b683b728d88ed919f364545f3790,engine_bay,engine_bay,structure,intact,no_visible_damage,903.19,489.89,1511.51,801.00,608.32,311.11,189254.44,0,manual,
HCVAT_5E960EFBD6C1E585,90,5,commons_34939409.jpg,f78dbe4ab4db88288e72597237d58da1c4f0b683b728d88ed919f364545f3790,weapons_station,weapon_station,mission_equipment,intact,no_visible_damage,647.72,169.92,961.37,320.42,313.65,150.50,47204.33,0,manual,
HCVAT_5D6F3A1FD01FA970,90,6,commons_34939409.jpg,f78dbe4ab4db88288e72597237d58da1c4f0b683b728d88ed919f364545f3790,door,door,structure,intact,no_visible_damage,671.75,341.92,823.51,708.70,151.76,366.78,55662.53,0,manual,
HCVAT_45566E8B0C754857,90,7,commons_34939409.jpg,f78dbe4ab4db88288e72597237d58da1c4f0b683b728d88ed919f364545f3790,wheel_tire,wheel_tire,mobility,intact,no_visible_damage,813.40,670.74,1042.31,962.88,228.91,292.14,66873.77,0,manual,
HCVAT_2A9690576FD3A403,90,8,commons_34939409.jpg,f78dbe4ab4db88288e72597237d58da1c4f0b683b728d88ed919f364545f3790,wheel_tire,wheel_tire,mobility,intact,no_visible_damage,326.49,653.03,508.61,904.70,182.12,251.67,45834.14,0,manual,
HCVAT_74C422F6E9F77BBB,91,1,commons_36630032.jpg,180ad32492b8f5044856c0bb21512f38cd6711278393dfdf595fee22b083e4f6,comms_equipment,comms_equipment,mission_equipment,intact,no_visible_damage,350.67,293.28,416.12,482.63,65.45,189.35,12392.96,0,manual,
HCVAT_F63EC23A25F7977D,91,2,commons_36630032.jpg,180ad32492b8f5044856c0bb21512f38cd6711278393dfdf595fee22b083e4f6,wheel_tire,wheel_tire,mobility,intact,no_visible_damage,60.81,694.18,187.04,898.71,126.23,204.53,25817.82,0,manual,
HCVAT_C70C3DC3B5EA97D5,91,3,commons_36630032.jpg,180ad32492b8f5044856c0bb21512f38cd6711278393dfdf595fee22b083e4f6,weapons_station,weapon_station,mission_equipment,intact,no_visible_damage,495.60,79.39,1063.63,282.76,568.03,203.37,115520.26,0,manual,
HCVAT_32E7767E2F49134B,91,4,commons_36630032.jpg,180ad32492b8f5044856c0bb21512f38cd6711278393dfdf595fee22b083e4f6,door,door,structure,intact,no_visible_damage,1160.64,322.50,1371.02,688.33,210.38,365.83,76963.32,0,manual,
HCVAT_64F893903C3DFF44,91,5,commons_36630032.jpg,180ad32492b8f5044856c0bb21512f38cd6711278393dfdf595fee22b083e4f6,door,door,structure,intact,no_visible_damage,929.22,331.85,1160.64,738.59,231.42,406.74,94127.77,0,manual,
HCVAT_0C7900A6E9F55721,91,6,commons_36630032.jpg,180ad32492b8f5044856c0bb21512f38cd6711278393dfdf595fee22b083e4f6,wheel_tire,wheel_tire,mobility,intact,no_visible_damage,518.98,643.92,759.75,1028.45,240.77,384.53,92583.29,0,manual,
HCVAT_AA4DD1AAE4AF5E31,91,7,commons_36630032.jpg,180ad32492b8f5044856c0bb21512f38cd6711278393dfdf595fee22b083e4f6,windshield,windshield,structure,intact,no_visible_damage,404.43,317.83,882.47,473.28,478.04,155.45,74311.32,0,manual,
HCVAT_2A39209FBAAAAF8E,91,8,commons_36630032.jpg,180ad32492b8f5044856c0bb21512f38cd6711278393dfdf595fee22b083e4f6,wheel_tire,wheel_tire,mobility,intact,no_visible_damage,1187.52,673.14,1332.45,770.15,144.93,97.01,14059.66,0,manual,
HCVAT_0E92A6738DFB842A,91,9,commons_36630032.jpg,180ad32492b8f5044856c0bb21512f38cd6711278393dfdf595fee22b083e4f6,engine_bay,engine_bay,structure,intact,no_visible_damage,60.81,469.77,863.77,764.30,802.96,294.53,236495.81,0,manual,
HCVAT_51EE960E936FE078,92,1,commons_39122639.jpg,1747cadd9a0c9325a531991f1d8292abe3e9df260220130f491ea25f5368f0d8,weapons_station,weapon_station,mission_equipment,intact,no_visible_damage,1333.53,259.86,1386.42,294.22,52.89,34.36,1817.30,0,manual,
HCVAT_0344BACD6028DFAC,92,2,commons_39122639.jpg,1747cadd9a0c9325a531991f1d8292abe3e9df260220130f491ea25f5368f0d8,door,door,structure,intact,no_visible_damage,1163.00,315.11,1243.90,407.32,80.90,92.21,7459.79,0,manual,
HCVAT_53A4F710762AABD6,92,3,commons_39122639.jpg,1747cadd9a0c9325a531991f1d8292abe3e9df260220130f491ea25f5368f0d8,wheel_tire,wheel_tire,mobility,intact,no_visible_damage,1342.09,394.22,1440.69,480.16,98.60,85.94,8473.68,0,manual,
HCVAT_D5C8B22667BC01CA,92,4,commons_39122639.jpg,1747cadd9a0c9325a531991f1d8292abe3e9df260220130f491ea25f5368f0d8,door,door,structure,intact,no_visible_damage,1240.51,315.18,1265.50,418.51,24.99,103.33,2582.22,0,manual,
HCVAT_C461FBB786782F94,92,5,commons_39122639.jpg,1747cadd9a0c9325a531991f1d8292abe3e9df260220130f491ea25f5368f0d8,wheel_tire,wheel_tire,mobility,intact,no_visible_damage,612.89,710.61,963.74,1067.00,350.85,356.39,125039.43,0,manual,
HCVAT_FD51391A341ECDEB,92,6,commons_39122639.jpg,1747cadd9a0c9325a531991f1d8292abe3e9df260220130f491ea25f5368f0d8,engine_bay,engine_bay,structure,intact,no_visible_damage,1057.54,342.02,1162.51,386.73,104.97,44.71,4693.21,0,manual,
HCVAT_CEA9D69E00E01FD3,92,7,commons_39122639.jpg,1747cadd9a0c9325a531991f1d8292abe3e9df260220130f491ea25f5368f0d8,door,door,structure,intact,no_visible_damage,28.36,394.95,330.85,840.26,302.49,445.31,134701.82,0,manual,
HCVAT_09D8C1863AD3A9FE,92,8,commons_39122639.jpg,1747cadd9a0c9325a531991f1d8292abe3e9df260220130f491ea25f5368f0d8,weapons_station,weapon_station,mission_equipment,intact,no_visible_damage,256.69,60.17,561.87,287.60,305.18,227.43,69407.09,0,manual,
HCVAT_6DE6A3B31D6545B0,92,9,commons_39122639.jpg,1747cadd9a0c9325a531991f1d8292abe3e9df260220130f491ea25f5368f0d8,weapons_station,weapon_station,mission_equipment,intact,no_visible_damage,1163.02,212.11,1265.91,287.16,102.89,75.05,7721.89,0,manual,
HCVAT_397F5864480C3C1F,93,1,commons_39270341.jpg,eb1438129c2321ce1551b7f8d68f0351a6cdd96102590f10b7ef56e478e0d52d,door,door,structure,intact,no_visible_damage,191.25,115.72,728.15,733.39,536.90,617.67,331627.02,0,manual,
HCVAT_4E1237B99689A865,93,2,commons_39270341.jpg,eb1438129c2321ce1551b7f8d68f0351a6cdd96102590f10b7ef56e478e0d52d,wheel_tire,wheel_tire,mobility,intact,no_visible_damage,0.00,594.30,167.32,1059.41,167.32,465.11,77822.21,0,manual,
HCVAT_A3C0D954A309A148,93,3,commons_39270341.jpg,eb1438129c2321ce1551b7f8d68f0351a6cdd96102590f10b7ef56e478e0d52d,door,door,structure,intact,no_visible_damage,741.61,115.72,1085.59,710.95,343.98,595.23,204747.22,0,manual,
HCVAT_D43536ECFB636833,94,1,commons_39270343.jpg,86acd84da80fc50e69007a46a8187ebe870abbfe558ef56d1f35c8d6ad91ca7d,door,door,structure,intact,no_visible_damage,642.90,387.91,994.36,767.78,351.46,379.87,133509.11,0,manual,
HCVAT_4D1A62A26B1EBD81,94,2,commons_39270343.jpg,86acd84da80fc50e69007a46a8187ebe870abbfe558ef56d1f35c8d6ad91ca7d,engine_bay,engine_bay,structure,intact,no_visible_damage,1282.76,505.27,1599.87,614.59,317.11,109.32,34666.47,0,manual,
HCVAT_202DF4727E253876,94,3,commons_39270343.jpg,86acd84da80fc50e69007a46a8187ebe870abbfe558ef56d1f35c8d6ad91ca7d,wheel_tire,wheel_tire,mobility,intact,no_visible_damage,1412.73,472.44,1426.76,508.56,14.03,36.12,506.76,0,manual,
HCVAT_0225B375C8006D8D,94,4,commons_39270343.jpg,86acd84da80fc50e69007a46a8187ebe870abbfe558ef56d1f35c8d6ad91ca7d,door,door,structure,intact,no_visible_damage,1551.46,413.61,1568.10,485.40,16.64,71.79,1194.59,0,manual,
HCVAT_C06B10E5BBC97DC2,94,5,commons_39270343.jpg,86acd84da80fc50e69007a46a8187ebe870abbfe558ef56d1f35c8d6ad91ca7d,wheel_tire,wheel_tire,mobility,intact,no_visible_damage,1500.55,469.10,1520.29,519.99,19.74,50.89,1004.57,0,manual,
HCVAT_2900717902EBE8B6,94,6,commons_39270343.jpg,86acd84da80fc50e69007a46a8187ebe870abbfe558ef56d1f35c8d6ad91ca7d,wheel_tire,wheel_tire,mobility,intact,no_visible_damage,1563.42,462.31,1593.56,516.09,30.14,53.78,1620.93,0,manual,
HCVAT_FCAD3EAEB8F5EE95,94,7,commons_39270343.jpg,86acd84da80fc50e69007a46a8187ebe870abbfe558ef56d1f35c8d6ad91ca7d,wheel_tire,wheel_tire,mobility,intact,no_visible_damage,1529.13,466.21,1549.91,521.81,20.78,55.60,1155.37,0,manual,
HCVAT_70B062385FB26E40,94,8,commons_39270343.jpg,86acd84da80fc50e69007a46a8187ebe870abbfe558ef56d1f35c8d6ad91ca7d,weapons_station,weapon_station,mission_equipment,intact,no_visible_damage,1259.36,366.39,1352.12,409.00,92.76,42.61,3952.50,0,manual,
HCVAT_E5A0F5378B0AE295,94,9,commons_39270343.jpg,86acd84da80fc50e69007a46a8187ebe870abbfe558ef56d1f35c8d6ad91ca7d,wheel_tire,wheel_tire,mobility,intact,no_visible_damage,327.52,689.43,647.09,970.71,319.57,281.28,89888.65,0,manual,
HCVAT_610F72A4F7F58642,94,10,commons_39270343.jpg,86acd84da80fc50e69007a46a8187ebe870abbfe558ef56d1f35c8d6ad91ca7d,door,door,structure,intact,no_visible_damage,1477.83,412.93,1494.27,491.61,16.44,78.68,1293.50,0,manual,
HCVAT_6E7BE7D0312849E0,94,11,commons_39270343.jpg,86acd84da80fc50e69007a46a8187ebe870abbfe558ef56d1f35c8d6ad91ca7d,weapons_station,weapon_station,mission_equipment,intact,no_visible_damage,138.70,360.07,363.99,446.90,225.29,86.83,19561.93,0,manual,
HCVAT_E4B81AFCC8A4098C,94,12,commons_39270343.jpg,86acd84da80fc50e69007a46a8187ebe870abbfe558ef56d1f35c8d6ad91ca7d,wheel_tire,wheel_tire,mobility,intact,no_visible_damage,1385.56,625.96,1600.00,913.73,214.44,287.77,61709.40,0,manual,
HCVAT_F10A793F18E6F113,94,13,commons_39270343.jpg,86acd84da80fc50e69007a46a8187ebe870abbfe558ef56d1f35c8d6ad91ca7d,weapons_station,weapon_station,mission_equipment,intact,no_visible_damage,1360.95,366.65,1448.80,406.14,87.85,39.49,3469.20,0,manual,
HCVAT_085236517D73BF27,94,14,commons_39270343.jpg,86acd84da80fc50e69007a46a8187ebe870abbfe558ef56d1f35c8d6ad91ca7d,weapons_station,weapon_station,mission_equipment,degraded,possible_damage,503.35,181.49,1033.25,381.77,529.90,200.28,106128.37,0,manual,
HCVAT_C94F87B3FBD76A8D,94,15,commons_39270343.jpg,86acd84da80fc50e69007a46a8187ebe870abbfe558ef56d1f35c8d6ad91ca7d,door,door,structure,intact,no_visible_damage,1568.40,413.93,1579.98,484.06,11.58,70.13,812.11,0,manual,
HCVAT_8EC29F7C8262641A,94,16,commons_39270343.jpg,86acd84da80fc50e69007a46a8187ebe870abbfe558ef56d1f35c8d6ad91ca7d,wheel_tire,wheel_tire,mobility,intact,no_visible_damage,1459.50,470.88,1477.17,513.23,17.67,42.35,748.32,0,manual,
HCVAT_349C379DC5A5A97A,94,17,commons_39270343.jpg,86acd84da80fc50e69007a46a8187ebe870abbfe558ef56d1f35c8d6ad91ca7d,door,door,structure,intact,no_visible_damage,1494.25,412.76,1506.85,490.44,12.60,77.68,978.77,0,manual,
HCVAT_023C8F374B2C1B99,94,18,commons_39270343.jpg,86acd84da80fc50e69007a46a8187ebe870abbfe558ef56d1f35c8d6ad91ca7d,door,door,structure,intact,no_visible_damage,977.91,381.93,1275.52,772.27,297.61,390.34,116169.09,0,manual,
HCVAT_5B9AB66E9EE7BABE,94,19,commons_39270343.jpg,86acd84da80fc50e69007a46a8187ebe870abbfe558ef56d1f35c8d6ad91ca7d,weapons_station,weapon_station,mission_equipment,intact,no_visible_damage,1448.77,368.21,1526.97,405.10,78.20,36.89,2884.80,0,manual,
HCVAT_B17FC070B1C888D5,94,20,commons_39270343.jpg,86acd84da80fc50e69007a46a8187ebe870abbfe558ef56d1f35c8d6ad91ca7d,weapons_station,weapon_station,mission_equipment,intact,no_visible_damage,1529.83,368.99,1600.00,404.32,70.17,35.33,2479.11,0,manual,
HCVAT_9B460E15E6E7DE2D,95,1,commons_39639241.jpg,471dfcc2435a5d4c48e8f040a88a2042f7e682614b212f23fb9fd691e4f03843,windshield,windshield,structure,intact,no_visible_damage,499.73,370.11,1085.21,496.11,585.48,126.00,73770.48,0,manual,
HCVAT_66026ADFDCA34510,95,2,commons_39639241.jpg,471dfcc2435a5d4c48e8f040a88a2042f7e682614b212f23fb9fd691e4f03843,wheel_tire,wheel_tire,mobility,intact,no_visible_damage,1008.77,647.31,1104.53,876.63,95.76,229.32,21959.68,0,manual,
HCVAT_AD165A820D6B6997,95,3,commons_39639241.jpg,471dfcc2435a5d4c48e8f040a88a2042f7e682614b212f23fb9fd691e4f03843,wheel_tire,wheel_tire,mobility,intact,no_visible_damage,460.25,640.59,561.89,886.71,101.64,246.12,25015.64,0,manual,
HCVAT_F540A3DC27D36D37,95,4,commons_39639241.jpg,471dfcc2435a5d4c48e8f040a88a2042f7e682614b212f23fb9fd691e4f03843,weapons_station,weapon_station,mission_equipment,intact,no_visible_damage,434.21,97.95,1023.89,332.31,589.68,234.36,138197.40,0,manual,
HCVAT_6FEA7CDDDD2377FA,95,5,commons_39639241.jpg,471dfcc2435a5d4c48e8f040a88a2042f7e682614b212f23fb9fd691e4f03843,engine_bay,engine_bay,structure,intact,no_visible_damage,471.17,496.95,1099.49,672.51,628.32,175.56,110307.86,0,manual,
HCVAT_A52CE6EFD6064528,96,1,commons_39639277.jpg,2f769977647c778dba5bac913dbfd5a1ef62e7f2f1ea2d0718fd684df96ab4ab,wheel_tire,wheel_tire,mobility,intact,no_visible_damage,442.32,711.65,561.25,1003.70,118.93,292.05,34733.51,0,manual,
HCVAT_B692F0FFDAF9EEB9,96,2,commons_39639277.jpg,2f769977647c778dba5bac913dbfd5a1ef62e7f2f1ea2d0718fd684df96ab4ab,engine_bay,engine_bay,structure,intact,no_visible_damage,451.36,544.54,1195.04,744.76,743.68,200.22,148899.61,0,manual,
HCVAT_B6AFD691C61E3FCA,96,3,commons_39639277.jpg,2f769977647c778dba5bac913dbfd5a1ef62e7f2f1ea2d0718fd684df96ab4ab,weapons_station,weapon_station,mission_equipment,intact,no_visible_damage,442.32,121.52,1136.33,345.83,694.01,224.31,155673.38,0,manual,
HCVAT_9B8BC28CB224212A,96,4,commons_39639277.jpg,2f769977647c778dba5bac913dbfd5a1ef62e7f2f1ea2d0718fd684df96ab4ab,windshield,windshield,structure,intact,no_visible_damage,483.00,391.00,1164.93,543.00,681.93,152.00,103653.36,0,manual,
HCVAT_655927DEA2087C63,96,5,commons_39639277.jpg,2f769977647c778dba5bac913dbfd5a1ef62e7f2f1ea2d0718fd684df96ab4ab,wheel_tire,wheel_tire,mobility,intact,no_visible_damage,1074.45,714.66,1195.04,1012.73,120.59,298.07,35944.26,0,manual,
HCVAT_74DF07C784660B33,97,1,commons_39639320.jpg,c0d1aa5039a5ab67f50b7c9068adc722ca6740cd92ded5e74b7143a62fe52402,windshield,windshield,structure,intact,no_visible_damage,712.51,458.48,968.86,578.27,256.35,119.79,30708.17,0,manual,
HCVAT_46F2481AE10DFE2C,97,2,commons_39639320.jpg,c0d1aa5039a5ab67f50b7c9068adc722ca6740cd92ded5e74b7143a62fe52402,engine_bay,engine_bay,structure,intact,no_visible_damage,428.78,553.58,957.18,785.41,528.40,231.83,122498.97,0,manual,
HCVAT_05B30AD8342ACA81,97,3,commons_39639320.jpg,c0d1aa5039a5ab67f50b7c9068adc722ca6740cd92ded5e74b7143a62fe52402,weapons_station,weapon_station,mission_equipment,intact,no_visible_damage,644.03,281.26,1209.67,427.45,565.64,146.19,82690.91,0,manual,
HCVAT_DE29DD32A632310B,97,4,commons_39639320.jpg,c0d1aa5039a5ab67f50b7c9068adc722ca6740cd92ded5e74b7143a62fe52402,wheel_tire,wheel_tire,mobility,intact,no_visible_damage,585.34,722.18,874.38,1021.76,289.04,299.58,86590.60,0,manual,
HCVAT_2B0F778220112CAC,97,5,commons_39639320.jpg,c0d1aa5039a5ab67f50b7c9068adc722ca6740cd92ded5e74b7143a62fe52402,door,door,structure,intact,no_visible_damage,1002.25,467.92,1174.31,785.90,172.06,317.98,54711.64,0,manual,
HCVAT_7E1218536AC05A83,97,6,commons_39639320.jpg,c0d1aa5039a5ab67f50b7c9068adc722ca6740cd92ded5e74b7143a62fe52402,door,door,structure,intact,no_visible_damage,1180.12,465.01,1338.39,751.06,158.27,286.05,45273.13,0,manual,
HCVAT_8ADE296D239BBEE8,97,7,commons_39639320.jpg,c0d1aa5039a5ab67f50b7c9068adc722ca6740cd92ded5e74b7143a62fe52402,wheel_tire,wheel_tire,mobility,intact,no_visible_damage,1291.12,623.28,1453.82,821.48,162.70,198.20,32247.14,0,manual,
HCVAT_5F63CB313987F497,98,1,commons_39639465.jpg,594ab2d25430663036c770ac059fa8d93e332176927b08a35dabe3a868d1bbea,weapons_station,weapon_station,mission_equipment,intact,no_visible_damage,1336.74,589.38,1499.80,771.56,163.06,182.18,29706.27,0,manual,
HCVAT_07A5392B819C177A,98,2,commons_39639465.jpg,594ab2d25430663036c770ac059fa8d93e332176927b08a35dabe3a868d1bbea,door,door,structure,intact,no_visible_damage,1247.90,794.05,1386.22,963.85,138.32,169.80,23486.74,0,manual,
HCVAT_92601A0FB0DF475D,98,3,commons_39639465.jpg,594ab2d25430663036c770ac059fa8d93e332176927b08a35dabe3a868d1bbea,door,door,structure,intact,no_visible_damage,1009.51,821.04,1202.92,1067.00,193.41,245.96,47571.12,0,manual,
HCVAT_31BFAD3754AD0AEC,98,4,commons_39639465.jpg,594ab2d25430663036c770ac059fa8d93e332176927b08a35dabe3a868d1bbea,weapons_station,weapon_station,mission_equipment,intact,no_visible_damage,863.32,529.78,1150.07,782.80,286.75,253.02,72553.48,0,manual,
HCVAT_4169693535520DBB,98,5,commons_39639465.jpg,594ab2d25430663036c770ac059fa8d93e332176927b08a35dabe3a868d1bbea,weapons_station,weapon_station,mission_equipment,intact,no_visible_damage,1169.81,767.83,1224.26,859.30,54.45,91.47,4980.54,0,manual,
HCVAT_9667EDF6F818D434,98,6,commons_39639465.jpg,594ab2d25430663036c770ac059fa8d93e332176927b08a35dabe3a868d1bbea,door,door,structure,intact,no_visible_damage,1483.25,792.66,1515.12,967.49,31.87,174.83,5571.83,0,manual,
HCVAT_3102A49A496895E0,98,7,commons_39639465.jpg,594ab2d25430663036c770ac059fa8d93e332176927b08a35dabe3a868d1bbea,engine_bay,engine_bay,structure,intact,no_visible_damage,1243.18,927.42,1477.08,1040.99,233.90,113.57,26564.02,0,manual,
HCVAT_C6A9CAE83D58FD2C,98,8,commons_39639465.jpg,594ab2d25430663036c770ac059fa8d93e332176927b08a35dabe3a868d1bbea,weapons_station,weapon_station,mission_equipment,intact,no_visible_damage,1477.31,668.10,1531.28,751.31,53.97,83.21,4490.84,0,manual,
HCVAT_CDD009EEAD864CD0,98,9,commons_39639465.jpg,594ab2d25430663036c770ac059fa8d93e332176927b08a35dabe3a868d1bbea,weapons_station,weapon_station,mission_equipment,intact,no_visible_damage,1503.38,762.78,1536.67,849.93,33.29,87.15,2901.22,0,manual,
HCVAT_C82388464DD5EEB3,98,10,commons_39639465.jpg,594ab2d25430663036c770ac059fa8d93e332176927b08a35dabe3a868d1bbea,weapons_station,weapon_station,mission_equipment,intact,no_visible_damage,0.00,61.98,655.28,771.56,655.28,709.58,464973.58,0,manual,
HCVAT_DBD4DC8AFEAD11E9,98,11,commons_39639465.jpg,594ab2d25430663036c770ac059fa8d93e332176927b08a35dabe3a868d1bbea,door,door,structure,intact,no_visible_damage,958.90,823.28,1017.38,1067.00,58.48,243.72,14252.75,0,manual,
HCVAT_6D179CA65923C88B,98,12,commons_39639465.jpg,594ab2d25430663036c770ac059fa8d93e332176927b08a35dabe3a868d1bbea,weapons_station,weapon_station,mission_equipment,intact,no_visible_damage,1531.83,776.40,1557.25,812.41,25.42,36.01,915.37,0,manual,
HCVAT_5499462591EE16FD,98,13,commons_39639465.jpg,594ab2d25430663036c770ac059fa8d93e332176927b08a35dabe3a868d1bbea,weapons_station,weapon_station,mission_equipment,intact,no_visible_damage,637.66,734.43,798.83,979.82,161.17,245.39,39549.51,0,manual,
HCVAT_45141677A72B292E,99,1,commons_39639486.jpg,94c267c6a759315bec8b39b16757cb2166085f3ca6f21bc57071592557940ec6,weapons_station,weapon_station,mission_equipment,intact,no_visible_damage,218.74,511.34,1208.32,810.46,989.58,299.12,296003.17,0,manual,
HCVAT_FA0233C7FB5A4F9C,99,2,commons_39639486.jpg,94c267c6a759315bec8b39b16757cb2166085f3ca6f21bc57071592557940ec6,door,door,structure,intact,no_visible_damage,955.30,893.68,1392.74,1067.00,437.44,173.32,75817.10,0,manual,
HCVAT_82610C6443E09CE1,99,3,commons_39639486.jpg,94c267c6a759315bec8b39b16757cb2166085f3ca6f21bc57071592557940ec6,windshield,windshield,structure,intact,no_visible_damage,242.35,871.19,496.50,1067.00,254.15,195.81,49765.11,0,manual,
HCVAT_D314E7BA33EAE36F,99,4,commons_39639486.jpg,94c267c6a759315bec8b39b16757cb2166085f3ca6f21bc57071592557940ec6,door,door,structure,intact,no_visible_damage,540.35,895.93,932.81,1067.00,392.46,171.07,67138.13,0,manual,
HCVAT_7842F1506CB571FE,100,1,commons_39639509.jpg,c9edd5ac127f5ffec7956365a445c8e0f53f166a6ce3fee33ee01e3167c919d0,weapons_station,weapon_station,mission_equipment,intact,no_visible_damage,212.37,462.05,817.87,602.01,605.50,139.96,84745.78,0,manual,
HCVAT_D66817A8B93A37A4,100,2,commons_39639509.jpg,c9edd5ac127f5ffec7956365a445c8e0f53f166a6ce3fee33ee01e3167c919d0,engine_bay,engine_bay,structure,intact,no_visible_damage,39.37,738.08,399.95,868.31,360.58,130.23,46958.33,0,manual,
HCVAT_3A77587EA8A2DA8F,100,3,commons_39639509.jpg,c9edd5ac127f5ffec7956365a445c8e0f53f166a6ce3fee33ee01e3167c919d0,wheel_tire,wheel_tire,mobility,intact,no_visible_damage,895.70,828.46,1125.11,1042.12,229.41,213.66,49015.74,0,manual,
HCVAT_7B61410FA91B83E6,100,4,commons_39639509.jpg,c9edd5ac127f5ffec7956365a445c8e0f53f166a6ce3fee33ee01e3167c919d0,door,door,structure,intact,no_visible_damage,1313.25,634.24,1448.71,816.57,135.46,182.33,24698.42,0,manual,
HCVAT_7822F21C9DE18DEE,100,5,commons_39639509.jpg,c9edd5ac127f5ffec7956365a445c8e0f53f166a6ce3fee33ee01e3167c919d0,door,door,structure,intact,no_visible_damage,664.05,644.03,886.71,919.54,222.66,275.51,61345.06,0,manual,
HCVAT_EFC5B29492EB5674,100,6,commons_39639509.jpg,c9edd5ac127f5ffec7956365a445c8e0f53f166a6ce3fee33ee01e3167c919d0,weapons_station,weapon_station,mission_equipment,intact,no_visible_damage,1067.65,485.38,1411.70,603.95,344.05,118.57,40794.01,0,manual,
HCVAT_39394BCE8A193138,100,7,commons_39639509.jpg,c9edd5ac127f5ffec7956365a445c8e0f53f166a6ce3fee33ee01e3167c919d0,wheel_tire,wheel_tire,mobility,intact,no_visible_damage,87.17,847.57,323.32,1067.00,236.15,219.43,51818.39,0,manual,
HCVAT_DD43BCCDCA0AAC3C,100,8,commons_39639509.jpg,c9edd5ac127f5ffec7956365a445c8e0f53f166a6ce3fee33ee01e3167c919d0,door,door,structure,intact,no_visible_damage,443.64,647.41,649.43,922.92,205.79,275.51,56697.20,0,manual,
HCVAT_FCBF30D799428A7D,100,9,commons_39639509.jpg,c9edd5ac127f5ffec7956365a445c8e0f53f166a6ce3fee33ee01e3167c919d0,windshield,windshield,structure,intact,no_visible_damage,1074.50,619.30,1158.84,693.51,84.34,74.21,6258.87,0,manual,
HCVAT_0ED84AA22FA3E6BC,100,10,commons_39639509.jpg,c9edd5ac127f5ffec7956365a445c8e0f53f166a6ce3fee33ee01e3167c919d0,windshield,windshield,structure,intact,no_visible_damage,357.06,630.54,429.03,736.25,71.97,105.71,7607.95,0,manual,
HCVAT_28660722171FE1E8,100,11,commons_39639509.jpg,c9edd5ac127f5ffec7956365a445c8e0f53f166a6ce3fee33ee01e3167c919d0,door,door,structure,intact,no_visible_damage,1172.34,632.79,1307.28,814.96,134.94,182.17,24582.02,0,manual,
HCVAT_C743AF6FCD10D947,100,12,commons_39639509.jpg,c9edd5ac127f5ffec7956365a445c8e0f53f166a6ce3fee33ee01e3167c919d0,wheel_tire,wheel_tire,mobility,intact,no_visible_damage,1462.46,758.74,1600.00,901.55,137.54,142.81,19642.09,0,manual,
HCVAT_F5522FDBEBB18CC3,101,1,commons_39642739.jpg,c707df301858dd429482a62251bd17f3bb6539b0ad698686d0b97f171891a685,engine_bay,engine_bay,structure,intact,no_visible_damage,552.54,533.00,1073.48,776.95,520.94,243.95,127083.31,0,manual,
HCVAT_4AD63711712B30E6,101,2,commons_39642739.jpg,c707df301858dd429482a62251bd17f3bb6539b0ad698686d0b97f171891a685,comms_equipment,comms_equipment,mission_equipment,intact,no_visible_damage,743.03,385.27,814.95,434.84,71.92,49.57,3565.07,0,manual,
HCVAT_03975FD6F0D3AED9,101,3,commons_39642739.jpg,c707df301858dd429482a62251bd17f3bb6539b0ad698686d0b97f171891a685,wheel_tire,wheel_tire,mobility,intact,no_visible_damage,226.95,397.91,351.40,583.54,124.45,185.63,23101.65,0,manual,
HCVAT_FA7474DB710554D7,101,4,commons_39642739.jpg,c707df301858dd429482a62251bd17f3bb6539b0ad698686d0b97f171891a685,door,door,structure,intact,no_visible_damage,342.61,301.69,470.90,577.71,128.29,276.02,35410.61,0,manual,
HCVAT_5369C08E872B2070,101,5,commons_39642739.jpg,c707df301858dd429482a62251bd17f3bb6539b0ad698686d0b97f171891a685,wheel_tire,wheel_tire,mobility,intact,no_visible_damage,907.28,743.91,1052.10,865.40,144.82,121.49,17594.18,0,manual,
HCVAT_63FC111943766EDC,101,6,commons_39642739.jpg,c707df301858dd429482a62251bd17f3bb6539b0ad698686d0b97f171891a685,door,door,structure,intact,no_visible_damage,422.21,382.36,568.09,662.27,145.88,279.91,40833.27,0,manual,
HCVAT_97CCF5EC20E06730,101,7,commons_39642739.jpg,c707df301858dd429482a62251bd17f3bb6539b0ad698686d0b97f171891a685,windshield,windshield,structure,intact,no_visible_damage,562.16,424.15,935.47,540.78,373.31,116.63,43539.15,0,manual,
HCVAT_23FE84ECEDD510D9,101,8,commons_39642739.jpg,c707df301858dd429482a62251bd17f3bb6539b0ad698686d0b97f171891a685,wheel_tire,wheel_tire,mobility,intact,no_visible_damage,565.17,683.65,717.76,887.75,152.59,204.10,31143.62,0,manual,
HCVAT_86EF3D84E2A5D642,102,1,commons_39767057.jpg,eba36c007df694d6ec00d400e528e54dc7ee200dbe5cd4ad9d5c4f4b33e07016,engine_bay,engine_bay,structure,intact,no_visible_damage,277.86,699.00,1558.66,1061.95,1280.80,362.95,464866.36,0,manual,
HCVAT_B042A42FBE4117E7,102,2,commons_39767057.jpg,eba36c007df694d6ec00d400e528e54dc7ee200dbe5cd4ad9d5c4f4b33e07016,weapons_station,weapon_station,mission_equipment,intact,no_visible_damage,0.00,0.33,500.94,399.57,500.94,399.24,199995.29,0,manual,
HCVAT_C2E53C90D2029A7F,102,3,commons_39767057.jpg,eba36c007df694d6ec00d400e528e54dc7ee200dbe5cd4ad9d5c4f4b33e07016,comms_equipment,comms_equipment,mission_equipment,intact,no_visible_damage,182.07,736.59,353.17,885.66,171.10,149.07,25505.88,0,manual,
HCVAT_6ED9C3E45AB4FA1D,102,4,commons_39767057.jpg,eba36c007df694d6ec00d400e528e54dc7ee200dbe5cd4ad9d5c4f4b33e07016,windshield,windshield,structure,intact,no_visible_damage,16.15,417.70,821.11,815.67,804.96,397.97,320349.93,0,manual,
HCVAT_7A25CD627798748F,103,1,commons_39790915.jpg,b7e03c176c68de81d0ab726b7981218ec7795a725b26c618e1c53f797b42b9ff,door,door,structure,intact,no_visible_damage,1302.80,655.49,1366.80,893.30,64.00,237.81,15219.84,0,manual,
HCVAT_3CF5D74C35CA5476,103,2,commons_39790915.jpg,b7e03c176c68de81d0ab726b7981218ec7795a725b26c618e1c53f797b42b9ff,windshield,windshield,structure,intact,no_visible_damage,888.03,644.19,1279.63,724.51,391.60,80.32,31453.31,0,manual,
HCVAT_7575F325CC89C609,103,3,commons_39790915.jpg,b7e03c176c68de81d0ab726b7981218ec7795a725b26c618e1c53f797b42b9ff,wheel_tire,wheel_tire,mobility,intact,no_visible_damage,1323.50,797.29,1408.89,966.71,85.39,169.42,14466.77,0,manual,
HCVAT_DA0C06E0A20B7D07,103,4,commons_39790915.jpg,b7e03c176c68de81d0ab726b7981218ec7795a725b26c618e1c53f797b42b9ff,wheel_tire,wheel_tire,mobility,intact,no_visible_damage,1175.40,806.08,1271.50,1005.61,96.10,199.53,19174.83,0,manual,
HCVAT_BBC6BDD49AF2B195,103,5,commons_39790915.jpg,b7e03c176c68de81d0ab726b7981218ec7795a725b26c618e1c53f797b42b9ff,wheel_tire,wheel_tire,mobility,intact,no_visible_damage,951.46,922.79,1036.17,958.55,84.71,35.76,3029.23,0,manual,
HCVAT_1A1686C48C841FA7,103,6,commons_39790915.jpg,b7e03c176c68de81d0ab726b7981218ec7795a725b26c618e1c53f797b42b9ff,engine_bay,engine_bay,structure,intact,no_visible_damage,781.42,739.57,1287.80,860.00,506.38,120.43,60983.34,0,manual,
HCVAT_4592B75D7389588E,103,7,commons_39790915.jpg,b7e03c176c68de81d0ab726b7981218ec7795a725b26c618e1c53f797b42b9ff,comms_equipment,comms_equipment,mission_equipment,intact,no_visible_damage,854.21,609.68,897.50,740.20,43.29,130.52,5650.21,0,manual,
HCVAT_D6A32DFAF2E1C06F,103,8,commons_39790915.jpg,b7e03c176c68de81d0ab726b7981218ec7795a725b26c618e1c53f797b42b9ff,door,door,structure,intact,no_visible_damage,1346.76,654.23,1406.37,885.14,59.61,230.91,13764.55,0,manual,
HCVAT_56DF2EA0BE2A0EF2,103,9,commons_39790915.jpg,b7e03c176c68de81d0ab726b7981218ec7795a725b26c618e1c53f797b42b9ff,weapons_station,weapon_station,mission_equipment,intact,no_visible_damage,788.66,496.04,1306.50,614.44,517.84,118.40,61312.26,0,manual,
HCVAT_68929EFCB084D15D,103,10,commons_39790915.jpg,b7e03c176c68de81d0ab726b7981218ec7795a725b26c618e1c53f797b42b9ff,wheel_tire,wheel_tire,mobility,intact,no_visible_damage,772.64,833.69,874.28,999.34,101.64,165.65,16836.67,0,manual,
HCVAT_B787F77E769B7C23,104,1,commons_39858453.jpg,50c7daf743191de91c276835c2a42f8677f37cec2d147c96fec2a02300c3ff91,comms_equipment,comms_equipment,mission_equipment,intact,no_visible_damage,567.45,211.09,660.79,451.74,93.34,240.65,22462.27,0,manual,
HCVAT_144AAF0F862592F0,104,2,commons_39858453.jpg,50c7daf743191de91c276835c2a42f8677f37cec2d147c96fec2a02300c3ff91,engine_bay,engine_bay,structure,intact,no_visible_damage,317.81,444.99,1410.85,673.27,1093.04,228.28,249519.17,0,manual,
HCVAT_763541A28C77C418,104,3,commons_39858453.jpg,50c7daf743191de91c276835c2a42f8677f37cec2d147c96fec2a02300c3ff91,wheel_tire,wheel_tire,mobility,intact,no_visible_damage,302.07,588.93,544.96,920.67,242.89,331.74,80576.33,0,manual,
HCVAT_2546ECC4F44C08CB,104,4,commons_39858453.jpg,50c7daf743191de91c276835c2a42f8677f37cec2d147c96fec2a02300c3ff91,wheel_tire,wheel_tire,mobility,intact,no_visible_damage,1099.24,645.16,1334.38,994.89,235.14,349.73,82235.51,0,manual,
HCVAT_C3AEBFE23FB03F3B,104,5,commons_39858453.jpg,50c7daf743191de91c276835c2a42f8677f37cec2d147c96fec2a02300c3ff91,weapons_station,weapon_station,mission_equipment,intact,no_visible_damage,880.07,19.92,1395.10,280.81,515.03,260.89,134366.18,0,manual,
HCVAT_90E468D998D2447D,104,6,commons_39858453.jpg,50c7daf743191de91c276835c2a42f8677f37cec2d147c96fec2a02300c3ff91,windshield,windshield,structure,intact,no_visible_damage,621.32,312.30,1401.85,476.48,780.53,164.18,128147.42,0,manual,
HCVAT_0D6A9DBBAD9E9224,104,7,commons_39858453.jpg,50c7daf743191de91c276835c2a42f8677f37cec2d147c96fec2a02300c3ff91,door,door,structure,intact,no_visible_damage,1413.10,349.41,1584.03,863.32,170.93,513.91,87842.64,0,manual,
HCVAT_41D730753AF9D223,105,1,commons_39969031.jpg,c854292aece18304346ccc5da7a6809fd8551731aa5079ec0d7a56392f595f12,wheel_tire,wheel_tire,mobility,intact,no_visible_damage,1267.91,660.36,1447.07,988.60,179.16,328.24,58807.48,0,manual,
HCVAT_60D5E6F7B566ED29,105,2,commons_39969031.jpg,c854292aece18304346ccc5da7a6809fd8551731aa5079ec0d7a56392f595f12,windshield,windshield,structure,intact,no_visible_damage,393.04,326.92,1113.97,500.10,720.93,173.18,124850.66,0,manual,
HCVAT_34B19AEDB3D960CD,105,3,commons_39969031.jpg,c854292aece18304346ccc5da7a6809fd8551731aa5079ec0d7a56392f595f12,wheel_tire,wheel_tire,mobility,intact,no_visible_damage,610.60,869.24,797.74,993.37,187.14,124.13,23229.69,0,manual,
HCVAT_B80FF5CC426FDF22,105,4,commons_39969031.jpg,c854292aece18304346ccc5da7a6809fd8551731aa5079ec0d7a56392f595f12,door,door,structure,intact,no_visible_damage,1275.79,356.04,1408.60,792.47,132.81,436.43,57962.27,0,manual,
HCVAT_6D86D41E3C51D3E2,105,5,commons_39969031.jpg,c854292aece18304346ccc5da7a6809fd8551731aa5079ec0d7a56392f595f12,door,door,structure,intact,no_visible_damage,1158.95,342.66,1305.14,795.85,146.19,453.19,66251.85,0,manual,
HCVAT_C571727BE80E079A,105,6,commons_39969031.jpg,c854292aece18304346ccc5da7a6809fd8551731aa5079ec0d7a56392f595f12,wheel_tire,wheel_tire,mobility,intact,no_visible_damage,866.85,649.61,1092.56,1033.96,225.71,384.35,86751.64,0,manual,
HCVAT_136629A6701446D9,105,7,commons_39969031.jpg,c854292aece18304346ccc5da7a6809fd8551731aa5079ec0d7a56392f595f12,weapons_station,weapon_station,mission_equipment,intact,no_visible_damage,455.00,0.81,1244.42,307.80,789.42,306.99,242344.05,0,manual,
HCVAT_0F989D2D23EA24D2,105,8,commons_39969031.jpg,c854292aece18304346ccc5da7a6809fd8551731aa5079ec0d7a56392f595f12,wheel_tire,wheel_tire,mobility,intact,no_visible_damage,131.70,702.13,368.04,1042.31,236.34,340.18,80398.14,0,manual,
HCVAT_D210BE8BF2056E35,105,9,commons_39969031.jpg,c854292aece18304346ccc5da7a6809fd8551731aa5079ec0d7a56392f595f12,comms_equipment,comms_equipment,mission_equipment,intact,no_visible_damage,320.06,290.20,408.10,536.70,88.04,246.50,21701.86,0,manual,
HCVAT_A44BB1BA6C2CD9AC,105,10,commons_39969031.jpg,c854292aece18304346ccc5da7a6809fd8551731aa5079ec0d7a56392f595f12,engine_bay,engine_bay,structure,intact,no_visible_damage,123.15,509.09,1130.84,746.37,1007.69,237.28,239104.68,0,manual,
HCVAT_F7B118152EEC5F6C,106,1,commons_40286022.jpg,63b7143042a48f0454f00685ef5a93f772940df6752bfd05c1e3a7532f3a5129,comms_equipment,comms_equipment,mission_equipment,intact,no_visible_damage,579.07,215.74,622.82,667.60,43.75,451.86,19768.88,0,manual,
HCVAT_049E4514ED1E792B,106,2,commons_40286022.jpg,63b7143042a48f0454f00685ef5a93f772940df6752bfd05c1e3a7532f3a5129,comms_equipment,comms_equipment,mission_equipment,intact,no_visible_damage,859.03,432.03,896.19,699.97,37.16,267.94,9956.65,0,manual,
HCVAT_4A5630036CB66998,106,3,commons_40286022.jpg,63b7143042a48f0454f00685ef5a93f772940df6752bfd05c1e3a7532f3a5129,weapons_station,weapon_station,mission_equipment,intact,no_visible_damage,368.97,370.58,754.64,572.05,385.67,201.47,77700.93,0,manual,
HCVAT_A562E442311971BD,106,4,commons_40286022.jpg,63b7143042a48f0454f00685ef5a93f772940df6752bfd05c1e3a7532f3a5129,wheel_tire,wheel_tire,mobility,intact,no_visible_damage,750.65,751.34,898.14,928.06,147.49,176.72,26064.43,0,manual,
HCVAT_07087DC3677EEBAE,106,5,commons_40286022.jpg,63b7143042a48f0454f00685ef5a93f772940df6752bfd05c1e3a7532f3a5129,door,door,structure,intact,no_visible_damage,722.75,607.70,808.51,874.93,85.76,267.23,22917.64,0,manual,
HCVAT_C489EA5EDD08602F,106,6,commons_40286022.jpg,63b7143042a48f0454f00685ef5a93f772940df6752bfd05c1e3a7532f3a5129,door,door,structure,intact,no_visible_damage,781.21,602.57,861.51,850.52,80.30,247.95,19910.38,0,manual,
HCVAT_BE954F95FADB27F1,106,7,commons_40286022.jpg,63b7143042a48f0454f00685ef5a93f772940df6752bfd05c1e3a7532f3a5129,wheel_tire,wheel_tire,mobility,intact,no_visible_damage,607.04,797.78,702.06,1033.84,95.02,236.06,22430.42,0,manual,
HCVAT_D38F035288D27194,107,1,commons_42521407.jpg,b3bc506470cca79fbc7ffa98adfe7d90791d402a11bdeb28b93b8cd8d398c3a5,weapons_station,weapon_station,mission_equipment,intact,no_visible_damage,516.16,279.52,1000.26,398.10,484.10,118.58,57404.58,0,manual,
HCVAT_F4B0DBC273536771,107,2,commons_42521407.jpg,b3bc506470cca79fbc7ffa98adfe7d90791d402a11bdeb28b93b8cd8d398c3a5,door,door,structure,intact,no_visible_damage,504.59,415.37,699.21,683.61,194.62,268.24,52204.87,0,manual,
HCVAT_2EC62DE3814BCCB9,107,3,commons_42521407.jpg,b3bc506470cca79fbc7ffa98adfe7d90791d402a11bdeb28b93b8cd8d398c3a5,comms_equipment,comms_equipment,mission_equipment,intact,no_visible_damage,728.92,369.09,780.63,529.10,51.71,160.01,8274.12,0,manual,
HCVAT_110D6289AEDEE237,107,4,commons_42521407.jpg,b3bc506470cca79fbc7ffa98adfe7d90791d402a11bdeb28b93b8cd8d398c3a5,wheel_tire,wheel_tire,mobility,intact,no_visible_damage,1012.86,653.67,1190.79,753.83,177.93,100.16,17821.47,0,manual,
HCVAT_8A503D607B50A994,107,5,commons_42521407.jpg,b3bc506470cca79fbc7ffa98adfe7d90791d402a11bdeb28b93b8cd8d398c3a5,wheel_tire,wheel_tire,mobility,intact,no_visible_damage,797.06,588.05,1019.83,837.30,222.77,249.25,55525.42,0,manual,
HCVAT_757B1B25F7B8B5BE,107,6,commons_42521407.jpg,b3bc506470cca79fbc7ffa98adfe7d90791d402a11bdeb28b93b8cd8d398c3a5,windshield,windshield,structure,intact,no_visible_damage,706.98,408.73,948.84,493.20,241.86,84.47,20429.91,0,manual,
HCVAT_FC103B0B91351D96,107,7,commons_42521407.jpg,b3bc506470cca79fbc7ffa98adfe7d90791d402a11bdeb28b93b8cd8d398c3a5,engine_bay,engine_bay,structure,intact,no_visible_damage,728.56,498.83,1197.70,649.65,469.14,150.82,70755.69,0,manual,
HCVAT_89A980696744C04B,108,1,commons_42550687.jpg,4f324f12c1eece86f3b842bb97d32b97a2283b808c709d4bcd0a9560b0196a8d,wheel_tire,wheel_tire,mobility,intact,no_visible_damage,657.75,647.40,710.42,722.24,52.67,74.84,3941.82,0,manual,
HCVAT_B136CE8054F9704A,108,2,commons_42550687.jpg,4f324f12c1eece86f3b842bb97d32b97a2283b808c709d4bcd0a9560b0196a8d,door,door,structure,intact,no_visible_damage,937.25,628.85,958.84,687.39,21.59,58.54,1263.88,0,manual,
HCVAT_9CF21B8724C6A312,108,3,commons_42550687.jpg,4f324f12c1eece86f3b842bb97d32b97a2283b808c709d4bcd0a9560b0196a8d,door,door,structure,intact,no_visible_damage,835.26,628.37,859.03,688.35,23.77,59.98,1425.72,0,manual,
HCVAT_46E4D62001D7B1E9,108,4,commons_42550687.jpg,4f324f12c1eece86f3b842bb97d32b97a2283b808c709d4bcd0a9560b0196a8d,wheel_tire,wheel_tire,mobility,intact,no_visible_damage,1142.55,662.37,1162.00,699.57,19.45,37.20,723.54,0,manual,
HCVAT_97FCF3CE34DAE135,108,5,commons_42550687.jpg,4f324f12c1eece86f3b842bb97d32b97a2283b808c709d4bcd0a9560b0196a8d,wheel_tire,wheel_tire,mobility,intact,no_visible_damage,1184.20,645.44,1207.54,699.01,23.34,53.57,1250.32,0,manual,
HCVAT_56A577922F90E485,108,6,commons_42550687.jpg,4f324f12c1eece86f3b842bb97d32b97a2283b808c709d4bcd0a9560b0196a8d,wheel_tire,wheel_tire,mobility,intact,no_visible_damage,1205.57,643.77,1222.25,694.85,16.68,51.08,852.01,0,manual,
HCVAT_DA8DC483A7D9DA8E,108,7,commons_42550687.jpg,4f324f12c1eece86f3b842bb97d32b97a2283b808c709d4bcd0a9560b0196a8d,wheel_tire,wheel_tire,mobility,intact,no_visible_damage,779.01,668.26,807.05,717.36,28.04,49.10,1376.76,0,manual,
HCVAT_3F88A1615C340FE9,108,8,commons_42550687.jpg,4f324f12c1eece86f3b842bb97d32b97a2283b808c709d4bcd0a9560b0196a8d,wheel_tire,wheel_tire,mobility,intact,no_visible_damage,963.51,666.78,987.68,710.12,24.17,43.34,1047.53,0,manual,
HCVAT_C7B2A1D8A4661058,108,9,commons_42550687.jpg,4f324f12c1eece86f3b842bb97d32b97a2283b808c709d4bcd0a9560b0196a8d,wheel_tire,wheel_tire,mobility,intact,no_visible_damage,65.47,679.20,121.04,746.65,55.57,67.45,3748.20,0,manual,
HCVAT_AFE5D6C5F49FC9B0,108,10,commons_42550687.jpg,4f324f12c1eece86f3b842bb97d32b97a2283b808c709d4bcd0a9560b0196a8d,weapons_station,weapon_station,mission_equipment,intact,no_visible_damage,32.80,556.60,197.48,609.53,164.68,52.93,8716.51,0,manual,
HCVAT_289B4681A8BA8B19,108,11,commons_42550687.jpg,4f324f12c1eece86f3b842bb97d32b97a2283b808c709d4bcd0a9560b0196a8d,door,door,structure,intact,no_visible_damage,427.63,626.21,464.36,701.31,36.73,75.10,2758.42,0,manual,
HCVAT_B96AC840F7B52378,108,12,commons_42550687.jpg,4f324f12c1eece86f3b842bb97d32b97a2283b808c709d4bcd0a9560b0196a8d,wheel_tire,wheel_tire,mobility,intact,no_visible_damage,206.80,676.60,254.98,742.15,48.18,65.55,3158.20,0,manual,
HCVAT_AC54C96B073CD1CC,108,13,commons_42550687.jpg,4f324f12c1eece86f3b842bb97d32b97a2283b808c709d4bcd0a9560b0196a8d,wheel_tire,wheel_tire,mobility,intact,no_visible_damage,907.43,667.09,931.33,710.12,23.90,43.03,1028.42,0,manual,
HCVAT_64A4C46189C202EB,108,14,commons_42550687.jpg,4f324f12c1eece86f3b842bb97d32b97a2283b808c709d4bcd0a9560b0196a8d,weapons_station,weapon_station,mission_equipment,intact,no_visible_damage,737.05,582.01,813.81,617.34,76.76,35.33,2711.93,0,manual,
HCVAT_21679138DD8C24FC,108,15,commons_42550687.jpg,4f324f12c1eece86f3b842bb97d32b97a2283b808c709d4bcd0a9560b0196a8d,door,door,structure,intact,no_visible_damage,954.50,629.33,977.56,685.93,23.06,56.60,1305.20,0,manual,
HCVAT_C11F1954F740D322,108,16,commons_42550687.jpg,4f324f12c1eece86f3b842bb97d32b97a2283b808c709d4bcd0a9560b0196a8d,weapons_station,weapon_station,mission_equipment,intact,no_visible_damage,574.10,541.17,684.22,580.29,110.12,39.12,4307.89,0,manual,
HCVAT_50116756BFB7A0BE,108,17,commons_42550687.jpg,4f324f12c1eece86f3b842bb97d32b97a2283b808c709d4bcd0a9560b0196a8d,wheel_tire,wheel_tire,mobility,intact,no_visible_damage,444.48,671.81,488.16,729.63,43.68,57.82,2525.58,0,manual,
HCVAT_D13813E1548B7D57,108,18,commons_42550687.jpg,4f324f12c1eece86f3b842bb97d32b97a2283b808c709d4bcd0a9560b0196a8d,wheel_tire,wheel_tire,mobility,intact,no_visible_damage,1027.66,645.99,1059.86,707.62,32.20,61.63,1984.49,0,manual,
HCVAT_C5D48B230DE2F5BA,108,19,commons_42550687.jpg,4f324f12c1eece86f3b842bb97d32b97a2283b808c709d4bcd0a9560b0196a8d,door,door,structure,intact,no_visible_damage,814.89,628.37,838.40,689.31,23.51,60.94,1432.70,0,manual,
HCVAT_6503E13DC54959F0,108,20,commons_42550687.jpg,4f324f12c1eece86f3b842bb97d32b97a2283b808c709d4bcd0a9560b0196a8d,weapons_station,weapon_station,mission_equipment,intact,no_visible_damage,273.12,565.67,426.66,611.68,153.54,46.01,7064.38,0,manual,
HCVAT_E13632EB8217C4FF,108,21,commons_42550687.jpg,4f324f12c1eece86f3b842bb97d32b97a2283b808c709d4bcd0a9560b0196a8d,wheel_tire,wheel_tire,mobility,intact,no_visible_damage,561.71,645.48,617.92,724.49,56.21,79.01,4441.15,0,manual,
HCVAT_A5BCAD9F3FE2D601,108,22,commons_42550687.jpg,4f324f12c1eece86f3b842bb97d32b97a2283b808c709d4bcd0a9560b0196a8d,door,door,structure,intact,no_visible_damage,396.68,627.17,432.93,703.23,36.25,76.06,2757.18,0,manual,
HCVAT_B7351657ECCDEC55,108,23,commons_42550687.jpg,4f324f12c1eece86f3b842bb97d32b97a2283b808c709d4bcd0a9560b0196a8d,wheel_tire,wheel_tire,mobility,intact,no_visible_damage,1114.52,664.31,1133.15,701.51,18.63,37.20,693.04,0,manual,
HCVAT_BB1BA422307EEE64,108,24,commons_42550687.jpg,4f324f12c1eece86f3b842bb97d32b97a2283b808c709d4bcd0a9560b0196a8d,door,door,structure,intact,no_visible_damage,173.31,624.53,218.68,708.75,45.37,84.22,3821.06,0,manual,
HCVAT_1F51A0E97A8BDF9C,108,25,commons_42550687.jpg,4f324f12c1eece86f3b842bb97d32b97a2283b808c709d4bcd0a9560b0196a8d,door,door,structure,intact,no_visible_damage,128.93,623.10,176.94,709.23,48.01,86.13,4135.10,0,manual,
HCVAT_BFEE247A5C96389C,108,26,commons_42550687.jpg,4f324f12c1eece86f3b842bb97d32b97a2283b808c709d4bcd0a9560b0196a8d,wheel_tire,wheel_tire,mobility,intact,no_visible_damage,844.84,667.18,874.43,714.42,29.59,47.24,1397.83,0,manual,
HCVAT_3EB1BC1F6E0E2730,108,27,commons_42550687.jpg,4f324f12c1eece86f3b842bb97d32b97a2283b808c709d4bcd0a9560b0196a8d,wheel_tire,wheel_tire,mobility,intact,no_visible_damage,347.16,675.99,388.59,737.34,41.43,61.35,2541.73,0,manual,
HCVAT_7447F2562357B6F1,108,28,commons_42550687.jpg,4f324f12c1eece86f3b842bb97d32b97a2283b808c709d4bcd0a9560b0196a8d,wheel_tire,wheel_tire,mobility,intact,no_visible_damage,1065.13,645.71,1096.50,704.56,31.37,58.85,1846.12,0,manual,
HCVAT_00F515A2A6574AF4,108,29,commons_42550687.jpg,4f324f12c1eece86f3b842bb97d32b97a2283b808c709d4bcd0a9560b0196a8d,weapons_station,weapon_station,mission_equipment,intact,no_visible_damage,867.45,580.72,928.48,619.59,61.03,38.87,2372.24,0,manual,
HCVAT_369207702A30873F,109,1,commons_42579862.jpg,81a9de3f30408b36c793d2091c2b686eefaa67667d4dc95d70bb25f6ce14d8ff,door,door,structure,intact,no_visible_damage,1264.11,441.36,1398.84,885.84,134.73,444.48,59884.79,0,manual,
HCVAT_3A6C6E4CFB8DFACA,109,2,commons_42579862.jpg,81a9de3f30408b36c793d2091c2b686eefaa67667d4dc95d70bb25f6ce14d8ff,weapons_station,weapon_station,mission_equipment,intact,no_visible_damage,258.84,125.84,1082.17,386.09,823.33,260.25,214271.63,0,manual,
HCVAT_BE7CE9F19C86B79B,109,3,commons_42579862.jpg,81a9de3f30408b36c793d2091c2b686eefaa67667d4dc95d70bb25f6ce14d8ff,door,door,structure,intact,no_visible_damage,1025.75,443.66,1198.50,908.87,172.75,465.21,80365.03,0,manual,
HCVAT_7287E2AE83E87EF5,109,4,commons_42579862.jpg,81a9de3f30408b36c793d2091c2b686eefaa67667d4dc95d70bb25f6ce14d8ff,wheel_tire,wheel_tire,mobility,intact,no_visible_damage,383.21,759.17,743.63,1147.23,360.42,388.06,139864.59,0,manual,
HCVAT_36C3A0C2CF0B505C,109,5,commons_42579862.jpg,81a9de3f30408b36c793d2091c2b686eefaa67667d4dc95d70bb25f6ce14d8ff,wheel_tire,wheel_tire,mobility,intact,no_visible_damage,0.00,931.90,228.90,1094.26,228.90,162.36,37164.20,0,manual,
HCVAT_08694F02773956A4,109,6,commons_42579862.jpg,81a9de3f30408b36c793d2091c2b686eefaa67667d4dc95d70bb25f6ce14d8ff,comms_equipment,comms_equipment,mission_equipment,intact,no_visible_damage,1236.47,361.90,1322.84,422.93,86.37,61.03,5271.16,0,manual,
HCVAT_1475F9AC8F5A9A76,109,7,commons_42579862.jpg,81a9de3f30408b36c793d2091c2b686eefaa67667d4dc95d70bb25f6ce14d8ff,wheel_tire,wheel_tire,mobility,intact,no_visible_damage,1317.08,705.05,1598.05,1043.60,280.97,338.55,95122.39,0,manual,
HCVAT_4A342AFDF434B16F,110,1,commons_43734545.jpg,64c12665362e49aac7fc2180cef55027ae9f268d130a7d3563d1b04456d51ac9,wheel_tire,wheel_tire,mobility,intact,no_visible_damage,924.02,808.65,1021.84,848.37,97.82,39.72,3885.41,0,manual,
HCVAT_A1EA46500C75D5B7,110,2,commons_43734545.jpg,64c12665362e49aac7fc2180cef55027ae9f268d130a7d3563d1b04456d51ac9,comms_equipment,comms_equipment,mission_equipment,intact,no_visible_damage,75.94,720.93,104.78,729.99,28.84,9.06,261.29,0,manual,
HCVAT_E75660DC54604863,110,3,commons_43734545.jpg,64c12665362e49aac7fc2180cef55027ae9f268d130a7d3563d1b04456d51ac9,wheel_tire,wheel_tire,mobility,intact,no_visible_damage,1266.14,767.64,1392.19,863.32,126.05,95.68,12060.46,0,manual,
HCVAT_52A33C477286CE03,110,4,commons_43734545.jpg,64c12665362e49aac7fc2180cef55027ae9f268d130a7d3563d1b04456d51ac9,windshield,windshield,structure,intact,no_visible_damage,55.68,649.17,289.24,723.94,233.56,74.77,17463.28,0,manual,
HCVAT_4C9A135039414624,110,5,commons_43734545.jpg,64c12665362e49aac7fc2180cef55027ae9f268d130a7d3563d1b04456d51ac9,wheel_tire,wheel_tire,mobility,intact,no_visible_damage,1113.26,745.43,1246.10,885.11,132.84,139.68,18555.09,0,manual,
HCVAT_8B24BBC51802237B,110,6,commons_43734545.jpg,64c12665362e49aac7fc2180cef55027ae9f268d130a7d3563d1b04456d51ac9,door,door,structure,intact,no_visible_damage,851.66,652.11,949.29,780.07,97.63,127.96,12492.73,0,manual,
HCVAT_2B351798B7A145C2,110,7,commons_43734545.jpg,64c12665362e49aac7fc2180cef55027ae9f268d130a7d3563d1b04456d51ac9,door,door,structure,intact,no_visible_damage,3.01,725.80,57.29,808.44,54.28,82.64,4485.70,0,manual,
HCVAT_E75EA2CD09ECB31C,110,8,commons_43734545.jpg,64c12665362e49aac7fc2180cef55027ae9f268d130a7d3563d1b04456d51ac9,wheel_tire,wheel_tire,mobility,intact,no_visible_damage,94.05,771.91,182.47,890.66,88.42,118.75,10499.88,0,manual,
HCVAT_8087B84C01486A0F,110,9,commons_43734545.jpg,64c12665362e49aac7fc2180cef55027ae9f268d130a7d3563d1b04456d51ac9,wheel_tire,wheel_tire,mobility,intact,no_visible_damage,298.62,777.04,382.81,866.31,84.19,89.27,7515.64,0,manual,
HCVAT_E904A88F132EA9B2,110,10,commons_43734545.jpg,64c12665362e49aac7fc2180cef55027ae9f268d130a7d3563d1b04456d51ac9,engine_bay,engine_bay,structure,intact,no_visible_damage,77.39,712.71,396.20,784.83,318.81,72.12,22992.58,0,manual,
HCVAT_8DAD338D80813B36,110,11,commons_43734545.jpg,64c12665362e49aac7fc2180cef55027ae9f268d130a7d3563d1b04456d51ac9,door,door,structure,intact,no_visible_damage,952.05,689.07,1049.12,783.93,97.07,94.86,9208.06,0,manual,
HCVAT_547AC74D2ECFCA17,110,12,commons_43734545.jpg,64c12665362e49aac7fc2180cef55027ae9f268d130a7d3563d1b04456d51ac9,windshield,windshield,structure,intact,no_visible_damage,1042.78,609.64,1234.99,683.00,192.21,73.36,14100.53,0,manual,
HCVAT_3EA6488DAA3765F1,110,13,commons_43734545.jpg,64c12665362e49aac7fc2180cef55027ae9f268d130a7d3563d1b04456d51ac9,engine_bay,engine_bay,structure,intact,no_visible_damage,1087.67,680.61,1412.87,751.78,325.20,71.17,23144.48,0,manual,
HCVAT_D2EECA4EA1D15481,110,14,commons_43734545.jpg,64c12665362e49aac7fc2180cef55027ae9f268d130a7d3563d1b04456d51ac9,wheel_tire,wheel_tire,mobility,intact,no_visible_damage,765.55,751.41,871.48,865.89,105.93,114.48,12126.87,0,manual,
HCVAT_5EA0D0864F09B146,110,15,commons_43734545.jpg,64c12665362e49aac7fc2180cef55027ae9f268d130a7d3563d1b04456d51ac9,comms_equipment,comms_equipment,mission_equipment,intact,no_visible_damage,1073.42,683.27,1103.69,692.80,30.27,9.53,288.47,0,manual,
HCVAT_C7BF08618DDADACC,111,1,commons_44280087.jpg,774ef369501bb49f2568a481746896f0b9e0a066a392630246906ad85e3b874e,wheel_tire,wheel_tire,mobility,intact,no_visible_damage,825.68,617.65,1225.01,1034.74,399.33,417.09,166556.55,0,manual,
HCVAT_A6ED0428DDC7C49D,111,2,commons_44280087.jpg,774ef369501bb49f2568a481746896f0b9e0a066a392630246906ad85e3b874e,door,door,structure,intact,no_visible_damage,436.96,270.37,663.22,685.31,226.26,414.94,93884.32,0,manual,
HCVAT_1D033C8D96589EF9,111,3,commons_44280087.jpg,774ef369501bb49f2568a481746896f0b9e0a066a392630246906ad85e3b874e,wheel_tire,wheel_tire,mobility,intact,no_visible_damage,1243.91,654.89,1477.67,811.30,233.76,156.41,36562.40,0,manual,
HCVAT_208CB5C4A0F2687F,111,4,commons_44280087.jpg,774ef369501bb49f2568a481746896f0b9e0a066a392630246906ad85e3b874e,wheel_tire,wheel_tire,mobility,intact,no_visible_damage,107.28,520.25,313.48,765.46,206.20,245.21,50562.30,0,manual,
HCVAT_904C9C44B3674267,111,5,commons_44280087.jpg,774ef369501bb49f2568a481746896f0b9e0a066a392630246906ad85e3b874e,windshield,windshield,structure,intact,no_visible_damage,674.82,235.39,1093.64,433.05,418.82,197.66,82783.96,0,manual,
HCVAT_2032EEA716614079,111,6,commons_44280087.jpg,774ef369501bb49f2568a481746896f0b9e0a066a392630246906ad85e3b874e,door,door,structure,intact,no_visible_damage,226.97,264.61,436.09,640.45,209.12,375.84,78595.66,0,manual,
HCVAT_8D5059A02CFA5AC3,111,7,commons_44280087.jpg,774ef369501bb49f2568a481746896f0b9e0a066a392630246906ad85e3b874e,engine_bay,engine_bay,structure,intact,no_visible_damage,768.21,392.95,1556.79,707.60,788.58,314.65,248126.70,0,manual,
HCVAT_6A7011FD827DC5B2,111,8,commons_44280087.jpg,774ef369501bb49f2568a481746896f0b9e0a066a392630246906ad85e3b874e,comms_equipment,comms_equipment,mission_equipment,intact,no_visible_damage,732.35,426.29,819.37,469.30,87.02,43.01,3742.73,0,manual,
HCVAT_0A403C698C7058F6,112,1,commons_45043131.jpg,be31a99a1386cd77097e3eed11518546a7d80ce8b6db9f90613c1770cb97f0d8,door,door,structure,intact,no_visible_damage,1109.85,108.70,1283.54,423.51,173.69,314.81,54679.35,0,manual,
HCVAT_FABA3DE7F1F5D8DD,112,2,commons_45043131.jpg,be31a99a1386cd77097e3eed11518546a7d80ce8b6db9f90613c1770cb97f0d8,wheel_tire,wheel_tire,mobility,intact,no_visible_damage,87.66,568.97,247.78,847.14,160.12,278.17,44540.58,0,manual,
HCVAT_158678A58FFF27A8,112,3,commons_45043131.jpg,be31a99a1386cd77097e3eed11518546a7d80ce8b6db9f90613c1770cb97f0d8,weapons_station,weapon_station,mission_equipment,intact,no_visible_damage,344.53,28.64,873.74,275.60,529.21,246.96,130693.70,0,manual,
HCVAT_130B6D3C434C3D6B,112,4,commons_45043131.jpg,be31a99a1386cd77097e3eed11518546a7d80ce8b6db9f90613c1770cb97f0d8,windshield,windshield,structure,intact,no_visible_damage,431.68,310.61,1137.77,540.13,706.09,229.52,162061.78,0,manual,
HCVAT_F059289F11730028,112,5,commons_45043131.jpg,be31a99a1386cd77097e3eed11518546a7d80ce8b6db9f90613c1770cb97f0d8,comms_equipment,comms_equipment,mission_equipment,intact,no_visible_damage,463.94,523.92,524.19,556.76,60.25,32.84,1978.61,0,manual,
HCVAT_004C126D4AFF96AC,112,6,commons_45043131.jpg,be31a99a1386cd77097e3eed11518546a7d80ce8b6db9f90613c1770cb97f0d8,windshield,windshield,structure,intact,no_visible_damage,1480.30,81.09,1600.00,221.25,119.70,140.16,16777.15,0,manual,
HCVAT_393B9857B4475BF3,112,7,commons_45043131.jpg,be31a99a1386cd77097e3eed11518546a7d80ce8b6db9f90613c1770cb97f0d8,wheel_tire,wheel_tire,mobility,intact,no_visible_damage,1213.79,730.45,1511.10,1016.76,297.31,286.31,85122.83,0,manual,
HCVAT_72EE292AAB16F865,112,8,commons_45043131.jpg,be31a99a1386cd77097e3eed11518546a7d80ce8b6db9f90613c1770cb97f0d8,engine_bay,engine_bay,structure,intact,no_visible_damage,463.94,496.78,1521.00,827.88,1057.06,331.10,349992.57,0,manual,
HCVAT_40788D2AC9327AD5,112,9,commons_45043131.jpg,be31a99a1386cd77097e3eed11518546a7d80ce8b6db9f90613c1770cb97f0d8,door,door,structure,intact,no_visible_damage,173.56,323.09,280.76,774.96,107.20,451.87,48440.46,0,manual,
HCVAT_22E74F0B8077143C,112,10,commons_45043131.jpg,be31a99a1386cd77097e3eed11518546a7d80ce8b6db9f90613c1770cb97f0d8,wheel_tire,wheel_tire,mobility,intact,no_visible_damage,498.82,714.16,823.13,1170.10,324.31,455.94,147865.90,0,manual,
HCVAT_AF7C672093928FB6,112,11,commons_45043131.jpg,be31a99a1386cd77097e3eed11518546a7d80ce8b6db9f90613c1770cb97f0d8,door,door,structure,intact,no_visible_damage,1278.11,92.41,1468.08,428.93,189.97,336.52,63928.70,0,manual,
HCVAT_248041AA5F19B6EB,112,12,commons_45043131.jpg,be31a99a1386cd77097e3eed11518546a7d80ce8b6db9f90613c1770cb97f0d8,door,door,structure,intact,no_visible_damage,273.97,323.09,408.31,845.52,134.34,522.43,70183.25,0,manual,
HCVAT_6DA5553033708AB2,113,1,commons_45203500.jpg,b16fd96c2af688a494634c6441b62a03db7a3aae1139bef903ebceda4d55c373,comms_equipment,comms_equipment,mission_equipment,intact,no_visible_damage,516.83,584.17,563.45,697.39,46.62,113.22,5278.32,0,manual,
HCVAT_232D15C7825D1EE0,113,2,commons_45203500.jpg,b16fd96c2af688a494634c6441b62a03db7a3aae1139bef903ebceda4d55c373,weapons_station,weapon_station,mission_equipment,intact,no_visible_damage,584.76,353.72,933.76,558.86,349.00,205.14,71593.86,0,manual,
HCVAT_9746FB8ACE536AFF,113,3,commons_45203500.jpg,b16fd96c2af688a494634c6441b62a03db7a3aae1139bef903ebceda4d55c373,wheel_tire,wheel_tire,mobility,intact,no_visible_damage,1115.12,654.39,1239.26,837.13,124.14,182.74,22685.34,0,manual,
HCVAT_C0998FABD46E0E10,113,4,commons_45203500.jpg,b16fd96c2af688a494634c6441b62a03db7a3aae1139bef903ebceda4d55c373,door,door,structure,intact,no_visible_damage,749.19,550.63,985.50,907.34,236.31,356.71,84294.14,0,manual,
HCVAT_83F0C819149D2416,113,5,commons_45203500.jpg,b16fd96c2af688a494634c6441b62a03db7a3aae1139bef903ebceda4d55c373,door,door,structure,intact,no_visible_damage,948.68,524.27,1134.25,826.25,185.57,301.98,56038.43,0,manual,
HCVAT_04CE63A99D42A5D2,113,6,commons_45203500.jpg,b16fd96c2af688a494634c6441b62a03db7a3aae1139bef903ebceda4d55c373,wheel_tire,wheel_tire,mobility,intact,no_visible_damage,302.27,864.58,675.87,1067.00,373.60,202.42,75624.11,0,manual,
HCVAT_86485740935FD4F5,113,7,commons_45203500.jpg,b16fd96c2af688a494634c6441b62a03db7a3aae1139bef903ebceda4d55c373,engine_bay,engine_bay,structure,intact,no_visible_damage,213.13,688.06,730.62,1003.76,517.49,315.70,163371.59,0,manual,
HCVAT_0369D320B70EFD42,113,8,commons_45203500.jpg,b16fd96c2af688a494634c6441b62a03db7a3aae1139bef903ebceda4d55c373,windshield,windshield,structure,intact,no_visible_damage,567.10,571.53,732.27,713.32,165.17,141.79,23419.45,0,manual,
HCVAT_7BEE29997E4DED5B,114,1,commons_49500597.jpg,550e46a103392a663d2041485ef576586d2705df22530539cf4d2e2813cf950f,wheel_tire,wheel_tire,mobility,intact,no_visible_damage,824.61,559.05,956.41,719.69,131.80,160.64,21172.35,0,manual,
HCVAT_9288E1052CD052A5,114,2,commons_49500597.jpg,550e46a103392a663d2041485ef576586d2705df22530539cf4d2e2813cf950f,wheel_tire,wheel_tire,mobility,intact,no_visible_damage,1414.62,649.67,1600.00,913.27,185.38,263.60,48866.17,0,manual,
HCVAT_CFA6C21DFED89E8D,114,3,commons_49500597.jpg,550e46a103392a663d2041485ef576586d2705df22530539cf4d2e2813cf950f,door,door,structure,intact,no_visible_damage,1001.20,425.93,1174.80,674.71,173.60,248.78,43188.21,0,manual,
HCVAT_74E7C7CE00C4414F,114,4,commons_49500597.jpg,550e46a103392a663d2041485ef576586d2705df22530539cf4d2e2813cf950f,weapons_station,weapon_station,mission_equipment,intact,no_visible_damage,1071.95,293.79,1512.06,412.72,440.11,118.93,52342.28,0,manual,
HCVAT_77214B66EE1F99E7,114,5,commons_49500597.jpg,550e46a103392a663d2041485ef576586d2705df22530539cf4d2e2813cf950f,door,door,structure,intact,no_visible_damage,1155.80,428.80,1413.23,705.70,257.43,276.90,71282.37,0,manual,
HCVAT_CE392756F04AD080,115,1,commons_49536561.jpg,6d5f7cf4f01044c12d81d0f83cc877b8657d4c797e1adb737cc8884e21e4d25f,wheel_tire,wheel_tire,mobility,intact,no_visible_damage,705.01,901.30,771.86,944.89,66.85,43.59,2913.99,0,manual,
HCVAT_B45C54EE2483894F,115,2,commons_49536561.jpg,6d5f7cf4f01044c12d81d0f83cc877b8657d4c797e1adb737cc8884e21e4d25f,wheel_tire,wheel_tire,mobility,intact,no_visible_damage,1260.33,875.32,1350.86,993.22,90.53,117.90,10673.49,0,manual,
HCVAT_B700EB40A111E329,115,3,commons_49536561.jpg,6d5f7cf4f01044c12d81d0f83cc877b8657d4c797e1adb737cc8884e21e4d25f,wheel_tire,wheel_tire,mobility,intact,no_visible_damage,940.66,869.21,1072.43,1022.09,131.77,152.88,20145.00,0,manual,
HCVAT_06BD96B83607EC6E,115,4,commons_49536561.jpg,6d5f7cf4f01044c12d81d0f83cc877b8657d4c797e1adb737cc8884e21e4d25f,door,door,structure,intact,no_visible_damage,234.38,743.10,356.53,888.42,122.15,145.32,17750.84,0,manual,
HCVAT_A88831A562A3FF56,115,5,commons_49536561.jpg,6d5f7cf4f01044c12d81d0f83cc877b8657d4c797e1adb737cc8884e21e4d25f,wheel_tire,wheel_tire,mobility,intact,no_visible_damage,1349.03,920.22,1394.66,960.37,45.63,40.15,1832.04,0,manual,
HCVAT_8F287102FBE28344,115,6,commons_49536561.jpg,6d5f7cf4f01044c12d81d0f83cc877b8657d4c797e1adb737cc8884e21e4d25f,engine_bay,engine_bay,structure,intact,no_visible_damage,749.12,818.60,1107.15,886.24,358.03,67.64,24217.15,0,manual,
HCVAT_5DECE568B94E21D0,115,7,commons_49536561.jpg,6d5f7cf4f01044c12d81d0f83cc877b8657d4c797e1adb737cc8884e21e4d25f,wheel_tire,wheel_tire,mobility,intact,no_visible_damage,369.35,906.72,454.76,948.69,85.41,41.97,3584.66,0,manual,
HCVAT_48263D6251ADFB29,115,8,commons_49536561.jpg,6d5f7cf4f01044c12d81d0f83cc877b8657d4c797e1adb737cc8884e21e4d25f,wheel_tire,wheel_tire,mobility,intact,no_visible_damage,1493.57,877.15,1564.39,973.15,70.82,96.00,6798.72,0,manual,
HCVAT_2BCD1B0C33D50F09,115,9,commons_49536561.jpg,6d5f7cf4f01044c12d81d0f83cc877b8657d4c797e1adb737cc8884e21e4d25f,wheel_tire,wheel_tire,mobility,intact,no_visible_damage,0.00,838.80,153.87,975.21,153.87,136.41,20989.41,0,manual,
HCVAT_3543CEFAECBF4777,115,10,commons_49536561.jpg,6d5f7cf4f01044c12d81d0f83cc877b8657d4c797e1adb737cc8884e21e4d25f,engine_bay,engine_bay,structure,intact,no_visible_damage,0.35,792.44,223.16,841.63,222.81,49.19,10960.02,0,manual,
HCVAT_91E6FF5B906E1D43,115,11,commons_49536561.jpg,6d5f7cf4f01044c12d81d0f83cc877b8657d4c797e1adb737cc8884e21e4d25f,windshield,windshield,structure,intact,no_visible_damage,912.16,744.99,1116.20,819.80,204.04,74.81,15264.23,0,manual,
HCVAT_D35FC694AD92423B,115,12,commons_49536561.jpg,6d5f7cf4f01044c12d81d0f83cc877b8657d4c797e1adb737cc8884e21e4d25f,windshield,windshield,structure,intact,no_visible_damage,167.58,729.57,245.01,793.92,77.43,64.35,4982.62,0,manual,
HCVAT_11745F82D35BEE83,115,13,commons_49536561.jpg,6d5f7cf4f01044c12d81d0f83cc877b8657d4c797e1adb737cc8884e21e4d25f,door,door,structure,intact,no_visible_damage,1121.32,760.28,1207.48,917.32,86.16,157.04,13530.57,0,manual,
HCVAT_B9D42B93F7622858,115,14,commons_49536561.jpg,6d5f7cf4f01044c12d81d0f83cc877b8657d4c797e1adb737cc8884e21e4d25f,wheel_tire,wheel_tire,mobility,intact,no_visible_damage,769.20,888.21,884.92,993.37,115.72,105.16,12169.12,0,manual,
HCVAT_1BCCFDFD246660C8,115,15,commons_49536561.jpg,6d5f7cf4f01044c12d81d0f83cc877b8657d4c797e1adb737cc8884e21e4d25f,wheel_tire,wheel_tire,mobility,intact,no_visible_damage,452.03,857.80,559.73,965.08,107.70,107.28,11554.06,0,manual,
HCVAT_6CE8DFAC7BA44A87,115,16,commons_49536561.jpg,6d5f7cf4f01044c12d81d0f83cc877b8657d4c797e1adb737cc8884e21e4d25f,wheel_tire,wheel_tire,mobility,intact,no_visible_damage,1082.94,943.95,1162.88,975.70,79.94,31.75,2538.10,0,manual,
HCVAT_505EC60FB5C4818A,116,1,commons_50849718.jpg,7025e6b6ddb193be38e9d18d623e7ae10097e118a14b2a305a8420e2f680d22c,door,door,structure,intact,no_visible_damage,0.00,623.31,106.43,932.13,106.43,308.82,32867.71,0,manual,
HCVAT_CEA0C69E01DAC09D,116,2,commons_50849718.jpg,7025e6b6ddb193be38e9d18d623e7ae10097e118a14b2a305a8420e2f680d22c,engine_bay,engine_bay,structure,intact,no_visible_damage,269.70,733.25,850.60,961.32,580.90,228.07,132485.86,0,manual,
HCVAT_0B97D6599EB4B306,116,3,commons_50849718.jpg,7025e6b6ddb193be38e9d18d623e7ae10097e118a14b2a305a8420e2f680d22c,weapons_station,weapon_station,mission_equipment,intact,no_visible_damage,134.09,456.22,484.40,596.80,350.31,140.58,49246.58,0,manual,
HCVAT_AE420FB2C334EC4B,116,4,commons_50849718.jpg,7025e6b6ddb193be38e9d18d623e7ae10097e118a14b2a305a8420e2f680d22c,door,door,structure,intact,no_visible_damage,111.62,611.21,242.41,950.57,130.79,339.36,44384.89,0,manual,
HCVAT_F6F906923ED7AB03,116,5,commons_50849718.jpg,7025e6b6ddb193be38e9d18d623e7ae10097e118a14b2a305a8420e2f680d22c,wheel_tire,wheel_tire,mobility,intact,no_visible_damage,214.75,925.22,368.59,1068.00,153.84,142.78,21965.28,0,manual,
HCVAT_5D61BC0535350269,116,6,commons_50849718.jpg,7025e6b6ddb193be38e9d18d623e7ae10097e118a14b2a305a8420e2f680d22c,windshield,windshield,structure,intact,no_visible_damage,233.59,604.28,672.80,730.26,439.21,125.98,55331.68,0,manual,
HCVAT_FC5AAA484B625A7B,117,1,commons_50874286.jpg,46cca73fa216436df30589b2b0dcbdad50a25ecd974c31c97a85f812f9e90685,wheel_tire,wheel_tire,mobility,intact,no_visible_damage,302.19,752.09,498.38,944.15,196.19,192.06,37680.25,0,manual,
HCVAT_A5666C760B283613,117,2,commons_50874286.jpg,46cca73fa216436df30589b2b0dcbdad50a25ecd974c31c97a85f812f9e90685,engine_bay,engine_bay,structure,intact,no_visible_damage,995.05,615.78,1299.67,785.10,304.62,169.32,51578.26,0,manual,
HCVAT_02FB3BD17CB8AFA9,117,3,commons_50874286.jpg,46cca73fa216436df30589b2b0dcbdad50a25ecd974c31c97a85f812f9e90685,windshield,windshield,structure,intact,no_visible_damage,890.10,514.07,1069.80,610.00,179.70,95.93,17238.62,0,manual,
HCVAT_F590855A379771E9,117,4,commons_50874286.jpg,46cca73fa216436df30589b2b0dcbdad50a25ecd974c31c97a85f812f9e90685,weapons_station,weapon_station,mission_equipment,intact,no_visible_damage,550.01,333.89,1018.80,496.00,468.79,162.11,75995.55,0,manual,
HCVAT_D7AAAE8B3314D1F3,117,5,commons_50874286.jpg,46cca73fa216436df30589b2b0dcbdad50a25ecd974c31c97a85f812f9e90685,door,door,structure,intact,no_visible_damage,731.71,516.24,929.40,787.13,197.69,270.89,53552.24,0,manual,
HCVAT_BDB96BD7AD1A7A68,117,6,commons_50874286.jpg,46cca73fa216436df30589b2b0dcbdad50a25ecd974c31c97a85f812f9e90685,door,door,structure,intact,no_visible_damage,495.12,518.18,677.93,781.16,182.81,262.98,48075.37,0,manual,
HCVAT_F2123EDBA68876F8,117,7,commons_50874286.jpg,46cca73fa216436df30589b2b0dcbdad50a25ecd974c31c97a85f812f9e90685,wheel_tire,wheel_tire,mobility,intact,no_visible_damage,962.01,756.22,1174.72,964.80,212.71,208.58,44367.05,0,manual,
HCVAT_D36EAF48559BFFBD,118,1,commons_51811337.jpg,f8772c4b4d6ba92a90faf9de7567eeacb474f9f54daceeca4268cdb8faeb7f70,comms_equipment,comms_equipment,mission_equipment,intact,no_visible_damage,582.13,36.51,615.20,331.58,33.07,295.07,9757.96,0,manual,
HCVAT_1ECB8568FB930B72,118,2,commons_51811337.jpg,f8772c4b4d6ba92a90faf9de7567eeacb474f9f54daceeca4268cdb8faeb7f70,weapons_station,weapon_station,mission_equipment,intact,no_visible_damage,909.96,93.60,1215.78,296.00,305.82,202.40,61897.97,0,manual,
HCVAT_862DA6B607F63151,118,3,commons_51811337.jpg,f8772c4b4d6ba92a90faf9de7567eeacb474f9f54daceeca4268cdb8faeb7f70,wheel_tire,wheel_tire,mobility,intact,no_visible_damage,903.37,652.28,1245.87,1041.20,342.50,388.92,133205.10,0,manual,
HCVAT_FC0978AEBBC865F4,118,4,commons_51811337.jpg,f8772c4b4d6ba92a90faf9de7567eeacb474f9f54daceeca4268cdb8faeb7f70,windshield,windshield,structure,intact,no_visible_damage,930.25,325.33,1260.06,443.23,329.81,117.90,38884.60,0,manual,
HCVAT_E03A8AA31BDCF5EB,118,5,commons_51811337.jpg,f8772c4b4d6ba92a90faf9de7567eeacb474f9f54daceeca4268cdb8faeb7f70,engine_bay,engine_bay,structure,intact,no_visible_damage,961.07,433.98,1600.00,834.69,638.93,400.71,256025.64,0,manual,
HCVAT_C3828D098E301412,118,6,commons_51811337.jpg,f8772c4b4d6ba92a90faf9de7567eeacb474f9f54daceeca4268cdb8faeb7f70,door,door,structure,intact,no_visible_damage,647.53,296.37,921.94,669.82,274.41,373.45,102478.41,0,manual,
HCVAT_AD364753B6091361,118,7,commons_51811337.jpg,f8772c4b4d6ba92a90faf9de7567eeacb474f9f54daceeca4268cdb8faeb7f70,comms_equipment,comms_equipment,mission_equipment,intact,no_visible_damage,1230.90,162.26,1330.80,723.08,99.90,560.82,56025.92,0,manual,
HCVAT_8087B2B7C9298213,118,8,commons_51811337.jpg,f8772c4b4d6ba92a90faf9de7567eeacb474f9f54daceeca4268cdb8faeb7f70,comms_equipment,comms_equipment,mission_equipment,intact,no_visible_damage,1322.58,387.93,1407.89,450.29,85.31,62.36,5319.93,0,manual,
HCVAT_F24931BD51DBC0F8,118,9,commons_51811337.jpg,f8772c4b4d6ba92a90faf9de7567eeacb474f9f54daceeca4268cdb8faeb7f70,wheel_tire,wheel_tire,mobility,intact,no_visible_damage,576.52,578.26,696.59,735.87,120.07,157.61,18924.23,0,manual,
HCVAT_6F2216E86235F914,119,1,commons_51832455.jpg,a78140ed1268bc595b02cb0dfea03c284bec9092ced53cf4896fc6568ae773dd,wheel_tire,wheel_tire,mobility,intact,no_visible_damage,172.37,615.00,325.80,908.05,153.43,293.05,44962.66,0,manual,
HCVAT_E36A78FAC6B09DD4,119,2,commons_51832455.jpg,a78140ed1268bc595b02cb0dfea03c284bec9092ced53cf4896fc6568ae773dd,weapons_station,weapon_station,mission_equipment,intact,no_visible_damage,401.47,27.71,959.62,301.44,558.15,273.73,152782.40,0,manual,
HCVAT_978E2E0CCA082055,119,3,commons_51832455.jpg,a78140ed1268bc595b02cb0dfea03c284bec9092ced53cf4896fc6568ae773dd,comms_equipment,comms_equipment,mission_equipment,intact,no_visible_damage,455.29,275.65,544.81,531.09,89.52,255.44,22866.99,0,manual,
HCVAT_4B14DB8F9526CA8B,119,4,commons_51832455.jpg,a78140ed1268bc595b02cb0dfea03c284bec9092ced53cf4896fc6568ae773dd,wheel_tire,wheel_tire,mobility,intact,no_visible_damage,1235.00,684.56,1434.11,1010.49,199.11,325.93,64895.92,0,manual,
HCVAT_E6EE6DC477EEC7C8,119,5,commons_51832455.jpg,a78140ed1268bc595b02cb0dfea03c284bec9092ced53cf4896fc6568ae773dd,engine_bay,engine_bay,structure,intact,no_visible_damage,462.99,491.35,1467.80,760.62,1004.81,269.27,270565.19,0,manual,
HCVAT_3CD455349DF427A6,119,6,commons_51832455.jpg,a78140ed1268bc595b02cb0dfea03c284bec9092ced53cf4896fc6568ae773dd,windshield,windshield,structure,intact,no_visible_damage,447.91,321.95,1174.28,488.04,726.37,166.09,120642.79,0,manual,
HCVAT_7778461879925B3A,119,7,commons_51832455.jpg,a78140ed1268bc595b02cb0dfea03c284bec9092ced53cf4896fc6568ae773dd,wheel_tire,wheel_tire,mobility,intact,no_visible_damage,521.36,668.95,683.87,1063.90,162.51,394.95,64183.32,0,manual,
HCVAT_74207DF071E77651,119,8,commons_51832455.jpg,a78140ed1268bc595b02cb0dfea03c284bec9092ced53cf4896fc6568ae773dd,door,door,structure,intact,no_visible_damage,175.81,369.74,306.21,774.76,130.40,405.02,52814.61,0,manual,
HCVAT_E183F65E8D55D75C,119,9,commons_51832455.jpg,a78140ed1268bc595b02cb0dfea03c284bec9092ced53cf4896fc6568ae773dd,door,door,structure,intact,no_visible_damage,266.35,360.12,409.85,800.62,143.50,440.50,63211.75,0,manual,
HCVAT_8CB9C345359DCB7F,120,1,commons_51832924.jpg,dc84c0592d3db02d653735fb74a2749a345dc15f03b414b047a21a7701313ac5,weapons_station,weapon_station,mission_equipment,intact,no_visible_damage,497.31,363.50,1160.96,580.74,663.65,217.24,144171.33,0,manual,
HCVAT_2554AA33F1489164,120,2,commons_51832924.jpg,dc84c0592d3db02d653735fb74a2749a345dc15f03b414b047a21a7701313ac5,door,door,structure,intact,no_visible_damage,780.19,618.94,1059.50,1045.06,279.31,426.12,119019.58,0,manual,
HCVAT_6E1C68E5AA0CB766,120,3,commons_51832924.jpg,dc84c0592d3db02d653735fb74a2749a345dc15f03b414b047a21a7701313ac5,door,door,structure,intact,no_visible_damage,1061.89,623.71,1317.32,1025.96,255.43,402.25,102746.72,0,manual,
HCVAT_D19C39635D4519FC,120,4,commons_51832924.jpg,dc84c0592d3db02d653735fb74a2749a345dc15f03b414b047a21a7701313ac5,wheel_tire,wheel_tire,mobility,intact,no_visible_damage,300.36,914.95,623.83,1067.00,323.47,152.05,49183.61,0,manual,
HCVAT_262D95E5D1E9C769,120,5,commons_51832924.jpg,dc84c0592d3db02d653735fb74a2749a345dc15f03b414b047a21a7701313ac5,engine_bay,engine_bay,structure,intact,no_visible_damage,0.00,774.11,738.42,998.51,738.42,224.40,165701.45,0,manual,
HCVAT_E1459D02FBD7A802,120,6,commons_51832924.jpg,dc84c0592d3db02d653735fb74a2749a345dc15f03b414b047a21a7701313ac5,wheel_tire,wheel_tire,mobility,intact,no_visible_damage,1281.39,873.18,1546.50,1067.00,265.11,193.82,51383.62,0,manual,
HCVAT_C0D1B96BB28FA0A1,120,7,commons_51832924.jpg,dc84c0592d3db02d653735fb74a2749a345dc15f03b414b047a21a7701313ac5,windshield,windshield,structure,intact,no_visible_damage,405.28,608.19,751.55,762.17,346.27,153.98,53318.65,0,manual,
HCVAT_59C6BA581E5AA8CD,121,1,commons_52035934.jpg,e7bccaafac83923b9b24c0a2a9fe21cbf322d3d594308f73211d1a802a37cb9f,engine_bay,engine_bay,structure,intact,no_visible_damage,389.68,382.92,653.25,474.95,263.57,92.03,24256.35,0,manual,
HCVAT_A1DC77D75013E52A,121,2,commons_52035934.jpg,e7bccaafac83923b9b24c0a2a9fe21cbf322d3d594308f73211d1a802a37cb9f,door,door,structure,intact,no_visible_damage,896.88,271.03,1150.44,565.19,253.56,294.16,74587.21,0,manual,
HCVAT_55CDEF59B4B686A4,121,3,commons_52035934.jpg,e7bccaafac83923b9b24c0a2a9fe21cbf322d3d594308f73211d1a802a37cb9f,door,door,structure,intact,no_visible_damage,671.30,276.44,882.45,556.16,211.15,279.72,59062.88,0,manual,
HCVAT_30BBFA1853E45437,121,4,commons_52035934.jpg,e7bccaafac83923b9b24c0a2a9fe21cbf322d3d594308f73211d1a802a37cb9f,wheel_tire,wheel_tire,mobility,intact,no_visible_damage,1156.66,482.17,1413.01,720.39,256.35,238.22,61067.70,0,manual,
HCVAT_FD1615E77F16A9BD,121,5,commons_52035934.jpg,e7bccaafac83923b9b24c0a2a9fe21cbf322d3d594308f73211d1a802a37cb9f,wheel_tire,wheel_tire,mobility,intact,no_visible_damage,389.77,474.95,597.31,681.59,207.54,206.64,42886.07,0,manual,
HCVAT_372ABA36D4B2AAF4,121,6,commons_52035934.jpg,e7bccaafac83923b9b24c0a2a9fe21cbf322d3d594308f73211d1a802a37cb9f,weapons_station,weapon_station,mission_equipment,intact,no_visible_damage,712.72,123.95,1206.38,253.88,493.66,129.93,64141.24,0,manual,
HCVAT_53BC01574B3896F7,122,1,commons_52208947.jpg,4578ec333c11826856868c8794a39027faa9e7ec913add4bff2f38f6b5d5b1d1,windshield,windshield,structure,intact,no_visible_damage,276.31,330.89,483.29,429.87,206.98,98.98,20486.88,0,manual,
HCVAT_0B8AC2B22D37E373,122,2,commons_52208947.jpg,4578ec333c11826856868c8794a39027faa9e7ec913add4bff2f38f6b5d5b1d1,windshield,windshield,structure,intact,no_visible_damage,56.13,397.01,183.60,459.28,127.47,62.27,7937.56,0,manual,
HCVAT_1DDCDC478B47FD49,122,3,commons_52208947.jpg,4578ec333c11826856868c8794a39027faa9e7ec913add4bff2f38f6b5d5b1d1,door,door,structure,intact,no_visible_damage,1079.43,420.12,1162.19,679.25,82.76,259.13,21445.60,0,manual,
HCVAT_B4DCE3EEE820E57D,122,4,commons_52208947.jpg,4578ec333c11826856868c8794a39027faa9e7ec913add4bff2f38f6b5d5b1d1,windshield,windshield,structure,intact,no_visible_damage,1378.35,505.27,1600.00,645.34,221.65,140.07,31046.52,0,manual,
HCVAT_6B15740A0B8B0431,122,5,commons_52208947.jpg,4578ec333c11826856868c8794a39027faa9e7ec913add4bff2f38f6b5d5b1d1,wheel_tire,wheel_tire,mobility,intact,no_visible_damage,409.77,788.48,582.05,893.35,172.28,104.87,18067.00,0,manual,
HCVAT_42231E4CC88F85F5,122,6,commons_52208947.jpg,4578ec333c11826856868c8794a39027faa9e7ec913add4bff2f38f6b5d5b1d1,weapons_station,weapon_station,mission_equipment,intact,no_visible_damage,845.20,116.20,1013.66,372.91,168.46,256.71,43245.37,0,manual,
HCVAT_2BF7D1A12B750AB5,122,7,commons_52208947.jpg,4578ec333c11826856868c8794a39027faa9e7ec913add4bff2f38f6b5d5b1d1,engine_bay,engine_bay,structure,intact,no_visible_damage,41.76,427.15,459.16,615.15,417.40,188.00,78471.20,0,manual,
HCVAT_FE6E9AEAFB315090,122,8,commons_52208947.jpg,4578ec333c11826856868c8794a39027faa9e7ec913add4bff2f38f6b5d5b1d1,weapons_station,weapon_station,mission_equipment,intact,no_visible_damage,473.71,247.16,739.68,369.35,265.97,122.19,32498.87,0,manual,
HCVAT_BC8D6B98EA779D10,122,9,commons_52208947.jpg,4578ec333c11826856868c8794a39027faa9e7ec913add4bff2f38f6b5d5b1d1,engine_bay,engine_bay,structure,intact,no_visible_damage,367.95,513.88,911.24,746.63,543.29,232.75,126450.75,0,manual,
HCVAT_B9839CC924034868,122,10,commons_52208947.jpg,4578ec333c11826856868c8794a39027faa9e7ec913add4bff2f38f6b5d5b1d1,wheel_tire,wheel_tire,mobility,intact,no_visible_damage,1237.18,809.88,1360.16,1033.80,122.98,223.92,27537.68,0,manual,
HCVAT_ED7C5C8537349413,122,11,commons_52208947.jpg,4578ec333c11826856868c8794a39027faa9e7ec913add4bff2f38f6b5d5b1d1,wheel_tire,wheel_tire,mobility,intact,no_visible_damage,119.14,691.86,289.92,781.74,170.78,89.88,15349.71,0,manual,
HCVAT_F310F8D058A3240D,122,12,commons_52208947.jpg,4578ec333c11826856868c8794a39027faa9e7ec913add4bff2f38f6b5d5b1d1,wheel_tire,wheel_tire,mobility,intact,no_visible_damage,767.99,683.96,984.78,1006.24,216.79,322.28,69867.08,0,manual,
HCVAT_992E10C0FD62CB5B,122,13,commons_52208947.jpg,4578ec333c11826856868c8794a39027faa9e7ec913add4bff2f38f6b5d5b1d1,weapons_station,weapon_station,mission_equipment,intact,no_visible_damage,28.89,329.80,287.38,396.94,258.49,67.14,17355.02,0,manual,
HCVAT_545D62CBAF22BA9D,122,14,commons_52208947.jpg,4578ec333c11826856868c8794a39027faa9e7ec913add4bff2f38f6b5d5b1d1,door,door,structure,intact,no_visible_damage,949.87,396.72,1092.39,710.18,142.52,313.46,44674.32,0,manual,
HCVAT_92F92AA79CE64271,122,15,commons_52208947.jpg,4578ec333c11826856868c8794a39027faa9e7ec913add4bff2f38f6b5d5b1d1,engine_bay,engine_bay,structure,intact,no_visible_damage,1276.61,643.60,1600.00,931.33,323.39,287.73,93049.00,0,manual,
HCVAT_1AE2BFD8BC5C74DA,122,16,commons_52208947.jpg,4578ec333c11826856868c8794a39027faa9e7ec913add4bff2f38f6b5d5b1d1,wheel_tire,wheel_tire,mobility,intact,no_visible_damage,1141.79,628.15,1236.70,811.68,94.91,183.53,17418.83,0,manual,
HCVAT_B4EFC241E1DB8147,122,17,commons_52208947.jpg,4578ec333c11826856868c8794a39027faa9e7ec913add4bff2f38f6b5d5b1d1,wheel_tire,wheel_tire,mobility,intact,no_visible_damage,292.17,611.71,409.02,835.67,116.85,223.96,26169.73,0,manual,
HCVAT_C58C5960BCE5F29C,122,18,commons_52208947.jpg,4578ec333c11826856868c8794a39027faa9e7ec913add4bff2f38f6b5d5b1d1,door,door,structure,intact,no_visible_damage,486.05,336.72,608.74,535.90,122.69,199.18,24437.39,0,manual,
HCVAT_C390E748625D7D4B,122,19,commons_52208947.jpg,4578ec333c11826856868c8794a39027faa9e7ec913add4bff2f38f6b5d5b1d1,windshield,windshield,structure,intact,no_visible_damage,597.49,385.16,958.02,505.63,360.53,120.47,43433.05,0,manual,
HCVAT_EE8F750AB11D9AE1,123,1,commons_52358471.jpg,7c0c261b1b5cb96fad81015452db92c9dcd46332cc153315c404e2e488e77bc7,comms_equipment,comms_equipment,mission_equipment,intact,no_visible_damage,1230.36,331.29,1238.39,611.37,8.03,280.08,2249.04,0,manual,
HCVAT_CDD455C87B85C8C7,123,2,commons_52358471.jpg,7c0c261b1b5cb96fad81015452db92c9dcd46332cc153315c404e2e488e77bc7,door,door,structure,intact,no_visible_damage,1030.61,903.45,1233.23,1231.32,202.62,327.87,66433.02,0,manual,
HCVAT_D113B8FA553C98BA,123,3,commons_52358471.jpg,7c0c261b1b5cb96fad81015452db92c9dcd46332cc153315c404e2e488e77bc7,engine_bay,engine_bay,structure,intact,no_visible_damage,483.30,710.80,1201.49,1048.10,718.19,337.30,242245.49,0,manual,
HCVAT_069ED2251442F003,123,4,commons_52358471.jpg,7c0c261b1b5cb96fad81015452db92c9dcd46332cc153315c404e2e488e77bc7,door,door,structure,intact,no_visible_damage,1307.42,830.78,1410.33,1023.11,102.91,192.33,19792.68,0,manual,
HCVAT_02AA7BA99F9E938A,123,5,commons_52358471.jpg,7c0c261b1b5cb96fad81015452db92c9dcd46332cc153315c404e2e488e77bc7,door,door,structure,intact,no_visible_damage,1264.45,633.68,1312.52,888.73,48.07,255.05,12260.25,0,manual,
HCVAT_1A76230318081DE2,123,6,commons_52358471.jpg,7c0c261b1b5cb96fad81015452db92c9dcd46332cc153315c404e2e488e77bc7,door,door,structure,intact,no_visible_damage,541.61,982.43,759.39,1142.77,217.78,160.34,34918.85,0,manual,
HCVAT_E28D7DCE46E143BE,123,7,commons_52358471.jpg,7c0c261b1b5cb96fad81015452db92c9dcd46332cc153315c404e2e488e77bc7,comms_equipment,comms_equipment,mission_equipment,intact,no_visible_damage,1374.99,147.66,1393.40,613.32,18.41,465.66,8572.80,0,manual,
HCVAT_F2B949604D8D6D79,123,8,commons_52358471.jpg,7c0c261b1b5cb96fad81015452db92c9dcd46332cc153315c404e2e488e77bc7,comms_equipment,comms_equipment,mission_equipment,intact,no_visible_damage,1058.43,39.82,1117.87,950.54,59.44,910.72,54133.20,0,manual,
HCVAT_139C3F7F95D3FC88,123,9,commons_52358471.jpg,7c0c261b1b5cb96fad81015452db92c9dcd46332cc153315c404e2e488e77bc7,comms_equipment,comms_equipment,mission_equipment,intact,no_visible_damage,1147.06,636.41,1231.55,711.99,84.49,75.58,6385.75,0,manual,
HCVAT_0CBD7ABADECEF5E6,123,10,commons_52358471.jpg,7c0c261b1b5cb96fad81015452db92c9dcd46332cc153315c404e2e488e77bc7,windshield,windshield,structure,intact,no_visible_damage,834.02,624.42,1176.32,716.11,342.30,91.69,31385.49,0,manual,
HCVAT_525E2404DFDE17B5,123,11,commons_52358471.jpg,7c0c261b1b5cb96fad81015452db92c9dcd46332cc153315c404e2e488e77bc7,weapons_station,weapon_station,mission_equipment,intact,no_visible_damage,950.40,395.63,1188.15,606.57,237.75,210.94,50150.99,0,manual,
HCVAT_26906758C444AED4,123,12,commons_52358471.jpg,7c0c261b1b5cb96fad81015452db92c9dcd46332cc153315c404e2e488e77bc7,door,door,structure,intact,no_visible_damage,1207.92,625.22,1264.89,903.00,56.97,277.78,15825.13,0,manual,
HCVAT_4708BDB0239B16E0,124,1,commons_52358481.jpg,9bb6f2fb0f46873a784f6cbafcb63a17ee01e80c8270d42af30c10fc7ace1c40,weapons_station,weapon_station,mission_equipment,intact,no_visible_damage,568.99,216.80,1006.54,485.78,437.55,268.98,117692.20,0,manual,
HCVAT_0AC82108539A9E60,124,2,commons_52358481.jpg,9bb6f2fb0f46873a784f6cbafcb63a17ee01e80c8270d42af30c10fc7ace1c40,comms_equipment,comms_equipment,mission_equipment,intact,no_visible_damage,403.35,115.89,454.66,479.10,51.31,363.21,18636.31,0,manual,
HCVAT_36A7837D61F04B8B,124,3,commons_52358481.jpg,9bb6f2fb0f46873a784f6cbafcb63a17ee01e80c8270d42af30c10fc7ace1c40,comms_equipment,comms_equipment,mission_equipment,intact,no_visible_damage,1281.26,35.92,1329.30,790.27,48.04,754.35,36238.97,0,manual,
HCVAT_3DF14F37E3549CAA,124,4,commons_52358481.jpg,9bb6f2fb0f46873a784f6cbafcb63a17ee01e80c8270d42af30c10fc7ace1c40,comms_equipment,comms_equipment,mission_equipment,intact,no_visible_damage,462.60,230.62,497.32,504.40,34.72,273.78,9505.64,0,manual,
HCVAT_90AA1431162CE97D,124,5,commons_52358481.jpg,9bb6f2fb0f46873a784f6cbafcb63a17ee01e80c8270d42af30c10fc7ace1c40,windshield,windshield,structure,intact,no_visible_damage,588.87,478.25,894.83,551.58,305.96,73.33,22436.05,0,manual,
HCVAT_F00E304E0A82793F,124,6,commons_52358481.jpg,9bb6f2fb0f46873a784f6cbafcb63a17ee01e80c8270d42af30c10fc7ace1c40,wheel_tire,wheel_tire,mobility,intact,no_visible_damage,219.95,773.94,360.34,1009.51,140.39,235.57,33071.67,0,manual,
HCVAT_93E8C26BFF737663,124,7,commons_52358481.jpg,9bb6f2fb0f46873a784f6cbafcb63a17ee01e80c8270d42af30c10fc7ace1c40,wheel_tire,wheel_tire,mobility,intact,no_visible_damage,1000.20,887.39,1288.20,1096.67,288.00,209.28,60272.64,0,manual,
HCVAT_B8FCA71E432EE10B,124,8,commons_52358481.jpg,9bb6f2fb0f46873a784f6cbafcb63a17ee01e80c8270d42af30c10fc7ace1c40,door,door,structure,intact,no_visible_damage,367.72,529.95,444.97,829.74,77.25,299.79,23158.78,0,manual,
HCVAT_3C38C4254D3E1558,124,9,commons_52358481.jpg,9bb6f2fb0f46873a784f6cbafcb63a17ee01e80c8270d42af30c10fc7ace1c40,door,door,structure,intact,no_visible_damage,436.90,477.49,569.50,833.78,132.60,356.29,47244.05,0,manual,
HCVAT_23C3C7CCA146AC2D,124,10,commons_52358481.jpg,9bb6f2fb0f46873a784f6cbafcb63a17ee01e80c8270d42af30c10fc7ace1c40,wheel_tire,wheel_tire,mobility,intact,no_visible_damage,480.52,744.37,857.10,1189.09,376.58,444.72,167472.66,0,manual,
HCVAT_5F7EDB3EF8E65BBB,124,11,commons_52358481.jpg,9bb6f2fb0f46873a784f6cbafcb63a17ee01e80c8270d42af30c10fc7ace1c40,engine_bay,engine_bay,structure,intact,no_visible_damage,582.14,539.58,1383.00,886.90,800.86,347.32,278154.70,0,manual,
HCVAT_4B3EAAB380C63723,125,1,commons_52400121.jpg,e1e2dc138c7141f8190fc9a37c8a14f755ea310a8789091ebb851e59c7cfe8e2,weapons_station,weapon_station,mission_equipment,intact,no_visible_damage,648.45,441.39,1008.04,636.47,359.59,195.08,70148.82,0,manual,
HCVAT_8A54DEBD740DCAC7,125,2,commons_52400121.jpg,e1e2dc138c7141f8190fc9a37c8a14f755ea310a8789091ebb851e59c7cfe8e2,wheel_tire,wheel_tire,mobility,intact,no_visible_damage,1019.48,880.77,1175.20,1076.79,155.72,196.02,30524.23,0,manual,
HCVAT_9C8B0B7C8611DC4F,125,3,commons_52400121.jpg,e1e2dc138c7141f8190fc9a37c8a14f755ea310a8789091ebb851e59c7cfe8e2,comms_equipment,comms_equipment,mission_equipment,intact,no_visible_damage,1122.22,145.81,1189.73,631.82,67.51,486.01,32810.54,0,manual,
HCVAT_5D7F173F3619D70A,125,4,commons_52400121.jpg,e1e2dc138c7141f8190fc9a37c8a14f755ea310a8789091ebb851e59c7cfe8e2,door,door,structure,intact,no_visible_damage,806.94,633.64,931.68,901.80,124.74,268.16,33450.28,0,manual,
HCVAT_30BBD10B01BED949,125,5,commons_52400121.jpg,e1e2dc138c7141f8190fc9a37c8a14f755ea310a8789091ebb851e59c7cfe8e2,comms_equipment,comms_equipment,mission_equipment,intact,no_visible_damage,735.82,632.30,802.86,700.54,67.04,68.24,4574.81,0,manual,
HCVAT_FF8E407024726F0B,125,6,commons_52400121.jpg,e1e2dc138c7141f8190fc9a37c8a14f755ea310a8789091ebb851e59c7cfe8e2,comms_equipment,comms_equipment,mission_equipment,intact,no_visible_damage,617.12,225.20,635.40,823.11,18.28,597.91,10929.79,0,manual,
HCVAT_3666D087C99C7AD9,125,7,commons_52400121.jpg,e1e2dc138c7141f8190fc9a37c8a14f755ea310a8789091ebb851e59c7cfe8e2,windshield,windshield,structure,intact,no_visible_damage,510.64,623.12,803.48,714.42,292.84,91.30,26736.29,0,manual,
HCVAT_BA5A884569654DD1,125,8,commons_52400121.jpg,e1e2dc138c7141f8190fc9a37c8a14f755ea310a8789091ebb851e59c7cfe8e2,engine_bay,engine_bay,structure,intact,no_visible_damage,243.40,695.01,754.91,906.30,511.51,211.29,108076.95,0,manual,
HCVAT_45B8B9FD43044403,125,9,commons_52400121.jpg,e1e2dc138c7141f8190fc9a37c8a14f755ea310a8789091ebb851e59c7cfe8e2,wheel_tire,wheel_tire,mobility,intact,no_visible_damage,283.31,909.59,478.18,1060.64,194.87,151.05,29435.11,0,manual,
HCVAT_F87674E59F96466C,125,10,commons_52400121.jpg,e1e2dc138c7141f8190fc9a37c8a14f755ea310a8789091ebb851e59c7cfe8e2,wheel_tire,wheel_tire,mobility,intact,no_visible_damage,608.47,862.32,807.38,1103.31,198.91,240.99,47935.32,0,manual,
HCVAT_C715F05BC0BE0B67,125,11,commons_52400121.jpg,e1e2dc138c7141f8190fc9a37c8a14f755ea310a8789091ebb851e59c7cfe8e2,door,door,structure,intact,no_visible_damage,921.01,641.65,1042.41,909.14,121.40,267.49,32473.29,0,manual,
HCVAT_CB46CB713A69C07D,126,1,commons_52400122.jpg,d1a3af269e6db98f2cc0356422aedb741d74610c33db8b9520a6ba678c2a1502,comms_equipment,comms_equipment,mission_equipment,intact,no_visible_damage,862.55,401.04,894.32,822.48,31.77,421.44,13389.15,0,manual,
HCVAT_495DD224DE685F07,126,2,commons_52400122.jpg,d1a3af269e6db98f2cc0356422aedb741d74610c33db8b9520a6ba678c2a1502,windshield,windshield,structure,intact,no_visible_damage,620.68,516.20,993.96,619.79,373.28,103.59,38668.08,0,manual,
HCVAT_ED5FA003214DD35F,126,3,commons_52400122.jpg,d1a3af269e6db98f2cc0356422aedb741d74610c33db8b9520a6ba678c2a1502,door,door,structure,intact,no_visible_damage,485.75,525.13,620.68,864.47,134.93,339.34,45787.15,0,manual,
HCVAT_D71A24F9990EC3CD,126,4,commons_52400122.jpg,d1a3af269e6db98f2cc0356422aedb741d74610c33db8b9520a6ba678c2a1502,door,door,structure,intact,no_visible_damage,359.83,528.70,499.23,853.75,139.40,325.05,45311.97,0,manual,
HCVAT_516D8685F1F412D3,126,5,commons_52400122.jpg,d1a3af269e6db98f2cc0356422aedb741d74610c33db8b9520a6ba678c2a1502,wheel_tire,wheel_tire,mobility,intact,no_visible_damage,202.75,780.53,383.14,1032.36,180.39,251.83,45427.61,0,manual,
HCVAT_3BE3A9099A0CA19F,126,6,commons_52400122.jpg,d1a3af269e6db98f2cc0356422aedb741d74610c33db8b9520a6ba678c2a1502,wheel_tire,wheel_tire,mobility,intact,no_visible_damage,605.16,803.74,892.66,1119.93,287.50,316.19,90904.63,0,manual,
HCVAT_B4DBF4C502F00250,126,7,commons_52400122.jpg,d1a3af269e6db98f2cc0356422aedb741d74610c33db8b9520a6ba678c2a1502,engine_bay,engine_bay,structure,intact,no_visible_damage,672.47,616.22,1359.20,917.16,686.73,300.94,206664.53,0,manual,
HCVAT_6FA6310831E6AF55,126,8,commons_52400122.jpg,d1a3af269e6db98f2cc0356422aedb741d74610c33db8b9520a6ba678c2a1502,comms_equipment,comms_equipment,mission_equipment,intact,no_visible_damage,1299.56,227.51,1337.66,807.49,38.10,579.98,22097.24,0,manual,
HCVAT_95B616FF2EC58F39,126,9,commons_52400122.jpg,d1a3af269e6db98f2cc0356422aedb741d74610c33db8b9520a6ba678c2a1502,comms_equipment,comms_equipment,mission_equipment,intact,no_visible_damage,183.98,237.88,197.87,510.00,13.89,272.12,3779.75,0,manual,
HCVAT_C11A7C76FB904476,126,10,commons_52400122.jpg,d1a3af269e6db98f2cc0356422aedb741d74610c33db8b9520a6ba678c2a1502,wheel_tire,wheel_tire,mobility,intact,no_visible_damage,1047.35,887.12,1305.57,1063.23,258.22,176.11,45475.12,0,manual,
HCVAT_17DBFDF3E52E060D,126,11,commons_52400122.jpg,d1a3af269e6db98f2cc0356422aedb741d74610c33db8b9520a6ba678c2a1502,weapons_station,weapon_station,mission_equipment,intact,no_visible_damage,447.44,279.55,875.19,508.20,427.75,228.65,97805.04,0,manual,
HCVAT_598214A782017CC2,127,1,commons_52400123.jpg,04cee8ccdd707c25fb84501411d824e7dc5fe63a65cf7607a4c7996176ca171a,wheel_tire,wheel_tire,mobility,intact,no_visible_damage,739.97,878.94,1033.41,1196.15,293.44,317.21,93082.10,0,manual,
HCVAT_3466A59D3EF4E003,127,2,commons_52400123.jpg,04cee8ccdd707c25fb84501411d824e7dc5fe63a65cf7607a4c7996176ca171a,wheel_tire,wheel_tire,mobility,intact,no_visible_damage,1035.48,975.03,1244.19,1092.82,208.71,117.79,24583.95,0,manual,
HCVAT_A63D056AEA2A253D,127,3,commons_52400123.jpg,04cee8ccdd707c25fb84501411d824e7dc5fe63a65cf7607a4c7996176ca171a,comms_equipment,comms_equipment,mission_equipment,intact,no_visible_damage,1225.59,270.29,1241.60,545.12,16.01,274.83,4400.03,0,manual,
HCVAT_658715EEE259F8FD,127,4,commons_52400123.jpg,04cee8ccdd707c25fb84501411d824e7dc5fe63a65cf7607a4c7996176ca171a,wheel_tire,wheel_tire,mobility,intact,no_visible_damage,322.55,837.61,471.33,1038.06,148.78,200.45,29822.95,0,manual,
HCVAT_C19F0E02C1E0ED3B,127,5,commons_52400123.jpg,04cee8ccdd707c25fb84501411d824e7dc5fe63a65cf7607a4c7996176ca171a,comms_equipment,comms_equipment,mission_equipment,intact,no_visible_damage,329.73,338.27,346.41,832.62,16.68,494.35,8245.76,0,manual,
HCVAT_979B6F180D5BFD9A,127,6,commons_52400123.jpg,04cee8ccdd707c25fb84501411d824e7dc5fe63a65cf7607a4c7996176ca171a,comms_equipment,comms_equipment,mission_equipment,intact,no_visible_damage,927.41,0.07,950.76,507.10,23.35,507.03,11839.15,0,manual,
HCVAT_EF6A7F24E1D6999E,127,7,commons_52400123.jpg,04cee8ccdd707c25fb84501411d824e7dc5fe63a65cf7607a4c7996176ca171a,weapons_station,weapon_station,mission_equipment,intact,no_visible_damage,646.58,399.70,1040.15,600.49,393.57,200.79,79024.92,0,manual,
HCVAT_CE6AB06777D628B9,127,8,commons_52400123.jpg,04cee8ccdd707c25fb84501411d824e7dc5fe63a65cf7607a4c7996176ca171a,door,door,structure,intact,no_visible_damage,626.20,614.40,812.30,918.21,186.10,303.81,56539.04,0,manual,
HCVAT_DB1A6714E034D00E,127,9,commons_52400123.jpg,04cee8ccdd707c25fb84501411d824e7dc5fe63a65cf7607a4c7996176ca171a,door,door,structure,intact,no_visible_damage,517.83,626.83,665.58,902.71,147.75,275.88,40761.27,0,manual,
HCVAT_414E804BD16AC9A2,128,1,commons_52400124.jpg,d186a960155445b93f27dc090b257d93052739f5bc22881361d5f2b743938d53,wheel_tire,wheel_tire,mobility,intact,no_visible_damage,468.03,743.90,651.94,862.09,183.91,118.19,21736.32,0,manual,
HCVAT_AD0BD70161D3C5E7,128,2,commons_52400124.jpg,d186a960155445b93f27dc090b257d93052739f5bc22881361d5f2b743938d53,door,door,structure,intact,no_visible_damage,965.57,327.07,1183.50,602.07,217.93,275.00,59930.75,0,manual,
HCVAT_D60B471F55794007,128,3,commons_52400124.jpg,d186a960155445b93f27dc090b257d93052739f5bc22881361d5f2b743938d53,wheel_tire,wheel_tire,mobility,intact,no_visible_damage,1025.82,658.23,1205.18,760.85,179.36,102.62,18405.92,0,manual,
HCVAT_12475D4619B60CD2,128,4,commons_52400124.jpg,d186a960155445b93f27dc090b257d93052739f5bc22881361d5f2b743938d53,wheel_tire,wheel_tire,mobility,intact,no_visible_damage,1253.61,550.99,1454.81,756.24,201.20,205.25,41296.30,0,manual,
HCVAT_470E7C0DB80F9E80,128,5,commons_52400124.jpg,d186a960155445b93f27dc090b257d93052739f5bc22881361d5f2b743938d53,wheel_tire,wheel_tire,mobility,intact,no_visible_damage,635.00,619.09,903.64,893.93,268.64,274.84,73833.02,0,manual,
HCVAT_EC47FB43A7BA41A1,128,6,commons_52400124.jpg,d186a960155445b93f27dc090b257d93052739f5bc22881361d5f2b743938d53,door,door,structure,intact,no_visible_damage,801.26,338.60,1039.37,628.02,238.11,289.42,68913.80,0,manual,
HCVAT_35DFB596414E9273,129,1,commons_52540677.jpg,80340b55cca6727ab9b3ca1a2af0ddd6fc62f038284993181a66d0b74b64de35,engine_bay,engine_bay,structure,intact,no_visible_damage,356.15,298.79,1324.24,923.08,968.09,624.29,604368.91,0,manual,
HCVAT_176DCEAE82400022,129,2,commons_52540677.jpg,80340b55cca6727ab9b3ca1a2af0ddd6fc62f038284993181a66d0b74b64de35,windshield,windshield,structure,intact,no_visible_damage,0.00,595.11,164.71,696.73,164.71,101.62,16737.83,0,manual,
HCVAT_BF05B99ED85E3355,129,3,commons_52540677.jpg,80340b55cca6727ab9b3ca1a2af0ddd6fc62f038284993181a66d0b74b64de35,wheel_tire,wheel_tire,mobility,intact,no_visible_damage,493.28,887.24,843.02,1213.51,349.74,326.27,114109.67,0,manual,
HCVAT_FB9D0D7F371C17FC,129,4,commons_52540677.jpg,80340b55cca6727ab9b3ca1a2af0ddd6fc62f038284993181a66d0b74b64de35,wheel_tire,wheel_tire,mobility,intact,no_visible_damage,318.07,994.37,559.61,1256.36,241.54,261.99,63281.06,0,manual,
HCVAT_FF33BAE9DC4BDDD4,129,5,commons_52540677.jpg,80340b55cca6727ab9b3ca1a2af0ddd6fc62f038284993181a66d0b74b64de35,door,door,structure,intact,no_visible_damage,263.76,593.80,479.34,1025.91,215.58,432.11,93154.27,0,manual,
HCVAT_2E56B1E774C60868,129,6,commons_52540677.jpg,80340b55cca6727ab9b3ca1a2af0ddd6fc62f038284993181a66d0b74b64de35,wheel_tire,wheel_tire,mobility,intact,no_visible_damage,1134.13,543.44,1438.10,951.52,303.97,408.08,124044.08,0,manual,
HCVAT_00321160B16C70FE,129,7,commons_52540677.jpg,80340b55cca6727ab9b3ca1a2af0ddd6fc62f038284993181a66d0b74b64de35,comms_equipment,comms_equipment,mission_equipment,intact,no_visible_damage,907.69,277.24,992.24,342.99,84.55,65.75,5559.16,0,manual,
HCVAT_4AB0B27D53B804B8,129,8,commons_52540677.jpg,80340b55cca6727ab9b3ca1a2af0ddd6fc62f038284993181a66d0b74b64de35,comms_equipment,comms_equipment,mission_equipment,intact,no_visible_damage,164.45,611.22,190.68,630.21,26.23,18.99,498.11,0,manual,
HCVAT_701B7B099E1F7D99,129,9,commons_52540677.jpg,80340b55cca6727ab9b3ca1a2af0ddd6fc62f038284993181a66d0b74b64de35,windshield,windshield,structure,intact,no_visible_damage,360.27,296.91,898.04,618.07,537.77,321.16,172710.21,0,manual,
HCVAT_C66A732822B02B45,129,10,commons_52540677.jpg,80340b55cca6727ab9b3ca1a2af0ddd6fc62f038284993181a66d0b74b64de35,wheel_tire,wheel_tire,mobility,intact,no_visible_damage,22.17,805.89,100.09,899.21,77.92,93.32,7271.49,0,manual,
HCVAT_E3ED331302D368B2,129,11,commons_52540677.jpg,80340b55cca6727ab9b3ca1a2af0ddd6fc62f038284993181a66d0b74b64de35,wheel_tire,wheel_tire,mobility,intact,no_visible_damage,946.16,843.41,1117.67,1017.75,171.51,174.34,29901.05,0,manual,
HCVAT_FB50956B0FC796F9,129,12,commons_52540677.jpg,80340b55cca6727ab9b3ca1a2af0ddd6fc62f038284993181a66d0b74b64de35,engine_bay,engine_bay,structure,intact,no_visible_damage,0.00,626.63,251.10,812.50,251.10,185.87,46671.96,0,manual,
HCVAT_7F7F0BB75FBB3CCF,130,1,commons_53183995.jpg,610a256e56432068282b4ff06aab5b2387b11e26d60eb2ef41d03b03bd6b59ed,windshield,windshield,structure,intact,no_visible_damage,358.76,373.11,614.38,445.36,255.62,72.25,18468.55,0,manual,
HCVAT_768A0897564DF26D,130,2,commons_53183995.jpg,610a256e56432068282b4ff06aab5b2387b11e26d60eb2ef41d03b03bd6b59ed,wheel_tire,wheel_tire,mobility,intact,no_visible_damage,643.28,625.24,758.88,733.87,115.60,108.63,12557.63,0,manual,
HCVAT_09949C7B1C116820,130,3,commons_53183995.jpg,610a256e56432068282b4ff06aab5b2387b11e26d60eb2ef41d03b03bd6b59ed,wheel_tire,wheel_tire,mobility,intact,no_visible_damage,243.66,618.76,338.83,762.77,95.17,144.01,13705.43,0,manual,
HCVAT_372F31268CF19501,130,4,commons_53183995.jpg,610a256e56432068282b4ff06aab5b2387b11e26d60eb2ef41d03b03bd6b59ed,comms_equipment,comms_equipment,mission_equipment,intact,no_visible_damage,641.79,404.50,693.11,450.35,51.32,45.85,2353.02,0,manual,
HCVAT_B0C79905BA4B8D83,130,5,commons_53183995.jpg,610a256e56432068282b4ff06aab5b2387b11e26d60eb2ef41d03b03bd6b59ed,engine_bay,engine_bay,structure,intact,no_visible_damage,240.17,432.91,780.31,638.20,540.14,205.29,110885.34,0,manual,
HCVAT_8921DCE477645F92,131,1,commons_53326023.jpg,25d4819d040b507dc675882db09619520bee87891464082b89e9fe04e572b73c,comms_equipment,comms_equipment,mission_equipment,intact,no_visible_damage,800.39,560.81,823.74,635.32,23.35,74.51,1739.81,0,manual,
HCVAT_6712E82401D7277D,131,2,commons_53326023.jpg,25d4819d040b507dc675882db09619520bee87891464082b89e9fe04e572b73c,comms_equipment,comms_equipment,mission_equipment,intact,no_visible_damage,1181.86,665.89,1246.88,726.61,65.02,60.72,3948.01,0,manual,
HCVAT_D6FF90BEAF9768F5,131,3,commons_53326023.jpg,25d4819d040b507dc675882db09619520bee87891464082b89e9fe04e572b73c,engine_bay,engine_bay,structure,intact,no_visible_damage,731.54,726.30,1274.90,946.26,543.36,219.96,119517.47,0,manual,
HCVAT_A4EDBFDC405D4E13,131,4,commons_53326023.jpg,25d4819d040b507dc675882db09619520bee87891464082b89e9fe04e572b73c,comms_equipment,comms_equipment,mission_equipment,intact,no_visible_damage,861.53,569.98,872.12,634.76,10.59,64.78,686.02,0,manual,
HCVAT_3536B1C91201EBCC,131,5,commons_53326023.jpg,25d4819d040b507dc675882db09619520bee87891464082b89e9fe04e572b73c,wheel_tire,wheel_tire,mobility,intact,no_visible_damage,742.35,925.42,828.79,1087.50,86.44,162.08,14010.20,0,manual,
HCVAT_13383A070B86C5F3,131,6,commons_53326023.jpg,25d4819d040b507dc675882db09619520bee87891464082b89e9fe04e572b73c,comms_equipment,comms_equipment,mission_equipment,intact,no_visible_damage,1185.61,150.78,1197.07,625.14,11.46,474.36,5436.17,0,manual,
HCVAT_16C77581D771187B,131,7,commons_53326023.jpg,25d4819d040b507dc675882db09619520bee87891464082b89e9fe04e572b73c,wheel_tire,wheel_tire,mobility,intact,no_visible_damage,1176.11,931.60,1265.64,1088.27,89.53,156.67,14026.67,0,manual,
HCVAT_483758000D74EFCE,131,8,commons_53326023.jpg,25d4819d040b507dc675882db09619520bee87891464082b89e9fe04e572b73c,weapons_station,weapon_station,mission_equipment,intact,no_visible_damage,932.21,453.08,1095.84,626.73,163.63,173.65,28414.35,0,manual,
HCVAT_2C282F243ABA78E2,131,9,commons_53326023.jpg,25d4819d040b507dc675882db09619520bee87891464082b89e9fe04e572b73c,comms_equipment,comms_equipment,mission_equipment,intact,no_visible_damage,1237.85,258.35,1266.41,877.34,28.56,618.99,17678.35,0,manual,
HCVAT_236BA4CBAD67E837,131,10,commons_53326023.jpg,25d4819d040b507dc675882db09619520bee87891464082b89e9fe04e572b73c,comms_equipment,comms_equipment,mission_equipment,intact,no_visible_damage,996.76,302.26,1003.24,452.24,6.48,149.98,971.87,0,manual,
HCVAT_1C77EC2D23BEF428,131,11,commons_53326023.jpg,25d4819d040b507dc675882db09619520bee87891464082b89e9fe04e572b73c,windshield,windshield,structure,intact,no_visible_damage,837.30,639.85,1168.39,723.21,331.09,83.36,27599.66,0,manual,
HCVAT_4D2832F5F447AC6C,132,1,commons_53326024.jpg,c99249c5b382a562ac22549dc216f7a812229dea681253608a2f6325b7d59595,engine_bay,engine_bay,structure,intact,no_visible_damage,35.20,254.64,1077.93,680.70,1042.73,426.06,444265.54,0,manual,
HCVAT_C3D920C9BB897D38,132,2,commons_53326024.jpg,c99249c5b382a562ac22549dc216f7a812229dea681253608a2f6325b7d59595,wheel_tire,wheel_tire,mobility,intact,no_visible_damage,97.74,648.27,343.17,1026.45,245.43,378.18,92816.72,0,manual,
HCVAT_16D11A1230ED3859,132,3,commons_53326024.jpg,c99249c5b382a562ac22549dc216f7a812229dea681253608a2f6325b7d59595,windshield,windshield,structure,intact,no_visible_damage,417.27,111.86,1014.64,253.90,597.37,142.04,84850.43,0,manual,
HCVAT_CA543A9F1997B857,132,4,commons_53326024.jpg,c99249c5b382a562ac22549dc216f7a812229dea681253608a2f6325b7d59595,wheel_tire,wheel_tire,mobility,intact,no_visible_damage,832.50,624.34,1104.94,1069.67,272.44,445.33,121325.71,0,manual,
HCVAT_3A5377E35F52C2F9,132,5,commons_53326024.jpg,c99249c5b382a562ac22549dc216f7a812229dea681253608a2f6325b7d59595,windshield,windshield,structure,intact,no_visible_damage,1310.25,189.04,1600.00,323.34,289.75,134.30,38913.42,0,manual,
HCVAT_7CF43993149DB25E,132,6,commons_53326024.jpg,c99249c5b382a562ac22549dc216f7a812229dea681253608a2f6325b7d59595,door,door,structure,intact,no_visible_damage,1055.55,130.38,1203.74,595.01,148.19,464.63,68853.52,0,manual,
HCVAT_F7DDEEA19664B59C,132,7,commons_53326024.jpg,c99249c5b382a562ac22549dc216f7a812229dea681253608a2f6325b7d59595,comms_equipment,comms_equipment,mission_equipment,intact,no_visible_damage,966.44,188.18,1059.16,244.21,92.72,56.03,5195.10,0,manual,
HCVAT_9A09F59E68ADF02D,132,8,commons_53326024.jpg,c99249c5b382a562ac22549dc216f7a812229dea681253608a2f6325b7d59595,wheel_tire,wheel_tire,mobility,intact,no_visible_damage,1167.46,560.28,1347.29,905.28,179.83,345.00,62041.35,0,manual,
HCVAT_29EC632E1C2D5C20,133,1,commons_53326034.jpg,2dfa7424fc644b7be7618c7bdb2b24407020fcd60b2c24e53e9e6fce1566c84a,wheel_tire,wheel_tire,mobility,intact,no_visible_damage,701.15,747.24,836.56,857.97,135.41,110.73,14993.95,0,manual,
HCVAT_2714954459B31009,133,2,commons_53326034.jpg,2dfa7424fc644b7be7618c7bdb2b24407020fcd60b2c24e53e9e6fce1566c84a,engine_bay,engine_bay,structure,intact,no_visible_damage,652.45,549.79,1148.08,791.27,495.63,241.48,119684.73,0,manual,
HCVAT_94F1FFCF9BC8A5D1,133,3,commons_53326034.jpg,2dfa7424fc644b7be7618c7bdb2b24407020fcd60b2c24e53e9e6fce1566c84a,comms_equipment,comms_equipment,mission_equipment,intact,no_visible_damage,1190.25,281.54,1195.83,487.74,5.58,206.20,1150.60,0,manual,
HCVAT_CEEE19BFDF7FC21A,133,4,commons_53326034.jpg,2dfa7424fc644b7be7618c7bdb2b24407020fcd60b2c24e53e9e6fce1566c84a,door,door,structure,intact,no_visible_damage,1202.04,500.43,1246.80,686.54,44.76,186.11,8330.28,0,manual,
HCVAT_32791AC69CE48845,133,5,commons_53326034.jpg,2dfa7424fc644b7be7618c7bdb2b24407020fcd60b2c24e53e9e6fce1566c84a,comms_equipment,comms_equipment,mission_equipment,intact,no_visible_damage,1112.06,503.10,1171.42,555.13,59.36,52.03,3088.50,0,manual,
HCVAT_0A86F6890108BC81,133,6,commons_53326034.jpg,2dfa7424fc644b7be7618c7bdb2b24407020fcd60b2c24e53e9e6fce1566c84a,weapons_station,weapon_station,mission_equipment,intact,no_visible_damage,977.31,331.00,1151.41,480.42,174.10,149.42,26014.02,0,manual,
HCVAT_C0B691DB2C939594,133,7,commons_53326034.jpg,2dfa7424fc644b7be7618c7bdb2b24407020fcd60b2c24e53e9e6fce1566c84a,windshield,windshield,structure,intact,no_visible_damage,900.60,494.43,1136.74,557.13,236.14,62.70,14805.98,0,manual,
HCVAT_FD1FF1E06BF62E8E,133,8,commons_53326034.jpg,2dfa7424fc644b7be7618c7bdb2b24407020fcd60b2c24e53e9e6fce1566c84a,wheel_tire,wheel_tire,mobility,intact,no_visible_damage,1049.35,684.54,1156.75,920.01,107.40,235.47,25289.48,0,manual,
HCVAT_8CCADAB5E61C91C6,133,9,commons_53326034.jpg,2dfa7424fc644b7be7618c7bdb2b24407020fcd60b2c24e53e9e6fce1566c84a,comms_equipment,comms_equipment,mission_equipment,intact,no_visible_damage,1290.37,150.90,1301.16,482.53,10.79,331.63,3578.29,0,manual,
HCVAT_45E60D8B20AE36EA,133,10,commons_53326034.jpg,2dfa7424fc644b7be7618c7bdb2b24407020fcd60b2c24e53e9e6fce1566c84a,comms_equipment,comms_equipment,mission_equipment,intact,no_visible_damage,1035.74,85.65,1083.17,724.69,47.43,639.04,30309.67,0,manual,
HCVAT_3433A84CEF7EA135,133,11,commons_53326034.jpg,2dfa7424fc644b7be7618c7bdb2b24407020fcd60b2c24e53e9e6fce1566c84a,door,door,structure,intact,no_visible_damage,1154.08,493.76,1203.44,701.21,49.36,207.45,10239.73,0,manual,
HCVAT_753D6AAEAD1794FC,133,12,commons_53326034.jpg,2dfa7424fc644b7be7618c7bdb2b24407020fcd60b2c24e53e9e6fce1566c84a,wheel_tire,wheel_tire,mobility,intact,no_visible_damage,1240.06,636.51,1314.17,776.59,74.11,140.08,10381.33,0,manual,
HCVAT_DACF94863767DBB3,134,1,commons_53326041.jpg,61d418855da45b7bb459c6fc05cab2aa8ef2d9a5fe93a3f9e9d3de030f8ac8b4,wheel_tire,wheel_tire,mobility,intact,no_visible_damage,938.78,1083.15,977.22,1135.05,38.44,51.90,1995.04,0,manual,
HCVAT_E1A712EEC2AE9514,134,2,commons_53326041.jpg,61d418855da45b7bb459c6fc05cab2aa8ef2d9a5fe93a3f9e9d3de030f8ac8b4,windshield,windshield,structure,intact,no_visible_damage,984.19,940.89,1122.12,988.47,137.93,47.58,6562.71,0,manual,
HCVAT_A4E7C3E2FD6EA72F,134,3,commons_53326041.jpg,61d418855da45b7bb459c6fc05cab2aa8ef2d9a5fe93a3f9e9d3de030f8ac8b4,wheel_tire,wheel_tire,mobility,intact,no_visible_damage,1110.11,1084.83,1149.52,1106.70,39.41,21.87,861.90,0,manual,
HCVAT_02D621E814C614F9,134,4,commons_53326041.jpg,61d418855da45b7bb459c6fc05cab2aa8ef2d9a5fe93a3f9e9d3de030f8ac8b4,comms_equipment,comms_equipment,mission_equipment,intact,no_visible_damage,238.61,621.10,277.96,841.90,39.35,220.80,8688.48,0,manual,
HCVAT_255FF5DCE73116AF,134,5,commons_53326041.jpg,61d418855da45b7bb459c6fc05cab2aa8ef2d9a5fe93a3f9e9d3de030f8ac8b4,comms_equipment,comms_equipment,mission_equipment,intact,no_visible_damage,971.39,924.63,996.37,1037.03,24.98,112.40,2807.75,0,manual,
HCVAT_A36EFAD79F7553C3,134,6,commons_53326041.jpg,61d418855da45b7bb459c6fc05cab2aa8ef2d9a5fe93a3f9e9d3de030f8ac8b4,door,door,structure,intact,no_visible_damage,632.48,724.96,669.47,909.29,36.99,184.33,6818.37,0,manual,
HCVAT_A99FC3C4FA83B7FF,134,7,commons_53326041.jpg,61d418855da45b7bb459c6fc05cab2aa8ef2d9a5fe93a3f9e9d3de030f8ac8b4,comms_equipment,comms_equipment,mission_equipment,intact,no_visible_damage,487.71,514.46,505.01,593.28,17.30,78.82,1363.59,0,manual,
HCVAT_DC33A74CB6C3CA61,134,8,commons_53326041.jpg,61d418855da45b7bb459c6fc05cab2aa8ef2d9a5fe93a3f9e9d3de030f8ac8b4,door,door,structure,intact,no_visible_damage,648.21,732.69,709.68,918.62,61.47,185.93,11429.12,0,manual,
HCVAT_D9D022312E5FF925,134,9,commons_53326041.jpg,61d418855da45b7bb459c6fc05cab2aa8ef2d9a5fe93a3f9e9d3de030f8ac8b4,comms_equipment,comms_equipment,mission_equipment,intact,no_visible_damage,1148.60,804.57,1192.44,1007.08,43.84,202.51,8878.04,0,manual,
HCVAT_CF0433D718C9FED3,134,10,commons_53326041.jpg,61d418855da45b7bb459c6fc05cab2aa8ef2d9a5fe93a3f9e9d3de030f8ac8b4,wheel_tire,wheel_tire,mobility,intact,no_visible_damage,533.53,878.29,636.72,1053.55,103.19,175.26,18085.08,0,manual,
HCVAT_A53C64ACC7C0B698,134,11,commons_53326041.jpg,61d418855da45b7bb459c6fc05cab2aa8ef2d9a5fe93a3f9e9d3de030f8ac8b4,comms_equipment,comms_equipment,mission_equipment,intact,no_visible_damage,758.36,439.98,805.97,723.74,47.61,283.76,13509.81,0,manual,
HCVAT_5443145F2BC6E7E4,134,12,commons_53326041.jpg,61d418855da45b7bb459c6fc05cab2aa8ef2d9a5fe93a3f9e9d3de030f8ac8b4,weapons_station,weapon_station,mission_equipment,intact,no_visible_damage,468.66,574.05,676.51,711.74,207.85,137.69,28618.87,0,manual,
HCVAT_A9F1FBAE82EE0F65,134,13,commons_53326041.jpg,61d418855da45b7bb459c6fc05cab2aa8ef2d9a5fe93a3f9e9d3de030f8ac8b4,windshield,windshield,structure,intact,no_visible_damage,384.06,696.46,626.51,771.83,242.45,75.37,18273.46,0,manual,
HCVAT_846F15537D37F7F1,134,14,commons_53326041.jpg,61d418855da45b7bb459c6fc05cab2aa8ef2d9a5fe93a3f9e9d3de030f8ac8b4,comms_equipment,comms_equipment,mission_equipment,intact,no_visible_damage,903.63,906.42,922.08,983.99,18.45,77.57,1431.17,0,manual,
HCVAT_C528478D7DEFA805,134,15,commons_53326041.jpg,61d418855da45b7bb459c6fc05cab2aa8ef2d9a5fe93a3f9e9d3de030f8ac8b4,comms_equipment,comms_equipment,mission_equipment,intact,no_visible_damage,559.04,418.65,654.22,887.20,95.18,468.55,44596.59,0,manual,
HCVAT_DBFD62CA08AFB1D5,134,16,commons_53326041.jpg,61d418855da45b7bb459c6fc05cab2aa8ef2d9a5fe93a3f9e9d3de030f8ac8b4,wheel_tire,wheel_tire,mobility,intact,no_visible_damage,671.32,888.67,752.61,1025.88,81.29,137.21,11153.80,0,manual,
HCVAT_C37F438959FD7866,134,17,commons_53326041.jpg,61d418855da45b7bb459c6fc05cab2aa8ef2d9a5fe93a3f9e9d3de030f8ac8b4,wheel_tire,wheel_tire,mobility,intact,no_visible_damage,971.46,1043.74,1020.96,1121.83,49.50,78.09,3865.45,0,manual,
HCVAT_71B33F7BAA498E96,134,18,commons_53326041.jpg,61d418855da45b7bb459c6fc05cab2aa8ef2d9a5fe93a3f9e9d3de030f8ac8b4,wheel_tire,wheel_tire,mobility,intact,no_visible_damage,1159.13,1030.04,1206.95,1098.77,47.82,68.73,3286.67,0,manual,
HCVAT_87BD6A1684735DB6,134,19,commons_53326041.jpg,61d418855da45b7bb459c6fc05cab2aa8ef2d9a5fe93a3f9e9d3de030f8ac8b4,engine_bay,engine_bay,structure,intact,no_visible_damage,217.00,749.76,631.57,931.14,414.57,181.38,75194.71,0,manual,
HCVAT_F327C09B22A7192E,134,20,commons_53326041.jpg,61d418855da45b7bb459c6fc05cab2aa8ef2d9a5fe93a3f9e9d3de030f8ac8b4,engine_bay,engine_bay,structure,intact,no_visible_damage,977.01,963.02,1200.62,1062.74,223.61,99.72,22298.39,0,manual,
HCVAT_21C7BBD7FB011D5B,134,21,commons_53326041.jpg,61d418855da45b7bb459c6fc05cab2aa8ef2d9a5fe93a3f9e9d3de030f8ac8b4,weapons_station,weapon_station,mission_equipment,intact,no_visible_damage,968.79,890.72,1066.94,958.00,98.15,67.28,6603.53,0,manual,
HCVAT_8A93A877DFFEA3BA,134,22,commons_53326041.jpg,61d418855da45b7bb459c6fc05cab2aa8ef2d9a5fe93a3f9e9d3de030f8ac8b4,wheel_tire,wheel_tire,mobility,intact,no_visible_damage,220.47,879.44,332.32,1000.51,111.85,121.07,13541.68,0,manual,
HCVAT_B8EF930623A394B4,135,1,commons_53326042.jpg,ddf1456bb791d2493969e6192dc7a57645f1ba923c1bfd69d83e62c70ab40f5a,wheel_tire,wheel_tire,mobility,intact,no_visible_damage,1254.87,749.22,1287.70,808.20,32.83,58.98,1936.31,0,manual,
HCVAT_AEB54CB7C509ACED,135,2,commons_53326042.jpg,ddf1456bb791d2493969e6192dc7a57645f1ba923c1bfd69d83e62c70ab40f5a,comms_equipment,comms_equipment,mission_equipment,intact,no_visible_damage,1320.34,596.25,1324.65,693.36,4.31,97.11,418.54,0,manual,
HCVAT_7166B114326C60E9,135,3,commons_53326042.jpg,ddf1456bb791d2493969e6192dc7a57645f1ba923c1bfd69d83e62c70ab40f5a,engine_bay,engine_bay,structure,intact,no_visible_damage,492.40,732.84,970.31,930.86,477.91,198.02,94635.74,0,manual,
HCVAT_AE92F3E9A6D904B2,135,4,commons_53326042.jpg,ddf1456bb791d2493969e6192dc7a57645f1ba923c1bfd69d83e62c70ab40f5a,wheel_tire,wheel_tire,mobility,intact,no_visible_damage,899.48,852.97,982.51,1059.49,83.03,206.52,17147.36,0,manual,
HCVAT_F6D0AB310C05AAC8,135,5,commons_53326042.jpg,ddf1456bb791d2493969e6192dc7a57645f1ba923c1bfd69d83e62c70ab40f5a,wheel_tire,wheel_tire,mobility,intact,no_visible_damage,1151.67,767.08,1187.39,803.22,35.72,36.14,1290.92,0,manual,
HCVAT_9C40DFF264982F12,135,6,commons_53326042.jpg,ddf1456bb791d2493969e6192dc7a57645f1ba923c1bfd69d83e62c70ab40f5a,windshield,windshield,structure,intact,no_visible_damage,1197.76,696.78,1276.68,715.89,78.92,19.11,1508.16,0,manual,
HCVAT_19984F9BF5A89A10,135,7,commons_53326042.jpg,ddf1456bb791d2493969e6192dc7a57645f1ba923c1bfd69d83e62c70ab40f5a,windshield,windshield,structure,intact,no_visible_damage,644.48,666.67,904.30,735.62,259.82,68.95,17914.59,0,manual,
HCVAT_023610C36FF543E7,135,8,commons_53326042.jpg,ddf1456bb791d2493969e6192dc7a57645f1ba923c1bfd69d83e62c70ab40f5a,engine_bay,engine_bay,structure,intact,no_visible_damage,1147.40,717.37,1276.99,771.04,129.59,53.67,6955.10,0,manual,
HCVAT_B3FB30BCE271D298,135,9,commons_53326042.jpg,ddf1456bb791d2493969e6192dc7a57645f1ba923c1bfd69d83e62c70ab40f5a,comms_equipment,comms_equipment,mission_equipment,intact,no_visible_damage,990.31,409.11,1005.30,650.10,14.99,240.99,3612.44,0,manual,
HCVAT_0C4F11BB85574BF2,135,10,commons_53326042.jpg,ddf1456bb791d2493969e6192dc7a57645f1ba923c1bfd69d83e62c70ab40f5a,comms_equipment,comms_equipment,mission_equipment,intact,no_visible_damage,1153.90,679.71,1158.61,752.41,4.71,72.70,342.42,0,manual,
HCVAT_FB5F86B37A5EE372,135,11,commons_53326042.jpg,ddf1456bb791d2493969e6192dc7a57645f1ba923c1bfd69d83e62c70ab40f5a,wheel_tire,wheel_tire,mobility,intact,no_visible_damage,508.02,921.81,617.07,1052.74,109.05,130.93,14277.92,0,manual,
HCVAT_A77B5D3D1334BE24,135,12,commons_53326042.jpg,ddf1456bb791d2493969e6192dc7a57645f1ba923c1bfd69d83e62c70ab40f5a,weapons_station,weapon_station,mission_equipment,intact,no_visible_damage,1221.85,652.96,1287.48,694.91,65.63,41.95,2753.18,0,manual,
HCVAT_1FCF39789945F230,135,13,commons_53326042.jpg,ddf1456bb791d2493969e6192dc7a57645f1ba923c1bfd69d83e62c70ab40f5a,comms_equipment,comms_equipment,mission_equipment,intact,no_visible_damage,501.41,615.51,521.59,870.33,20.18,254.82,5142.27,0,manual,
HCVAT_45A2F8B168E66AFE,135,14,commons_53326042.jpg,ddf1456bb791d2493969e6192dc7a57645f1ba923c1bfd69d83e62c70ab40f5a,comms_equipment,comms_equipment,mission_equipment,intact,no_visible_damage,1259.31,644.35,1269.36,753.85,10.05,109.50,1100.47,0,manual,
HCVAT_1B33F204713F83F0,135,15,commons_53326042.jpg,ddf1456bb791d2493969e6192dc7a57645f1ba923c1bfd69d83e62c70ab40f5a,wheel_tire,wheel_tire,mobility,intact,no_visible_damage,977.65,834.63,1016.29,980.36,38.64,145.73,5631.01,0,manual,
HCVAT_FD0F8AE40B6C4058,135,16,commons_53326042.jpg,ddf1456bb791d2493969e6192dc7a57645f1ba923c1bfd69d83e62c70ab40f5a,comms_equipment,comms_equipment,mission_equipment,intact,no_visible_damage,922.28,277.66,952.83,868.60,30.55,590.94,18053.22,0,manual,
HCVAT_C28D1E025485B717,135,17,commons_53326042.jpg,ddf1456bb791d2493969e6192dc7a57645f1ba923c1bfd69d83e62c70ab40f5a,weapons_station,weapon_station,mission_equipment,intact,no_visible_damage,723.90,518.37,913.77,657.30,189.87,138.93,26378.64,0,manual,
HCVAT_F16CFDCC73458EBC,135,18,commons_53326042.jpg,ddf1456bb791d2493969e6192dc7a57645f1ba923c1bfd69d83e62c70ab40f5a,wheel_tire,wheel_tire,mobility,intact,no_visible_damage,1300.77,750.47,1325.30,796.16,24.53,45.69,1120.78,0,manual,
HCVAT_314258E9D66C9CB5,136,1,commons_53326045.jpg,d7bdf9350a42b9f9c15b402981cc201545a44677d4cc668abc5a1371a95eab93,engine_bay,engine_bay,structure,intact,no_visible_damage,411.31,713.42,1191.77,1016.27,780.46,302.85,236362.31,0,manual,
HCVAT_B4DD00CFB47F8A11,136,2,commons_53326045.jpg,d7bdf9350a42b9f9c15b402981cc201545a44677d4cc668abc5a1371a95eab93,windshield,windshield,structure,intact,no_visible_damage,586.08,610.69,1014.33,714.09,428.25,103.40,44281.05,0,manual,
HCVAT_CCBD50B80E8F40A6,136,3,commons_53326045.jpg,d7bdf9350a42b9f9c15b402981cc201545a44677d4cc668abc5a1371a95eab93,comms_equipment,comms_equipment,mission_equipment,intact,no_visible_damage,1129.40,80.87,1177.03,917.90,47.63,837.03,39867.74,0,manual,
HCVAT_F6850BBF915C7BBA,136,4,commons_53326045.jpg,d7bdf9350a42b9f9c15b402981cc201545a44677d4cc668abc5a1371a95eab93,wheel_tire,wheel_tire,mobility,intact,no_visible_damage,432.66,992.92,564.73,1214.38,132.07,221.46,29248.22,0,manual,
HCVAT_FA506310CF602DF5,136,5,commons_53326045.jpg,d7bdf9350a42b9f9c15b402981cc201545a44677d4cc668abc5a1371a95eab93,wheel_tire,wheel_tire,mobility,intact,no_visible_damage,1027.01,994.92,1179.76,1210.38,152.75,215.46,32911.52,0,manual,
HCVAT_6BA4A8DB6BD34CC8,136,6,commons_53326045.jpg,d7bdf9350a42b9f9c15b402981cc201545a44677d4cc668abc5a1371a95eab93,comms_equipment,comms_equipment,mission_equipment,intact,no_visible_damage,1000.35,47.91,1026.18,617.23,25.83,569.32,14705.54,0,manual,
HCVAT_B190BD0993A5AFA7,136,7,commons_53326045.jpg,d7bdf9350a42b9f9c15b402981cc201545a44677d4cc668abc5a1371a95eab93,weapons_station,weapon_station,mission_equipment,intact,no_visible_damage,674.80,433.26,918.27,606.69,243.47,173.43,42225.00,0,manual,
HCVAT_3A11EF3A4B6B7BA4,136,8,commons_53326045.jpg,d7bdf9350a42b9f9c15b402981cc201545a44677d4cc668abc5a1371a95eab93,comms_equipment,comms_equipment,mission_equipment,intact,no_visible_damage,438.27,401.18,472.26,914.80,33.99,513.62,17457.94,0,manual,
HCVAT_EC72DFF7361129E1,136,9,commons_53326045.jpg,d7bdf9350a42b9f9c15b402981cc201545a44677d4cc668abc5a1371a95eab93,comms_equipment,comms_equipment,mission_equipment,intact,no_visible_damage,571.45,340.32,596.35,616.19,24.90,275.87,6869.16,0,manual,
HCVAT_FF3B9D49B78E509C,137,1,commons_53326050.jpg,65fded8f64f3e5af416a4da00fdf8ddc55056044cf1ff31a884f8e629d243764,weapons_station,weapon_station,mission_equipment,intact,no_visible_damage,364.74,379.48,638.00,608.09,273.26,228.61,62469.97,0,manual,
HCVAT_FBEE7303AAF9AEEE,137,2,commons_53326050.jpg,65fded8f64f3e5af416a4da00fdf8ddc55056044cf1ff31a884f8e629d243764,windshield,windshield,structure,intact,no_visible_damage,385.36,542.12,788.33,720.89,402.97,178.77,72038.95,0,manual,
HCVAT_4FD2EAA47A34248F,137,3,commons_53326050.jpg,65fded8f64f3e5af416a4da00fdf8ddc55056044cf1ff31a884f8e629d243764,comms_equipment,comms_equipment,mission_equipment,intact,no_visible_damage,815.62,93.72,1012.98,754.54,197.36,660.82,130419.44,0,manual,
HCVAT_F00E864AE4F9F161,137,4,commons_53326050.jpg,65fded8f64f3e5af416a4da00fdf8ddc55056044cf1ff31a884f8e629d243764,wheel_tire,wheel_tire,mobility,unknown,unobservable,748.24,955.03,859.04,1023.07,110.80,68.04,7538.83,0,manual,
HCVAT_4DCA65C335DFE813,137,5,commons_53326050.jpg,65fded8f64f3e5af416a4da00fdf8ddc55056044cf1ff31a884f8e629d243764,comms_equipment,comms_equipment,mission_equipment,intact,no_visible_damage,539.60,0.00,707.57,533.08,167.97,533.08,89541.45,0,manual,
HCVAT_86212CA3491F1183,137,6,commons_53326050.jpg,65fded8f64f3e5af416a4da00fdf8ddc55056044cf1ff31a884f8e629d243764,wheel_tire,wheel_tire,mobility,intact,no_visible_damage,399.57,886.71,559.42,1150.14,159.85,263.43,42109.29,0,manual,
HCVAT_1B4388F4165A452C,137,7,commons_53326050.jpg,65fded8f64f3e5af416a4da00fdf8ddc55056044cf1ff31a884f8e629d243764,comms_equipment,comms_equipment,mission_equipment,intact,no_visible_damage,144.08,473.24,207.49,675.96,63.41,202.72,12854.48,0,manual,
HCVAT_E65BA2252B2A8184,137,8,commons_53326050.jpg,65fded8f64f3e5af416a4da00fdf8ddc55056044cf1ff31a884f8e629d243764,wheel_tire,wheel_tire,mobility,intact,no_visible_damage,282.03,923.68,422.12,1141.14,140.09,217.46,30463.97,0,manual,
HCVAT_B9FC63E1E6C293B4,137,9,commons_53326050.jpg,65fded8f64f3e5af416a4da00fdf8ddc55056044cf1ff31a884f8e629d243764,wheel_tire,wheel_tire,mobility,intact,no_visible_damage,920.10,812.59,1056.82,1015.30,136.72,202.71,27714.51,0,manual,
HCVAT_85FE1063AC17A3D0,137,10,commons_53326050.jpg,65fded8f64f3e5af416a4da00fdf8ddc55056044cf1ff31a884f8e629d243764,engine_bay,engine_bay,structure,intact,no_visible_damage,376.69,611.49,1031.14,959.70,654.45,348.21,227886.03,0,manual,
HCVAT_4CBF0A220324E3E0,138,1,commons_53326054.jpg,371ad5cb759ed244fbc15de9444071a935fe6fdc8800d8ac86a3638a9829000f,door,door,structure,intact,no_visible_damage,1170.15,612.55,1255.87,850.99,85.72,238.44,20439.08,0,manual,
HCVAT_57C91B77AFC8DA8F,138,2,commons_53326054.jpg,371ad5cb759ed244fbc15de9444071a935fe6fdc8800d8ac86a3638a9829000f,wheel_tire,wheel_tire,mobility,intact,no_visible_damage,720.07,889.39,886.17,1001.01,166.10,111.62,18540.08,0,manual,
HCVAT_92259251A3CE7798,138,3,commons_53326054.jpg,371ad5cb759ed244fbc15de9444071a935fe6fdc8800d8ac86a3638a9829000f,engine_bay,engine_bay,structure,intact,no_visible_damage,660.32,678.47,1131.27,918.61,470.95,240.14,113093.93,0,manual,
HCVAT_169F9DFE2A845554,138,4,commons_53326054.jpg,371ad5cb759ed244fbc15de9444071a935fe6fdc8800d8ac86a3638a9829000f,windshield,windshield,structure,intact,no_visible_damage,938.77,609.87,1166.57,690.25,227.80,80.38,18310.56,0,manual,
HCVAT_2CEC799FA9891D8E,138,5,commons_53326054.jpg,371ad5cb759ed244fbc15de9444071a935fe6fdc8800d8ac86a3638a9829000f,door,door,structure,intact,no_visible_damage,1252.10,625.00,1312.13,837.59,60.03,212.59,12761.78,0,manual,
HCVAT_4D9D84C5B2DC5A08,138,6,commons_53326054.jpg,371ad5cb759ed244fbc15de9444071a935fe6fdc8800d8ac86a3638a9829000f,wheel_tire,wheel_tire,mobility,intact,no_visible_damage,998.60,815.27,1195.15,1071.56,196.55,256.29,50373.80,0,manual,
HCVAT_0275A21B83D06657,138,7,commons_53326054.jpg,371ad5cb759ed244fbc15de9444071a935fe6fdc8800d8ac86a3638a9829000f,weapons_station,weapon_station,mission_equipment,intact,no_visible_damage,1013.86,489.02,1252.67,615.10,238.81,126.08,30109.16,0,manual,
HCVAT_0597EFCD65212F9A,138,8,commons_53326054.jpg,371ad5cb759ed244fbc15de9444071a935fe6fdc8800d8ac86a3638a9829000f,comms_equipment,comms_equipment,mission_equipment,intact,no_visible_damage,970.19,148.06,1019.58,838.83,49.39,690.77,34117.13,0,manual,
HCVAT_316B44FBAD548951,138,9,commons_53326054.jpg,371ad5cb759ed244fbc15de9444071a935fe6fdc8800d8ac86a3638a9829000f,comms_equipment,comms_equipment,mission_equipment,intact,no_visible_damage,1362.25,234.49,1384.72,613.68,22.47,379.19,8520.40,0,manual,
HCVAT_06D19523CB393B5C,138,10,commons_53326054.jpg,371ad5cb759ed244fbc15de9444071a935fe6fdc8800d8ac86a3638a9829000f,comms_equipment,comms_equipment,mission_equipment,intact,no_visible_damage,670.33,518.37,700.35,825.22,30.02,306.85,9211.64,0,manual,
HCVAT_88C400938AD8B903,138,11,commons_53326054.jpg,371ad5cb759ed244fbc15de9444071a935fe6fdc8800d8ac86a3638a9829000f,wheel_tire,wheel_tire,mobility,intact,no_visible_damage,1316.51,788.48,1406.79,933.14,90.28,144.66,13059.90,0,manual,
HCVAT_2EE0EDB8012CC8DE,139,1,commons_53326066.jpg,a507b82bef242ea29784744b1109387f8143ee3a9c0b10bce41749324a62cd22,comms_equipment,comms_equipment,mission_equipment,intact,no_visible_damage,306.20,28.58,321.64,478.55,15.44,449.97,6947.54,0,manual,
HCVAT_1E3E6D2688B64A6D,139,2,commons_53326066.jpg,a507b82bef242ea29784744b1109387f8143ee3a9c0b10bce41749324a62cd22,weapons_station,weapon_station,mission_equipment,intact,no_visible_damage,484.49,317.24,902.04,526.40,417.55,209.16,87334.76,0,manual,
HCVAT_90A1D6A592B2F1F3,139,3,commons_53326066.jpg,a507b82bef242ea29784744b1109387f8143ee3a9c0b10bce41749324a62cd22,door,door,structure,intact,no_visible_damage,881.20,551.87,1023.98,839.75,142.78,287.88,41103.51,0,manual,
HCVAT_FFCD637A33C5B92C,139,4,commons_53326066.jpg,a507b82bef242ea29784744b1109387f8143ee3a9c0b10bce41749324a62cd22,wheel_tire,wheel_tire,mobility,intact,no_visible_damage,1065.66,771.83,1213.08,977.13,147.42,205.30,30265.33,0,manual,
HCVAT_E621EA136CFB32A5,139,5,commons_53326066.jpg,a507b82bef242ea29784744b1109387f8143ee3a9c0b10bce41749324a62cd22,door,door,structure,intact,no_visible_damage,751.53,540.29,912.07,851.33,160.54,311.04,49934.36,0,manual,
HCVAT_109B0BBF8A685A8F,139,6,commons_53326066.jpg,a507b82bef242ea29784744b1109387f8143ee3a9c0b10bce41749324a62cd22,wheel_tire,wheel_tire,mobility,intact,no_visible_damage,526.17,805.79,808.65,1117.60,282.48,311.81,88080.09,0,manual,
HCVAT_5A666545163FD8BE,139,7,commons_53326066.jpg,a507b82bef242ea29784744b1109387f8143ee3a9c0b10bce41749324a62cd22,wheel_tire,wheel_tire,mobility,intact,no_visible_damage,253.72,892.23,472.14,1024.99,218.42,132.76,28997.44,0,manual,
HCVAT_9294E066344EEF2E,139,8,commons_53326066.jpg,a507b82bef242ea29784744b1109387f8143ee3a9c0b10bce41749324a62cd22,comms_equipment,comms_equipment,mission_equipment,intact,no_visible_damage,1199.18,485.49,1216.93,772.60,17.75,287.11,5096.20,0,manual,
HCVAT_54B71758D1C68E17,139,9,commons_53326066.jpg,a507b82bef242ea29784744b1109387f8143ee3a9c0b10bce41749324a62cd22,comms_equipment,comms_equipment,mission_equipment,intact,no_visible_damage,587.14,39.39,620.33,432.24,33.19,392.85,13038.69,0,manual,
HCVAT_616A616D2B7DA815,140,1,commons_53326078.jpg,8f38e14c5052654a5389743c36826c052e45fbadf334bab65e777864dbe12a38,wheel_tire,wheel_tire,mobility,intact,no_visible_damage,650.40,778.68,944.49,1097.87,294.09,319.19,93870.59,0,manual,
HCVAT_4870FC1EBE031FFC,140,2,commons_53326078.jpg,8f38e14c5052654a5389743c36826c052e45fbadf334bab65e777864dbe12a38,wheel_tire,wheel_tire,mobility,intact,no_visible_damage,358.55,1047.79,594.35,1129.65,235.80,81.86,19302.59,0,manual,
HCVAT_F3A340E8C0AAE1A2,140,3,commons_53326078.jpg,8f38e14c5052654a5389743c36826c052e45fbadf334bab65e777864dbe12a38,wheel_tire,wheel_tire,mobility,intact,no_visible_damage,1166.26,603.29,1328.84,825.25,162.58,221.96,36086.26,0,manual,
HCVAT_363EA01CE173FBBE,140,4,commons_53326078.jpg,8f38e14c5052654a5389743c36826c052e45fbadf334bab65e777864dbe12a38,door,door,structure,intact,no_visible_damage,721.05,457.48,997.43,804.79,276.38,347.31,95989.54,0,manual,
HCVAT_E88360ECF695AC30,140,5,commons_53326078.jpg,8f38e14c5052654a5389743c36826c052e45fbadf334bab65e777864dbe12a38,door,door,structure,intact,no_visible_damage,848.40,435.86,1102.40,738.41,254.00,302.55,76847.70,0,manual,
HCVAT_8C1E60A006FCDC15,141,1,commons_53326090.jpg,816d804c4254afebbdc6aa5bfdaa2481671b8492b2ad12aff1023d8ce625e66d,door,door,structure,intact,no_visible_damage,464.19,466.66,656.45,722.90,192.26,256.24,49264.70,0,manual,
HCVAT_6531D1734888F837,141,2,commons_53326090.jpg,816d804c4254afebbdc6aa5bfdaa2481671b8492b2ad12aff1023d8ce625e66d,wheel_tire,wheel_tire,mobility,intact,no_visible_damage,411.01,699.75,563.83,841.76,152.82,142.01,21701.97,0,manual,
HCVAT_6B98A07E6A5A86E7,141,3,commons_53326090.jpg,816d804c4254afebbdc6aa5bfdaa2481671b8492b2ad12aff1023d8ce625e66d,door,door,structure,intact,no_visible_damage,562.98,418.81,787.65,705.92,224.67,287.11,64505.00,0,manual,
HCVAT_15967D596A977517,141,4,commons_53326090.jpg,816d804c4254afebbdc6aa5bfdaa2481671b8492b2ad12aff1023d8ce625e66d,windshield,windshield,structure,intact,no_visible_damage,683.46,372.50,948.96,458.94,265.50,86.44,22949.82,0,manual,
HCVAT_A2A6878B4E3AE2FB,141,5,commons_53326090.jpg,816d804c4254afebbdc6aa5bfdaa2481671b8492b2ad12aff1023d8ce625e66d,engine_bay,engine_bay,structure,intact,no_visible_damage,806.87,354.75,1325.60,667.33,518.73,312.58,162144.62,0,manual,
HCVAT_840B8FFE5C8768F3,141,6,commons_53326090.jpg,816d804c4254afebbdc6aa5bfdaa2481671b8492b2ad12aff1023d8ce625e66d,wheel_tire,wheel_tire,mobility,unknown,unobservable,865.61,621.79,1193.63,875.72,328.02,253.93,83294.12,0,manual,
HCVAT_ABAC8F509F0019C8,142,1,commons_53326092.jpg,8c696b0a643128362d4a794d63aedf921e49c6014478bb2423b1086fe3b647a7,door,door,structure,intact,no_visible_damage,647.19,522.23,729.77,657.30,82.58,135.07,11154.08,0,manual,
HCVAT_C7B0859277A8F9CF,142,2,commons_53326092.jpg,8c696b0a643128362d4a794d63aedf921e49c6014478bb2423b1086fe3b647a7,comms_equipment,comms_equipment,mission_equipment,intact,no_visible_damage,1146.92,545.92,1192.70,577.19,45.78,31.27,1431.54,0,manual,
HCVAT_596145BE4398EB48,142,3,commons_53326092.jpg,8c696b0a643128362d4a794d63aedf921e49c6014478bb2423b1086fe3b647a7,wheel_tire,wheel_tire,mobility,intact,no_visible_damage,1177.36,809.74,1346.19,943.89,168.83,134.15,22648.54,0,manual,
HCVAT_BB8B60B9B297DF4A,142,4,commons_53326092.jpg,8c696b0a643128362d4a794d63aedf921e49c6014478bb2423b1086fe3b647a7,engine_bay,engine_bay,structure,intact,no_visible_damage,862.44,566.22,1397.38,924.34,534.94,358.12,191572.71,0,manual,
HCVAT_0353303E8919176E,142,5,commons_53326092.jpg,8c696b0a643128362d4a794d63aedf921e49c6014478bb2423b1086fe3b647a7,windshield,windshield,structure,intact,no_visible_damage,834.74,492.13,1121.85,629.51,287.11,137.38,39443.17,0,manual,
HCVAT_E927C49E044D7A0B,142,6,commons_53326092.jpg,8c696b0a643128362d4a794d63aedf921e49c6014478bb2423b1086fe3b647a7,door,door,structure,intact,no_visible_damage,731.24,539.21,843.20,790.80,111.96,251.59,28168.02,0,manual,
HCVAT_1E799451E18590A2,143,1,commons_53450145.jpg,bf68836a3d175397ae8bee93e861eec562a79201bc8328b1072e7de3894687bf,wheel_tire,wheel_tire,mobility,intact,no_visible_damage,944.78,694.94,1058.90,946.51,114.12,251.57,28709.17,0,manual,
HCVAT_59DEF9ED8C11915A,143,2,commons_53450145.jpg,bf68836a3d175397ae8bee93e861eec562a79201bc8328b1072e7de3894687bf,wheel_tire,wheel_tire,mobility,intact,no_visible_damage,348.30,689.70,468.43,943.06,120.13,253.36,30436.14,0,manual,
HCVAT_2BED0B5064479291,144,1,commons_53502588.jpg,2e8f83636100881f4579e562ae4e356ffcc7b510aee0f6960feb63373de3dc78,wheel_tire,wheel_tire,mobility,intact,no_visible_damage,934.15,633.77,1217.00,919.52,282.85,285.75,80824.39,0,manual,
HCVAT_3AE730768CA77272,144,2,commons_53502588.jpg,2e8f83636100881f4579e562ae4e356ffcc7b510aee0f6960feb63373de3dc78,wheel_tire,wheel_tire,mobility,intact,no_visible_damage,1204.31,719.98,1311.93,855.59,107.62,135.61,14594.35,0,manual,
HCVAT_27DA8E47D07CF55E,144,3,commons_53502588.jpg,2e8f83636100881f4579e562ae4e356ffcc7b510aee0f6960feb63373de3dc78,door,door,structure,intact,no_visible_damage,664.86,390.64,915.75,700.61,250.89,309.97,77768.37,0,manual,
HCVAT_17240B1A849AB69F,144,4,commons_53502588.jpg,2e8f83636100881f4579e562ae4e356ffcc7b510aee0f6960feb63373de3dc78,door,door,structure,intact,no_visible_damage,457.57,394.51,669.71,689.95,212.14,295.44,62674.64,0,manual,
HCVAT_1BBFB496CF11555A,144,5,commons_53502588.jpg,2e8f83636100881f4579e562ae4e356ffcc7b510aee0f6960feb63373de3dc78,engine_bay,engine_bay,structure,intact,no_visible_damage,196.03,508.81,444.98,595.99,248.95,87.18,21703.46,0,manual,
HCVAT_1A1D2F41AC220A29,144,6,commons_53502588.jpg,2e8f83636100881f4579e562ae4e356ffcc7b510aee0f6960feb63373de3dc78,wheel_tire,wheel_tire,mobility,intact,no_visible_damage,451.76,723.86,622.24,795.54,170.48,71.68,12220.01,0,manual,
HCVAT_92660056D899CFE8,144,7,commons_53502588.jpg,2e8f83636100881f4579e562ae4e356ffcc7b510aee0f6960feb63373de3dc78,wheel_tire,wheel_tire,mobility,intact,no_visible_damage,194.10,599.87,398.48,816.85,204.38,216.98,44346.37,0,manual,
HCVAT_C66AF251DBC270E3,145,1,commons_53502598.jpg,8caaca711d5dabffc00b7af9161041b34fe72d938dd1e89e9a5fad8a2141a211,door,door,structure,intact,no_visible_damage,1136.14,342.48,1326.18,715.03,190.04,372.55,70799.40,0,manual,
HCVAT_3AC47B0C01B3F4BE,145,2,commons_53502598.jpg,8caaca711d5dabffc00b7af9161041b34fe72d938dd1e89e9a5fad8a2141a211,engine_bay,engine_bay,structure,intact,no_visible_damage,58.48,448.76,877.97,630.86,819.49,182.10,149229.13,0,manual,
HCVAT_F7FBCEAE3F144BBE,145,3,commons_53502598.jpg,8caaca711d5dabffc00b7af9161041b34fe72d938dd1e89e9a5fad8a2141a211,windshield,windshield,structure,intact,no_visible_damage,476.43,260.43,926.00,454.66,449.57,194.23,87319.98,0,manual,
HCVAT_703F3CFDCB851458,145,4,commons_53502598.jpg,8caaca711d5dabffc00b7af9161041b34fe72d938dd1e89e9a5fad8a2141a211,wheel_tire,wheel_tire,mobility,intact,no_visible_damage,1260.49,641.40,1455.40,905.00,194.91,263.60,51378.28,0,manual,
HCVAT_18B20CD015F8B475,145,5,commons_53502598.jpg,8caaca711d5dabffc00b7af9161041b34fe72d938dd1e89e9a5fad8a2141a211,comms_equipment,comms_equipment,mission_equipment,intact,no_visible_damage,424.70,290.50,490.10,456.43,65.40,165.93,10851.82,0,manual,
HCVAT_97E104124F3D6501,145,6,commons_53502598.jpg,8caaca711d5dabffc00b7af9161041b34fe72d938dd1e89e9a5fad8a2141a211,door,door,structure,intact,no_visible_damage,920.98,303.97,1136.97,720.89,215.99,416.92,90050.55,0,manual,
HCVAT_82F61DF4DD906DC6,145,7,commons_53502598.jpg,8caaca711d5dabffc00b7af9161041b34fe72d938dd1e89e9a5fad8a2141a211,wheel_tire,wheel_tire,mobility,intact,no_visible_damage,348.12,584.37,754.00,998.95,405.88,414.58,168269.73,0,manual,
HCVAT_D68CC6C4D2A260AE,145,8,commons_53502598.jpg,8caaca711d5dabffc00b7af9161041b34fe72d938dd1e89e9a5fad8a2141a211,wheel_tire,wheel_tire,mobility,intact,no_visible_damage,67.04,626.29,344.99,890.00,277.95,263.71,73298.19,0,manual,
HCVAT_563752CFA6E47EC6,145,9,commons_53502598.jpg,8caaca711d5dabffc00b7af9161041b34fe72d938dd1e89e9a5fad8a2141a211,wheel_tire,wheel_tire,mobility,intact,no_visible_damage,895.02,779.49,1070.00,853.16,174.98,73.67,12890.78,0,manual,
HCVAT_D71ACB5A5A9A3DB8,146,1,commons_54962570.jpg,b8db21a8ff8084488094c56613ac6a9b1ba0f17d681a670497359d73e669658d,wheel_tire,wheel_tire,mobility,intact,no_visible_damage,388.65,699.47,613.45,916.88,224.80,217.41,48873.77,0,manual,
HCVAT_A05FF672F056C863,146,2,commons_54962570.jpg,b8db21a8ff8084488094c56613ac6a9b1ba0f17d681a670497359d73e669658d,weapons_station,weapon_station,mission_equipment,intact,no_visible_damage,409.76,224.54,1068.32,448.28,658.56,223.74,147346.21,0,manual,
HCVAT_A3DF7E1442E5539A,146,3,commons_54962570.jpg,b8db21a8ff8084488094c56613ac6a9b1ba0f17d681a670497359d73e669658d,door,door,structure,intact,no_visible_damage,1067.30,498.94,1175.97,772.29,108.67,273.35,29704.94,0,manual,
HCVAT_42E87C5A17F93867,146,4,commons_54962570.jpg,b8db21a8ff8084488094c56613ac6a9b1ba0f17d681a670497359d73e669658d,windshield,windshield,structure,intact,no_visible_damage,889.86,498.94,1056.72,570.71,166.86,71.77,11975.54,0,manual,
HCVAT_23DFB6F89F2B6681,146,5,commons_54962570.jpg,b8db21a8ff8084488094c56613ac6a9b1ba0f17d681a670497359d73e669658d,comms_equipment,comms_equipment,mission_equipment,intact,no_visible_damage,1085.21,435.62,1141.15,511.61,55.94,75.99,4250.88,0,manual,
HCVAT_F806D232F309145C,146,6,commons_54962570.jpg,b8db21a8ff8084488094c56613ac6a9b1ba0f17d681a670497359d73e669658d,door,door,structure,intact,no_visible_damage,867.80,502.11,907.91,616.09,40.11,113.98,4571.74,0,manual,
HCVAT_F0AFB5F09DFF112E,146,7,commons_54962570.jpg,b8db21a8ff8084488094c56613ac6a9b1ba0f17d681a670497359d73e669658d,wheel_tire,wheel_tire,mobility,unknown,unobservable,169.13,755.40,380.21,852.50,211.08,97.10,20495.87,0,manual,
HCVAT_DAA882DC11D6BB6B,146,8,commons_54962570.jpg,b8db21a8ff8084488094c56613ac6a9b1ba0f17d681a670497359d73e669658d,engine_bay,engine_bay,structure,intact,no_visible_damage,930.07,528.49,1379.66,699.47,449.59,170.98,76870.90,0,manual,
HCVAT_2AFA1D688112E086,146,9,commons_54962570.jpg,b8db21a8ff8084488094c56613ac6a9b1ba0f17d681a670497359d73e669658d,wheel_tire,wheel_tire,mobility,intact,no_visible_damage,1181.15,668.75,1374.39,884.16,193.24,215.41,41625.83,0,manual,
HCVAT_6B75EB4B9336AB73,147,1,commons_54962584.jpg,32f6a60eb95047633a71442aa7a62552c624d12e7424c24546b7ae37ee702291,door,door,structure,intact,no_visible_damage,0.00,286.07,218.79,1130.32,218.79,844.25,184713.46,0,manual,
HCVAT_B13758556AC87421,147,2,commons_54962584.jpg,32f6a60eb95047633a71442aa7a62552c624d12e7424c24546b7ae37ee702291,wheel_tire,wheel_tire,mobility,intact,no_visible_damage,956.30,542.09,1503.86,1144.61,547.56,602.52,329915.85,0,manual,
HCVAT_CB04F0B95B500D7D,147,3,commons_54962584.jpg,32f6a60eb95047633a71442aa7a62552c624d12e7424c24546b7ae37ee702291,comms_equipment,comms_equipment,mission_equipment,intact,no_visible_damage,735.46,0.00,895.95,401.49,160.49,401.49,64435.13,0,manual,
HCVAT_00E3B1A944FA2D80,147,4,commons_54962584.jpg,32f6a60eb95047633a71442aa7a62552c624d12e7424c24546b7ae37ee702291,door,door,structure,intact,no_visible_damage,786.02,194.83,1292.79,1076.46,506.77,881.63,446783.64,0,manual,
HCVAT_E0D4BCE8631DFF75,147,5,commons_54962584.jpg,32f6a60eb95047633a71442aa7a62552c624d12e7424c24546b7ae37ee702291,windshield,windshield,structure,intact,no_visible_damage,335.21,183.84,683.79,371.81,348.58,187.97,65522.58,0,manual,
HCVAT_8F41258ACBA5D364,148,1,commons_56467136.jpg,5acac3908a08d99ac503abe8def9c903f47eb5dbb931fa1176d234b6a083507a,wheel_tire,wheel_tire,mobility,intact,no_visible_damage,354.03,358.82,418.21,457.22,64.18,98.40,6315.31,0,manual,
HCVAT_92C77A84B6B1157A,148,2,commons_56467136.jpg,5acac3908a08d99ac503abe8def9c903f47eb5dbb931fa1176d234b6a083507a,door,door,structure,intact,no_visible_damage,994.12,78.54,1600.00,967.33,605.88,888.79,538500.09,0,manual,
HCVAT_C09C87F001C39AF7,148,3,commons_56467136.jpg,5acac3908a08d99ac503abe8def9c903f47eb5dbb931fa1176d234b6a083507a,wheel_tire,wheel_tire,mobility,intact,no_visible_damage,499.11,520.37,724.69,816.51,225.58,296.14,66803.26,0,manual,
HCVAT_A87C82781C47D93E,148,4,commons_56467136.jpg,5acac3908a08d99ac503abe8def9c903f47eb5dbb931fa1176d234b6a083507a,comms_equipment,comms_equipment,mission_equipment,intact,no_visible_damage,365.89,153.35,382.71,261.50,16.82,108.15,1819.08,0,manual,
HCVAT_E2008D3C4952FD1E,148,5,commons_56467136.jpg,5acac3908a08d99ac503abe8def9c903f47eb5dbb931fa1176d234b6a083507a,door,door,structure,intact,no_visible_damage,645.62,190.07,974.46,816.71,328.84,626.64,206064.30,0,manual,
HCVAT_2641DC19AA7BA7F8,148,6,commons_56467136.jpg,5acac3908a08d99ac503abe8def9c903f47eb5dbb931fa1176d234b6a083507a,wheel_tire,wheel_tire,mobility,intact,no_visible_damage,412.06,358.82,493.88,461.77,81.82,102.95,8423.37,0,manual,
HCVAT_ADA73D2A2D18D41B,149,1,commons_56467146.jpg,7538f916cbed49219162977f7f9e628178950589bcc2d831e9ccae139b244356,windshield,windshield,structure,intact,no_visible_damage,158.22,134.88,598.59,249.90,440.37,115.02,50651.36,0,manual,
HCVAT_98AFF2C660823233,149,2,commons_56467146.jpg,7538f916cbed49219162977f7f9e628178950589bcc2d831e9ccae139b244356,wheel_tire,wheel_tire,mobility,intact,no_visible_damage,1269.61,671.72,1600.00,1064.00,330.39,392.28,129605.39,0,manual,
HCVAT_21BFB142CB0901B8,149,3,commons_56467146.jpg,7538f916cbed49219162977f7f9e628178950589bcc2d831e9ccae139b244356,engine_bay,engine_bay,structure,intact,no_visible_damage,155.30,230.49,689.08,408.21,533.78,177.72,94863.38,0,manual,
HCVAT_32375766CDA85C69,149,4,commons_56467146.jpg,7538f916cbed49219162977f7f9e628178950589bcc2d831e9ccae139b244356,engine_bay,engine_bay,structure,intact,no_visible_damage,455.28,256.43,1600.00,761.26,1144.72,504.83,577889.00,0,manual,
HCVAT_FA44312A46F35823,149,5,commons_56467146.jpg,7538f916cbed49219162977f7f9e628178950589bcc2d831e9ccae139b244356,weapons_station,weapon_station,mission_equipment,intact,no_visible_damage,220.63,0.00,507.67,117.58,287.04,117.58,33750.16,0,manual,
HCVAT_4368D9BA0438FE90,149,6,commons_56467146.jpg,7538f916cbed49219162977f7f9e628178950589bcc2d831e9ccae139b244356,windshield,windshield,structure,intact,no_visible_damage,856.14,30.25,1600.00,262.50,743.86,232.25,172761.49,0,manual,
HCVAT_3118FD91225B11D7,149,7,commons_56467146.jpg,7538f916cbed49219162977f7f9e628178950589bcc2d831e9ccae139b244356,wheel_tire,wheel_tire,mobility,intact,no_visible_damage,144.19,359.80,292.39,572.84,148.20,213.04,31572.53,0,manual,
HCVAT_136A6DA11629DE29,150,1,commons_56467149.jpg,5eeb3710acfbc33ff0d37b1e3108e0336d9260a6a30abb01a2bfd20b6ae07618,wheel_tire,wheel_tire,mobility,intact,no_visible_damage,310.44,477.95,368.20,608.70,57.76,130.75,7552.12,0,manual,
HCVAT_3B86E2D69ED75252,150,2,commons_56467149.jpg,5eeb3710acfbc33ff0d37b1e3108e0336d9260a6a30abb01a2bfd20b6ae07618,engine_bay,engine_bay,structure,intact,no_visible_damage,309.60,421.22,489.25,504.94,179.65,83.72,15040.30,0,manual,
HCVAT_304FFC00FA7CF3E6,150,3,commons_56467149.jpg,5eeb3710acfbc33ff0d37b1e3108e0336d9260a6a30abb01a2bfd20b6ae07618,wheel_tire,wheel_tire,mobility,intact,no_visible_damage,501.04,551.03,597.80,769.56,96.76,218.53,21144.96,0,manual,
HCVAT_582C09FC8C5D8DA0,150,4,commons_56467149.jpg,5eeb3710acfbc33ff0d37b1e3108e0336d9260a6a30abb01a2bfd20b6ae07618,weapons_station,weapon_station,mission_equipment,intact,no_visible_damage,145.91,299.64,251.18,359.16,105.27,59.52,6265.67,0,manual,
HCVAT_C91714183E661F30,150,5,commons_56467149.jpg,5eeb3710acfbc33ff0d37b1e3108e0336d9260a6a30abb01a2bfd20b6ae07618,engine_bay,engine_bay,structure,intact,no_visible_damage,137.39,402.78,258.96,446.00,121.57,43.22,5254.26,0,manual,
HCVAT_2E1706B0D5D2296E,150,6,commons_56467149.jpg,5eeb3710acfbc33ff0d37b1e3108e0336d9260a6a30abb01a2bfd20b6ae07618,windshield,windshield,structure,intact,no_visible_damage,314.12,360.92,486.42,420.56,172.30,59.64,10275.97,0,manual,
HCVAT_2F24EA34A2E8A976,150,7,commons_56467149.jpg,5eeb3710acfbc33ff0d37b1e3108e0336d9260a6a30abb01a2bfd20b6ae07618,wheel_tire,wheel_tire,mobility,intact,no_visible_damage,102.07,430.11,131.23,488.04,29.16,57.93,1689.24,0,manual,
HCVAT_7DDBBB2F8E7A7633,150,8,commons_56467149.jpg,5eeb3710acfbc33ff0d37b1e3108e0336d9260a6a30abb01a2bfd20b6ae07618,wheel_tire,wheel_tire,mobility,intact,no_visible_damage,658.23,590.80,815.90,912.37,157.67,321.57,50701.94,0,manual,
HCVAT_63433876F08B23FD,150,9,commons_56467149.jpg,5eeb3710acfbc33ff0d37b1e3108e0336d9260a6a30abb01a2bfd20b6ae07618,wheel_tire,wheel_tire,mobility,intact,no_visible_damage,1249.13,620.47,1436.51,877.39,187.38,256.92,48141.67,0,manual,
HCVAT_65662BB12C939944,150,10,commons_56467149.jpg,5eeb3710acfbc33ff0d37b1e3108e0336d9260a6a30abb01a2bfd20b6ae07618,door,door,structure,intact,no_visible_damage,525.29,343.31,614.07,693.19,88.78,349.88,31062.35,0,manual,
HCVAT_A85F24DC304FD56A,150,11,commons_56467149.jpg,5eeb3710acfbc33ff0d37b1e3108e0336d9260a6a30abb01a2bfd20b6ae07618,windshield,windshield,structure,intact,no_visible_damage,651.02,330.80,1250.06,474.53,599.04,143.73,86100.02,0,manual,
HCVAT_EA5EECCB43266AEC,150,12,commons_56467149.jpg,5eeb3710acfbc33ff0d37b1e3108e0336d9260a6a30abb01a2bfd20b6ae07618,weapons_station,weapon_station,mission_equipment,intact,no_visible_damage,306.11,245.31,567.38,342.58,261.27,97.27,25413.73,0,manual,
HCVAT_9C51577E6DC80351,150,13,commons_56467149.jpg,5eeb3710acfbc33ff0d37b1e3108e0336d9260a6a30abb01a2bfd20b6ae07618,windshield,windshield,structure,intact,no_visible_damage,138.35,368.44,246.02,399.38,107.67,30.94,3331.31,0,manual,
HCVAT_77E82275DB91C331,150,14,commons_56467149.jpg,5eeb3710acfbc33ff0d37b1e3108e0336d9260a6a30abb01a2bfd20b6ae07618,wheel_tire,wheel_tire,mobility,intact,no_visible_damage,137.42,428.92,170.58,498.83,33.16,69.91,2318.22,0,manual,
HCVAT_698C557578B46F9C,150,15,commons_56467149.jpg,5eeb3710acfbc33ff0d37b1e3108e0336d9260a6a30abb01a2bfd20b6ae07618,engine_bay,engine_bay,structure,intact,no_visible_damage,652.40,474.87,1438.86,668.04,786.46,193.17,151920.48,0,manual,
HCVAT_99D2DE49FC4A3A2B,150,16,commons_56467149.jpg,5eeb3710acfbc33ff0d37b1e3108e0336d9260a6a30abb01a2bfd20b6ae07618,comms_equipment,comms_equipment,mission_equipment,intact,no_visible_damage,284.95,153.39,297.12,350.90,12.17,197.51,2403.70,0,manual,
HCVAT_E40EC7963F7BAB1C,150,17,commons_56467149.jpg,5eeb3710acfbc33ff0d37b1e3108e0336d9260a6a30abb01a2bfd20b6ae07618,comms_equipment,comms_equipment,mission_equipment,intact,no_visible_damage,539.38,0.00,560.40,332.88,21.02,332.88,6997.14,0,manual,
HCVAT_341701D96AB04AD6,150,18,commons_56467149.jpg,5eeb3710acfbc33ff0d37b1e3108e0336d9260a6a30abb01a2bfd20b6ae07618,weapons_station,weapon_station,mission_equipment,intact,no_visible_damage,595.86,71.38,1131.83,300.20,535.97,228.82,122640.66,0,manual,
HCVAT_06A1AAFAB416A65F,150,19,commons_56467149.jpg,5eeb3710acfbc33ff0d37b1e3108e0336d9260a6a30abb01a2bfd20b6ae07618,door,door,structure,intact,no_visible_damage,487.59,356.56,567.49,673.23,79.90,316.67,25301.93,0,manual,
HCVAT_885FA5ECCFE9CE9A,150,20,commons_56467149.jpg,5eeb3710acfbc33ff0d37b1e3108e0336d9260a6a30abb01a2bfd20b6ae07618,door,door,structure,intact,no_visible_damage,262.87,366.09,297.10,523.33,34.23,157.24,5382.33,0,manual,
HCVAT_B898C6E15F3875B6,150,21,commons_56467149.jpg,5eeb3710acfbc33ff0d37b1e3108e0336d9260a6a30abb01a2bfd20b6ae07618,wheel_tire,wheel_tire,mobility,intact,no_visible_damage,266.05,490.78,308.04,578.22,41.99,87.44,3671.61,0,manual,
HCVAT_DAFC66F13F2D9B4B,150,22,commons_56467149.jpg,5eeb3710acfbc33ff0d37b1e3108e0336d9260a6a30abb01a2bfd20b6ae07618,comms_equipment,comms_equipment,mission_equipment,intact,no_visible_damage,113.64,247.45,119.16,364.39,5.52,116.94,645.51,0,manual,
HCVAT_31A4329BF916A4C6,151,1,commons_56523014.jpg,a8b2d0fa08c17175bda627177a46276e8b3aa980960dcbab16e2137ef129462a,windshield,windshield,structure,intact,no_visible_damage,304.76,413.63,408.60,478.84,103.84,65.21,6771.41,0,manual,
HCVAT_F724A012811974DC,151,2,commons_56523014.jpg,a8b2d0fa08c17175bda627177a46276e8b3aa980960dcbab16e2137ef129462a,weapons_station,weapon_station,mission_equipment,intact,no_visible_damage,329.60,331.65,534.32,422.59,204.72,90.94,18617.24,0,manual,
HCVAT_2B300C2EB69E90CF,151,3,commons_56523014.jpg,a8b2d0fa08c17175bda627177a46276e8b3aa980960dcbab16e2137ef129462a,windshield,windshield,structure,intact,no_visible_damage,894.98,325.51,1247.83,435.69,352.85,110.18,38877.01,0,manual,
HCVAT_7ED790FA596225B3,151,4,commons_56523014.jpg,a8b2d0fa08c17175bda627177a46276e8b3aa980960dcbab16e2137ef129462a,engine_bay,engine_bay,structure,intact,no_visible_damage,104.46,470.95,294.65,524.00,190.19,53.05,10089.58,0,manual,
HCVAT_EF8F0701E58E81EA,151,5,commons_56523014.jpg,a8b2d0fa08c17175bda627177a46276e8b3aa980960dcbab16e2137ef129462a,engine_bay,engine_bay,structure,intact,no_visible_damage,288.01,470.76,646.68,542.43,358.67,71.67,25705.88,0,manual,
HCVAT_74D40038592667EF,151,6,commons_56523014.jpg,a8b2d0fa08c17175bda627177a46276e8b3aa980960dcbab16e2137ef129462a,wheel_tire,wheel_tire,mobility,intact,no_visible_damage,1464.49,599.86,1600.00,770.95,135.51,171.09,23184.41,0,manual,
HCVAT_AC42C4B01DA08E4E,151,7,commons_56523014.jpg,a8b2d0fa08c17175bda627177a46276e8b3aa980960dcbab16e2137ef129462a,wheel_tire,wheel_tire,mobility,intact,no_visible_damage,291.60,548.93,420.92,653.22,129.32,104.29,13486.78,0,manual,
HCVAT_EED76966E998B6C5,151,8,commons_56523014.jpg,a8b2d0fa08c17175bda627177a46276e8b3aa980960dcbab16e2137ef129462a,wheel_tire,wheel_tire,mobility,intact,no_visible_damage,940.96,496.70,1174.37,759.40,233.41,262.70,61316.81,0,manual,
HCVAT_470514EAA2F90760,151,9,commons_56523014.jpg,a8b2d0fa08c17175bda627177a46276e8b3aa980960dcbab16e2137ef129462a,comms_equipment,comms_equipment,mission_equipment,intact,no_visible_damage,270.14,407.65,290.93,472.19,20.79,64.54,1341.79,0,manual,
HCVAT_D98793956D905284,151,10,commons_56523014.jpg,a8b2d0fa08c17175bda627177a46276e8b3aa980960dcbab16e2137ef129462a,weapons_station,weapon_station,mission_equipment,intact,no_visible_damage,972.99,156.11,1396.96,340.27,423.97,184.16,78078.32,0,manual,
HCVAT_C7D822C15B8C3244,151,11,commons_56523014.jpg,a8b2d0fa08c17175bda627177a46276e8b3aa980960dcbab16e2137ef129462a,comms_equipment,comms_equipment,mission_equipment,intact,no_visible_damage,863.71,328.86,908.38,435.25,44.67,106.39,4752.44,0,manual,
HCVAT_64944633A07FA0B2,151,12,commons_56523014.jpg,a8b2d0fa08c17175bda627177a46276e8b3aa980960dcbab16e2137ef129462a,weapons_station,weapon_station,mission_equipment,intact,no_visible_damage,541.84,286.42,840.88,414.58,299.04,128.16,38324.97,0,manual,
HCVAT_430D9D8B4A07096E,151,13,commons_56523014.jpg,a8b2d0fa08c17175bda627177a46276e8b3aa980960dcbab16e2137ef129462a,engine_bay,engine_bay,structure,intact,no_visible_damage,638.16,423.70,1241.13,545.04,602.97,121.34,73164.38,0,manual,
HCVAT_928F1BE914172C62,151,14,commons_56523014.jpg,a8b2d0fa08c17175bda627177a46276e8b3aa980960dcbab16e2137ef129462a,door,door,structure,intact,no_visible_damage,1409.13,375.67,1555.76,649.40,146.63,273.73,40137.03,0,manual,
HCVAT_5E62ED00B1AEE9F7,151,15,commons_56523014.jpg,a8b2d0fa08c17175bda627177a46276e8b3aa980960dcbab16e2137ef129462a,comms_equipment,comms_equipment,mission_equipment,intact,no_visible_damage,471.40,395.93,502.65,468.84,31.25,72.91,2278.44,0,manual,
HCVAT_63D6AB91AC709749,151,16,commons_56523014.jpg,a8b2d0fa08c17175bda627177a46276e8b3aa980960dcbab16e2137ef129462a,weapons_station,weapon_station,mission_equipment,intact,no_visible_damage,163.95,370.11,326.00,442.42,162.05,72.31,11717.84,0,manual,
HCVAT_D8C544FBFFB1E89C,151,17,commons_56523014.jpg,a8b2d0fa08c17175bda627177a46276e8b3aa980960dcbab16e2137ef129462a,wheel_tire,wheel_tire,mobility,intact,no_visible_damage,420.17,512.87,586.45,675.31,166.28,162.44,27010.52,0,manual,
HCVAT_8390136F1FE63F95,151,18,commons_56523014.jpg,a8b2d0fa08c17175bda627177a46276e8b3aa980960dcbab16e2137ef129462a,wheel_tire,wheel_tire,mobility,intact,no_visible_damage,178.96,513.70,299.24,639.55,120.28,125.85,15137.24,0,manual,
HCVAT_CDA9F49A64AB4A35,151,19,commons_56523014.jpg,a8b2d0fa08c17175bda627177a46276e8b3aa980960dcbab16e2137ef129462a,windshield,windshield,structure,intact,no_visible_damage,501.65,404.08,664.05,472.20,162.40,68.12,11062.69,0,manual,
HCVAT_E02C8934A388F369,151,20,commons_56523014.jpg,a8b2d0fa08c17175bda627177a46276e8b3aa980960dcbab16e2137ef129462a,door,door,structure,intact,no_visible_damage,1280.78,330.85,1416.19,640.29,135.41,309.44,41901.27,0,manual,
HCVAT_E4652A18DB4BADBE,151,21,commons_56523014.jpg,a8b2d0fa08c17175bda627177a46276e8b3aa980960dcbab16e2137ef129462a,windshield,windshield,structure,intact,no_visible_damage,160.02,444.70,222.62,477.78,62.60,33.08,2070.81,0,manual,
HCVAT_A8EBA5A42AE7E4FC,151,22,commons_56523014.jpg,a8b2d0fa08c17175bda627177a46276e8b3aa980960dcbab16e2137ef129462a,wheel_tire,wheel_tire,mobility,intact,no_visible_damage,637.39,541.71,827.71,708.47,190.32,166.76,31737.76,0,manual,
HCVAT_FFF76039247FE21C,152,1,commons_57172831.jpg,9289d76dec6bd139850d5f82fac56c8e9284ae3f19218dd206cfad5914fd1e43,door,door,structure,intact,no_visible_damage,1191.04,347.14,1454.51,735.58,263.47,388.44,102342.29,0,manual,
HCVAT_68D3516BE9188754,152,2,commons_57172831.jpg,9289d76dec6bd139850d5f82fac56c8e9284ae3f19218dd206cfad5914fd1e43,windshield,windshield,structure,intact,no_visible_damage,450.99,325.83,1182.32,487.60,731.33,161.77,118307.25,0,manual,
HCVAT_FFFE9F7AFAB3ACAA,152,3,commons_57172831.jpg,9289d76dec6bd139850d5f82fac56c8e9284ae3f19218dd206cfad5914fd1e43,wheel_tire,wheel_tire,mobility,intact,no_visible_damage,327.00,888.62,522.67,1124.01,195.67,235.39,46058.76,0,manual,
HCVAT_60ABDA53B74442A8,152,4,commons_57172831.jpg,9289d76dec6bd139850d5f82fac56c8e9284ae3f19218dd206cfad5914fd1e43,wheel_tire,wheel_tire,mobility,intact,no_visible_damage,1114.52,882.72,1318.90,1124.98,204.38,242.26,49513.10,0,manual,
HCVAT_F1D60D58B8668CD1,152,5,commons_57172831.jpg,9289d76dec6bd139850d5f82fac56c8e9284ae3f19218dd206cfad5914fd1e43,weapons_station,weapon_station,mission_equipment,intact,no_visible_damage,642.78,83.67,979.87,297.74,337.09,214.07,72160.86,0,manual,
HCVAT_A71B1FB9F59DF9AA,152,6,commons_57172831.jpg,9289d76dec6bd139850d5f82fac56c8e9284ae3f19218dd206cfad5914fd1e43,engine_bay,engine_bay,structure,intact,no_visible_damage,351.21,484.69,1281.12,865.38,929.91,380.69,354007.44,0,manual,
HCVAT_214720F0F87823C3,153,1,commons_57172834.jpg,6dc38296b6de2857b36633ff5c72aba169d29e7d746503715251d89335501827,engine_bay,engine_bay,structure,intact,no_visible_damage,259.10,612.82,1141.39,935.20,882.29,322.38,284432.65,0,manual,
HCVAT_A4F68755FDA8EE20,153,2,commons_57172834.jpg,6dc38296b6de2857b36633ff5c72aba169d29e7d746503715251d89335501827,door,door,structure,intact,no_visible_damage,54.32,458.62,219.64,770.66,165.32,312.04,51586.45,0,manual,
HCVAT_F267F3D3591563D3,153,3,commons_57172834.jpg,6dc38296b6de2857b36633ff5c72aba169d29e7d746503715251d89335501827,door,door,structure,intact,no_visible_damage,1155.75,458.62,1264.24,850.22,108.49,391.60,42484.68,0,manual,
HCVAT_8A965FFC9A7D1644,153,4,commons_57172834.jpg,6dc38296b6de2857b36633ff5c72aba169d29e7d746503715251d89335501827,weapons_station,weapon_station,mission_equipment,intact,no_visible_damage,0.00,311.58,294.83,457.86,294.83,146.28,43127.73,0,manual,
HCVAT_0F97024CF8DE7090,153,5,commons_57172834.jpg,6dc38296b6de2857b36633ff5c72aba169d29e7d746503715251d89335501827,weapons_station,weapon_station,mission_equipment,intact,no_visible_damage,826.30,284.20,1206.58,447.70,380.28,163.50,62175.78,0,manual,
HCVAT_401C5F0FEB5BE299,153,6,commons_57172834.jpg,6dc38296b6de2857b36633ff5c72aba169d29e7d746503715251d89335501827,wheel_tire,wheel_tire,mobility,intact,no_visible_damage,936.70,833.69,1124.75,1254.21,188.05,420.52,79078.79,0,manual,
HCVAT_6DB22C3657C82A8A,153,7,commons_57172834.jpg,6dc38296b6de2857b36633ff5c72aba169d29e7d746503715251d89335501827,wheel_tire,wheel_tire,mobility,intact,no_visible_damage,300.23,1009.34,547.17,1158.12,246.94,148.78,36739.73,0,manual,
HCVAT_98FBDE7253B96FE9,153,8,commons_57172834.jpg,6dc38296b6de2857b36633ff5c72aba169d29e7d746503715251d89335501827,windshield,windshield,structure,intact,no_visible_damage,581.27,452.42,1150.58,621.87,569.31,169.45,96469.58,0,manual,
HCVAT_AA589550640E133A,153,9,commons_57172834.jpg,6dc38296b6de2857b36633ff5c72aba169d29e7d746503715251d89335501827,door,door,structure,intact,no_visible_damage,347.30,486.22,480.84,656.10,133.54,169.88,22685.78,0,manual,
HCVAT_AFFA7F8541363E66,153,10,commons_57172834.jpg,6dc38296b6de2857b36633ff5c72aba169d29e7d746503715251d89335501827,wheel_tire,wheel_tire,mobility,intact,no_visible_damage,1315.90,769.63,1450.22,1027.94,134.32,258.31,34696.20,0,manual,
HCVAT_3CA175E29F0740B5,154,1,commons_57213607.jpg,1dbd4ce43da00f50fcb4a3a43971d9951a6de0347ecd20b7ba8b1511f66adf02,windshield,windshield,structure,intact,no_visible_damage,536.04,357.38,1101.14,485.50,565.10,128.12,72400.61,0,manual,
HCVAT_A887DF38ADAB7709,154,2,commons_57213607.jpg,1dbd4ce43da00f50fcb4a3a43971d9951a6de0347ecd20b7ba8b1511f66adf02,weapons_station,weapon_station,mission_equipment,intact,no_visible_damage,643.20,125.48,956.31,343.98,313.11,218.50,68414.53,0,manual,
HCVAT_015962CC473E5D53,154,3,commons_57213607.jpg,1dbd4ce43da00f50fcb4a3a43971d9951a6de0347ecd20b7ba8b1511f66adf02,door,door,structure,intact,no_visible_damage,407.95,422.68,515.94,711.51,107.99,288.83,31190.75,0,manual,
HCVAT_C2E2317605353123,154,4,commons_57213607.jpg,1dbd4ce43da00f50fcb4a3a43971d9951a6de0347ecd20b7ba8b1511f66adf02,engine_bay,engine_bay,structure,intact,no_visible_damage,434.65,476.26,1229.23,756.72,794.58,280.46,222847.91,0,manual,
HCVAT_F025D3C1499BBE8C,154,5,commons_57213607.jpg,1dbd4ce43da00f50fcb4a3a43971d9951a6de0347ecd20b7ba8b1511f66adf02,wheel_tire,wheel_tire,mobility,intact,no_visible_damage,427.20,834.58,601.34,1121.74,174.14,287.16,50006.04,0,manual,
HCVAT_979C162E64C2F857,154,6,commons_57213607.jpg,1dbd4ce43da00f50fcb4a3a43971d9951a6de0347ecd20b7ba8b1511f66adf02,door,door,structure,intact,no_visible_damage,1116.96,375.80,1292.86,726.58,175.90,350.78,61702.20,0,manual,
HCVAT_33D85C99A091D0C2,154,7,commons_57213607.jpg,1dbd4ce43da00f50fcb4a3a43971d9951a6de0347ecd20b7ba8b1511f66adf02,wheel_tire,wheel_tire,mobility,intact,no_visible_damage,1059.20,826.21,1230.91,1113.36,171.71,287.15,49306.53,0,manual,
HCVAT_4DEB738DD66B9A10,155,1,commons_57213609.jpg,84605ab6001bf6a4f7d8927df9d4e6b963a0bb4b6856d02bb20279bbee23f3b2,windshield,windshield,structure,intact,no_visible_damage,603.49,276.54,1065.49,425.55,462.00,149.01,68842.62,0,manual,
HCVAT_0F355AFED4C02F74,155,2,commons_57213609.jpg,84605ab6001bf6a4f7d8927df9d4e6b963a0bb4b6856d02bb20279bbee23f3b2,wheel_tire,wheel_tire,mobility,intact,no_visible_damage,261.52,642.30,408.75,874.77,147.23,232.47,34226.56,0,manual,
HCVAT_A27742CCA2CB810E,155,3,commons_57213609.jpg,84605ab6001bf6a4f7d8927df9d4e6b963a0bb4b6856d02bb20279bbee23f3b2,door,door,structure,intact,no_visible_damage,505.69,304.91,638.92,694.56,133.23,389.65,51913.07,0,manual,
HCVAT_1A737FF61A0F5216,155,4,commons_57213609.jpg,84605ab6001bf6a4f7d8927df9d4e6b963a0bb4b6856d02bb20279bbee23f3b2,engine_bay,engine_bay,structure,intact,no_visible_damage,705.16,402.07,1412.28,704.29,707.12,302.22,213705.81,0,manual,
HCVAT_9A5BB228B7EB0CF0,155,5,commons_57213609.jpg,84605ab6001bf6a4f7d8927df9d4e6b963a0bb4b6856d02bb20279bbee23f3b2,wheel_tire,wheel_tire,mobility,intact,no_visible_damage,1039.94,801.17,1324.59,951.03,284.65,149.86,42657.65,0,manual,
HCVAT_8E92789939F9C0B2,155,6,commons_57213609.jpg,84605ab6001bf6a4f7d8927df9d4e6b963a0bb4b6856d02bb20279bbee23f3b2,wheel_tire,wheel_tire,mobility,intact,no_visible_damage,719.30,708.16,967.94,1095.87,248.64,387.71,96400.21,0,manual,
HCVAT_37871834AAFBAA40,155,7,commons_57213609.jpg,84605ab6001bf6a4f7d8927df9d4e6b963a0bb4b6856d02bb20279bbee23f3b2,weapons_station,weapon_station,mission_equipment,intact,no_visible_damage,489.34,90.40,969.02,288.64,479.68,198.24,95091.76,0,manual,
HCVAT_C15287DD8C2691A6,155,8,commons_57213609.jpg,84605ab6001bf6a4f7d8927df9d4e6b963a0bb4b6856d02bb20279bbee23f3b2,door,door,structure,intact,no_visible_damage,259.00,334.42,486.31,690.52,227.31,356.10,80945.09,0,manual,
HCVAT_A07F2FF2E2CB060A,156,1,commons_57213611.jpg,aa060b75edbeb69bec60954123f929312918086db0a904462f11c86bf66f9491,wheel_tire,wheel_tire,mobility,intact,no_visible_damage,1222.08,658.63,1354.11,845.19,132.03,186.56,24631.52,0,manual,
HCVAT_8A73F8C59394D587,156,2,commons_57213611.jpg,aa060b75edbeb69bec60954123f929312918086db0a904462f11c86bf66f9491,door,door,structure,intact,no_visible_damage,1335.00,371.71,1418.01,664.38,83.01,292.67,24294.54,0,manual,
HCVAT_0B836C54BF757B2D,156,3,commons_57213611.jpg,aa060b75edbeb69bec60954123f929312918086db0a904462f11c86bf66f9491,wheel_tire,wheel_tire,mobility,intact,no_visible_damage,735.96,681.29,1033.91,1070.08,297.95,388.79,115839.98,0,manual,
HCVAT_A52DE17E5D9DF6EA,156,4,commons_57213611.jpg,aa060b75edbeb69bec60954123f929312918086db0a904462f11c86bf66f9491,door,door,structure,intact,no_visible_damage,1100.70,338.56,1335.46,671.88,234.76,333.32,78250.20,0,manual,
HCVAT_1F2CFE69AD812E17,156,5,commons_57213611.jpg,aa060b75edbeb69bec60954123f929312918086db0a904462f11c86bf66f9491,weapons_station,weapon_station,mission_equipment,intact,no_visible_damage,806.76,127.67,1180.22,284.72,373.46,157.05,58651.89,0,manual,
HCVAT_AA01F1EC0136EBD5,157,1,commons_58361052.jpg,258f52ac6dc7285a3559586d941b1ac0e89bf427704a318c32633bf91a68d194,wheel_tire,wheel_tire,mobility,intact,no_visible_damage,927.44,646.22,1236.26,1058.00,308.82,411.78,127165.90,0,manual,
HCVAT_8AB72BE6328438E5,157,2,commons_58361052.jpg,258f52ac6dc7285a3559586d941b1ac0e89bf427704a318c32633bf91a68d194,engine_bay,engine_bay,structure,intact,no_visible_damage,366.00,406.56,1126.47,733.43,760.47,326.87,248574.83,0,manual,
HCVAT_093660580FAAAED0,157,3,commons_58361052.jpg,258f52ac6dc7285a3559586d941b1ac0e89bf427704a318c32633bf91a68d194,windshield,windshield,structure,intact,no_visible_damage,615.24,250.00,1132.45,408.55,517.21,158.55,82003.65,0,manual,
HCVAT_0523DBCDAA11549B,157,4,commons_58361052.jpg,258f52ac6dc7285a3559586d941b1ac0e89bf427704a318c32633bf91a68d194,weapons_station,weapon_station,mission_equipment,intact,no_visible_damage,846.59,56.84,1154.65,250.52,308.06,193.68,59665.06,0,manual,
HCVAT_07A469DE9933CD6D,157,5,commons_58361052.jpg,258f52ac6dc7285a3559586d941b1ac0e89bf427704a318c32633bf91a68d194,wheel_tire,wheel_tire,mobility,intact,no_visible_damage,385.72,745.94,634.06,883.62,248.34,137.68,34191.45,0,manual,
HCVAT_87B4CF457E03E3C4,157,6,commons_58361052.jpg,258f52ac6dc7285a3559586d941b1ac0e89bf427704a318c32633bf91a68d194,wheel_tire,wheel_tire,mobility,intact,no_visible_damage,1271.70,619.61,1334.02,736.64,62.32,117.03,7293.31,0,manual,
HCVAT_84885D83FCA97290,158,1,commons_58361970.jpg,042c4eaa92d4da7c46c7d3777d1acd90fd0c64939800bad5f1a339c0596d39fb,comms_equipment,comms_equipment,mission_equipment,intact,no_visible_damage,580.20,581.59,642.60,600.30,62.40,18.71,1167.50,0,manual,
HCVAT_CCF437EFD605090A,158,2,commons_58361970.jpg,042c4eaa92d4da7c46c7d3777d1acd90fd0c64939800bad5f1a339c0596d39fb,door,door,structure,intact,no_visible_damage,321.49,497.38,431.98,768.56,110.49,271.18,29962.68,0,manual,
HCVAT_E20BCA3C59F4169E,158,3,commons_58361970.jpg,042c4eaa92d4da7c46c7d3777d1acd90fd0c64939800bad5f1a339c0596d39fb,engine_bay,engine_bay,structure,intact,no_visible_damage,582.65,577.47,1294.19,753.86,711.54,176.39,125508.54,0,manual,
HCVAT_C8598C7422C0A0E5,158,4,commons_58361970.jpg,042c4eaa92d4da7c46c7d3777d1acd90fd0c64939800bad5f1a339c0596d39fb,windshield,windshield,structure,intact,no_visible_damage,543.79,425.99,1102.85,571.49,559.06,145.50,81343.23,0,manual,
HCVAT_0B000C75D9AD6D95,158,5,commons_58361970.jpg,042c4eaa92d4da7c46c7d3777d1acd90fd0c64939800bad5f1a339c0596d39fb,wheel_tire,wheel_tire,mobility,intact,no_visible_damage,1101.97,726.40,1278.92,972.29,176.95,245.89,43510.24,0,manual,
HCVAT_32DAD321EFA7045C,158,6,commons_58361970.jpg,042c4eaa92d4da7c46c7d3777d1acd90fd0c64939800bad5f1a339c0596d39fb,wheel_tire,wheel_tire,mobility,intact,no_visible_damage,224.31,692.34,386.30,941.56,161.99,249.22,40371.15,0,manual,
HCVAT_F97E85C5863D323E,158,7,commons_58361970.jpg,042c4eaa92d4da7c46c7d3777d1acd90fd0c64939800bad5f1a339c0596d39fb,door,door,structure,intact,no_visible_damage,431.36,582.71,538.09,782.83,106.73,200.12,21358.81,0,manual,
HCVAT_4038187DB0ABE816,158,8,commons_58361970.jpg,042c4eaa92d4da7c46c7d3777d1acd90fd0c64939800bad5f1a339c0596d39fb,wheel_tire,wheel_tire,mobility,intact,no_visible_damage,611.84,717.68,790.45,991.40,178.61,273.72,48889.13,0,manual,
HCVAT_F217812D0A77095A,159,1,commons_58361972.jpg,19ffb10d854ea56739007de061ca1d207f0fd243fa6be4c66f5f3bc26f6f1da7,windshield,windshield,structure,intact,no_visible_damage,467.55,414.02,909.21,523.11,441.66,109.09,48180.69,0,manual,
HCVAT_8A9C7DE708F29932,159,2,commons_58361972.jpg,19ffb10d854ea56739007de061ca1d207f0fd243fa6be4c66f5f3bc26f6f1da7,wheel_tire,wheel_tire,mobility,intact,no_visible_damage,484.01,614.48,580.50,806.53,96.49,192.05,18530.90,0,manual,
HCVAT_718D3500EC7A9730,159,3,commons_58361972.jpg,19ffb10d854ea56739007de061ca1d207f0fd243fa6be4c66f5f3bc26f6f1da7,wheel_tire,wheel_tire,mobility,intact,no_visible_damage,871.85,630.30,971.44,805.91,99.59,175.61,17489.00,0,manual,
HCVAT_85C54604F75D9A28,159,4,commons_58361972.jpg,19ffb10d854ea56739007de061ca1d207f0fd243fa6be4c66f5f3bc26f6f1da7,door,door,structure,intact,no_visible_damage,381.01,456.29,419.48,656.30,38.47,200.01,7694.38,0,manual,
HCVAT_721103D76C263ED7,159,5,commons_58361972.jpg,19ffb10d854ea56739007de061ca1d207f0fd243fa6be4c66f5f3bc26f6f1da7,wheel_tire,wheel_tire,mobility,intact,no_visible_damage,345.32,608.89,438.40,779.85,93.08,170.96,15912.96,0,manual,
HCVAT_AB30EFAE14924593,159,6,commons_58361972.jpg,19ffb10d854ea56739007de061ca1d207f0fd243fa6be4c66f5f3bc26f6f1da7,engine_bay,engine_bay,structure,intact,no_visible_damage,475.73,521.75,975.41,640.96,499.68,119.21,59566.85,0,manual,
HCVAT_DFC9F0B856BDF097,159,7,commons_58361972.jpg,19ffb10d854ea56739007de061ca1d207f0fd243fa6be4c66f5f3bc26f6f1da7,door,door,structure,intact,no_visible_damage,419.72,522.32,460.04,663.70,40.32,141.38,5700.44,0,manual,
HCVAT_6C7BE6E6F52F5C39,159,8,commons_58361972.jpg,19ffb10d854ea56739007de061ca1d207f0fd243fa6be4c66f5f3bc26f6f1da7,wheel_tire,wheel_tire,mobility,intact,no_visible_damage,712.68,718.11,805.45,781.71,92.77,63.60,5900.17,0,manual,
HCVAT_7E30CEA7ADC33026,160,1,commons_58362083.jpg,7bf4522ec17de15790406756ebd3fec7330ee7c9568e96c8adc0bfcf194d1549,wheel_tire,wheel_tire,mobility,intact,no_visible_damage,156.16,388.13,170.67,422.53,14.51,34.40,499.14,0,manual,
HCVAT_0CAF0A5306D9AA3B,160,2,commons_58362083.jpg,7bf4522ec17de15790406756ebd3fec7330ee7c9568e96c8adc0bfcf194d1549,weapons_station,weapon_station,mission_equipment,intact,no_visible_damage,308.60,292.36,335.28,312.62,26.68,20.26,540.54,0,manual,
HCVAT_527E29409F06700B,160,3,commons_58362083.jpg,7bf4522ec17de15790406756ebd3fec7330ee7c9568e96c8adc0bfcf194d1549,engine_bay,engine_bay,structure,intact,no_visible_damage,214.50,364.52,354.84,396.78,140.34,32.26,4527.37,0,manual,
HCVAT_83503401C8F13592,160,4,commons_58362083.jpg,7bf4522ec17de15790406756ebd3fec7330ee7c9568e96c8adc0bfcf194d1549,windshield,windshield,structure,intact,no_visible_damage,154.41,340.03,197.09,360.70,42.68,20.67,882.20,0,manual,
HCVAT_C7821CBEF9E6D59C,160,5,commons_58362083.jpg,7bf4522ec17de15790406756ebd3fec7330ee7c9568e96c8adc0bfcf194d1549,wheel_tire,wheel_tire,mobility,intact,no_visible_damage,944.46,372.62,969.80,422.50,25.34,49.88,1263.96,0,manual,
HCVAT_3EFCD60D890A6A72,160,6,commons_58362083.jpg,7bf4522ec17de15790406756ebd3fec7330ee7c9568e96c8adc0bfcf194d1549,windshield,windshield,structure,intact,no_visible_damage,472.67,327.36,566.75,352.23,94.08,24.87,2339.77,0,manual,
HCVAT_394F6C19DA8DF181,160,7,commons_58362083.jpg,7bf4522ec17de15790406756ebd3fec7330ee7c9568e96c8adc0bfcf194d1549,weapons_station,weapon_station,mission_equipment,intact,no_visible_damage,625.06,275.15,701.70,316.79,76.64,41.64,3191.29,0,manual,
HCVAT_976644F4BECF80B5,160,8,commons_58362083.jpg,7bf4522ec17de15790406756ebd3fec7330ee7c9568e96c8adc0bfcf194d1549,weapons_station,weapon_station,mission_equipment,intact,no_visible_damage,992.91,279.74,1064.06,316.06,71.15,36.32,2584.17,0,manual,
HCVAT_BDD86CF05899D78D,160,9,commons_58362083.jpg,7bf4522ec17de15790406756ebd3fec7330ee7c9568e96c8adc0bfcf194d1549,weapons_station,weapon_station,mission_equipment,intact,no_visible_damage,135.66,308.46,172.88,335.94,37.22,27.48,1022.81,0,manual,
HCVAT_57ADF5235A1A82C1,160,10,commons_58362083.jpg,7bf4522ec17de15790406756ebd3fec7330ee7c9568e96c8adc0bfcf194d1549,windshield,windshield,structure,intact,no_visible_damage,305.67,317.75,357.53,332.99,51.86,15.24,790.35,0,manual,
HCVAT_C629451B53F5751E,160,11,commons_58362083.jpg,7bf4522ec17de15790406756ebd3fec7330ee7c9568e96c8adc0bfcf194d1549,windshield,windshield,structure,intact,no_visible_damage,380.98,330.65,448.06,347.53,67.08,16.88,1132.31,0,manual,
HCVAT_B11B4AE8F7FB4FB2,160,12,commons_58362083.jpg,7bf4522ec17de15790406756ebd3fec7330ee7c9568e96c8adc0bfcf194d1549,windshield,windshield,structure,intact,no_visible_damage,1064.68,296.17,1285.41,341.67,220.73,45.50,10043.22,0,manual,
HCVAT_68024007439E8686,160,13,commons_58362083.jpg,7bf4522ec17de15790406756ebd3fec7330ee7c9568e96c8adc0bfcf194d1549,weapons_station,weapon_station,mission_equipment,intact,no_visible_damage,477.66,292.08,529.87,325.39,52.21,33.31,1739.12,0,manual,
HCVAT_54E57D1AC6021B3D,160,14,commons_58362083.jpg,7bf4522ec17de15790406756ebd3fec7330ee7c9568e96c8adc0bfcf194d1549,windshield,windshield,structure,intact,no_visible_damage,75.81,306.25,127.43,324.31,51.62,18.06,932.26,0,manual,
HCVAT_B84F5780B4AF8106,160,15,commons_58362083.jpg,7bf4522ec17de15790406756ebd3fec7330ee7c9568e96c8adc0bfcf194d1549,wheel_tire,wheel_tire,mobility,intact,no_visible_damage,733.16,385.04,756.81,426.92,23.65,41.88,990.46,0,manual,
HCVAT_ABE54744126A61D7,160,16,commons_58362083.jpg,7bf4522ec17de15790406756ebd3fec7330ee7c9568e96c8adc0bfcf194d1549,wheel_tire,wheel_tire,mobility,intact,no_visible_damage,993.32,385.24,1038.89,471.07,45.57,85.83,3911.27,0,manual,
HCVAT_F379D51A67AD1A63,160,17,commons_58362083.jpg,7bf4522ec17de15790406756ebd3fec7330ee7c9568e96c8adc0bfcf194d1549,door,door,structure,intact,no_visible_damage,1031.42,308.04,1064.85,423.02,33.43,114.98,3843.78,0,manual,
HCVAT_0AACA3A6A92E6DEF,160,18,commons_58362083.jpg,7bf4522ec17de15790406756ebd3fec7330ee7c9568e96c8adc0bfcf194d1549,engine_bay,engine_bay,structure,intact,no_visible_damage,469.38,352.15,573.74,378.78,104.36,26.63,2779.11,0,manual,
HCVAT_E31A8496BAAC14DF,160,19,commons_58362083.jpg,7bf4522ec17de15790406756ebd3fec7330ee7c9568e96c8adc0bfcf194d1549,wheel_tire,wheel_tire,mobility,intact,no_visible_damage,466.48,370.68,483.32,408.36,16.84,37.68,634.53,0,manual,
HCVAT_4DB3D0A31CDD7A5E,160,20,commons_58362083.jpg,7bf4522ec17de15790406756ebd3fec7330ee7c9568e96c8adc0bfcf194d1549,engine_bay,engine_bay,structure,intact,no_visible_damage,765.20,349.75,869.81,374.70,104.61,24.95,2610.02,0,manual,
HCVAT_1DCBF9A24CC6FEE6,160,21,commons_58362083.jpg,7bf4522ec17de15790406756ebd3fec7330ee7c9568e96c8adc0bfcf194d1549,wheel_tire,wheel_tire,mobility,intact,no_visible_damage,1275.05,400.66,1328.05,480.41,53.00,79.75,4226.75,0,manual,
HCVAT_A02DFEB146B13548,160,22,commons_58362083.jpg,7bf4522ec17de15790406756ebd3fec7330ee7c9568e96c8adc0bfcf194d1549,wheel_tire,wheel_tire,mobility,intact,no_visible_damage,1080.42,386.29,1134.21,481.25,53.79,94.96,5107.90,0,manual,
HCVAT_D677F49D4BC214D8,160,23,commons_58362083.jpg,7bf4522ec17de15790406756ebd3fec7330ee7c9568e96c8adc0bfcf194d1549,windshield,windshield,structure,intact,no_visible_damage,611.52,317.75,746.18,350.82,134.66,33.07,4453.21,0,manual,
HCVAT_1AC712109820543F,160,24,commons_58362083.jpg,7bf4522ec17de15790406756ebd3fec7330ee7c9568e96c8adc0bfcf194d1549,weapons_station,weapon_station,mission_equipment,intact,no_visible_damage,1071.71,217.41,1214.70,288.20,142.99,70.79,10122.26,0,manual,
HCVAT_FD2E75232DDC31A4,160,25,commons_58362083.jpg,7bf4522ec17de15790406756ebd3fec7330ee7c9568e96c8adc0bfcf194d1549,engine_bay,engine_bay,structure,intact,no_visible_damage,380.11,350.18,454.49,374.38,74.38,24.20,1800.00,0,manual,
HCVAT_ABDB6A381D0914F2,160,26,commons_58362083.jpg,7bf4522ec17de15790406756ebd3fec7330ee7c9568e96c8adc0bfcf194d1549,weapons_station,weapon_station,mission_equipment,intact,no_visible_damage,231.98,286.00,302.52,328.45,70.54,42.45,2994.42,0,manual,
HCVAT_2FE8E371E4880FB9,160,27,commons_58362083.jpg,7bf4522ec17de15790406756ebd3fec7330ee7c9568e96c8adc0bfcf194d1549,wheel_tire,wheel_tire,mobility,intact,no_visible_damage,214.36,393.28,237.33,444.26,22.97,50.98,1171.01,0,manual,
HCVAT_0A60B159384EA30F,160,28,commons_58362083.jpg,7bf4522ec17de15790406756ebd3fec7330ee7c9568e96c8adc0bfcf194d1549,windshield,windshield,structure,intact,no_visible_damage,206.69,329.01,345.56,366.53,138.87,37.52,5210.40,0,manual,
HCVAT_CD952CF97BE005C3,160,29,commons_58362083.jpg,7bf4522ec17de15790406756ebd3fec7330ee7c9568e96c8adc0bfcf194d1549,weapons_station,weapon_station,mission_equipment,intact,no_visible_damage,772.19,292.64,828.29,324.56,56.10,31.92,1790.71,0,manual,
HCVAT_FA3990090F6E6D5D,160,30,commons_58362083.jpg,7bf4522ec17de15790406756ebd3fec7330ee7c9568e96c8adc0bfcf194d1549,wheel_tire,wheel_tire,mobility,intact,no_visible_damage,557.06,372.62,573.20,408.00,16.14,35.38,571.03,0,manual,
HCVAT_2B089DD4773B7AE3,160,31,commons_58362083.jpg,7bf4522ec17de15790406756ebd3fec7330ee7c9568e96c8adc0bfcf194d1549,windshield,windshield,structure,intact,no_visible_damage,757.88,327.36,859.70,347.53,101.82,20.17,2053.71,0,manual,
HCVAT_B65EC34ACB036DD7,160,32,commons_58362083.jpg,7bf4522ec17de15790406756ebd3fec7330ee7c9568e96c8adc0bfcf194d1549,wheel_tire,wheel_tire,mobility,intact,no_visible_damage,850.88,383.12,867.72,409.06,16.84,25.94,436.83,0,manual,
HCVAT_739FDFC03B12E4F5,160,33,commons_58362083.jpg,7bf4522ec17de15790406756ebd3fec7330ee7c9568e96c8adc0bfcf194d1549,door,door,structure,intact,no_visible_damage,1007.65,307.39,1035.30,419.81,27.65,112.42,3108.41,0,manual,
HCVAT_FC7E30C405998487,160,34,commons_58362083.jpg,7bf4522ec17de15790406756ebd3fec7330ee7c9568e96c8adc0bfcf194d1549,wheel_tire,wheel_tire,mobility,intact,no_visible_damage,113.37,379.90,126.76,409.08,13.39,29.18,390.72,0,manual,
HCVAT_A9C62EFB06A38CC4,160,35,commons_58362083.jpg,7bf4522ec17de15790406756ebd3fec7330ee7c9568e96c8adc0bfcf194d1549,wheel_tire,wheel_tire,mobility,intact,no_visible_damage,1174.42,438.63,1218.50,470.09,44.08,31.46,1386.76,0,manual,
HCVAT_E7E30B94E2A1723A,160,36,commons_58362083.jpg,7bf4522ec17de15790406756ebd3fec7330ee7c9568e96c8adc0bfcf194d1549,comms_equipment,comms_equipment,mission_equipment,intact,no_visible_damage,1076.86,284.22,1099.62,350.49,22.76,66.27,1508.31,0,manual,
HCVAT_0B638A9E4520746A,160,37,commons_58362083.jpg,7bf4522ec17de15790406756ebd3fec7330ee7c9568e96c8adc0bfcf194d1549,windshield,windshield,structure,intact,no_visible_damage,112.65,340.26,144.55,359.26,31.90,19.00,606.10,0,manual,
HCVAT_2BD53BB7EE2F4D91,160,38,commons_58362083.jpg,7bf4522ec17de15790406756ebd3fec7330ee7c9568e96c8adc0bfcf194d1549,wheel_tire,wheel_tire,mobility,intact,no_visible_damage,617.68,374.18,643.81,427.79,26.13,53.61,1400.83,0,manual,
HCVAT_AEF85334D952F4A3,160,39,commons_58362083.jpg,7bf4522ec17de15790406756ebd3fec7330ee7c9568e96c8adc0bfcf194d1549,wheel_tire,wheel_tire,mobility,intact,no_visible_damage,336.13,390.12,357.17,437.96,21.04,47.84,1006.55,0,manual,
HCVAT_980446301E4031E9,160,40,commons_58362083.jpg,7bf4522ec17de15790406756ebd3fec7330ee7c9568e96c8adc0bfcf194d1549,wheel_tire,wheel_tire,mobility,intact,no_visible_damage,761.72,366.82,781.70,406.94,19.98,40.12,801.60,0,manual,
HCVAT_97B94BEB31D33610,160,41,commons_58362083.jpg,7bf4522ec17de15790406756ebd3fec7330ee7c9568e96c8adc0bfcf194d1549,weapons_station,weapon_station,mission_equipment,intact,no_visible_damage,389.66,299.30,435.77,329.28,46.11,29.98,1382.38,0,manual,
HCVAT_14B2BBAAE9C30F52,160,42,commons_58362083.jpg,7bf4522ec17de15790406756ebd3fec7330ee7c9568e96c8adc0bfcf194d1549,engine_bay,engine_bay,structure,intact,no_visible_damage,620.05,350.23,758.72,385.50,138.67,35.27,4890.89,0,manual,
HCVAT_999FD49121C7977F,160,43,commons_58362083.jpg,7bf4522ec17de15790406756ebd3fec7330ee7c9568e96c8adc0bfcf194d1549,weapons_station,weapon_station,mission_equipment,intact,no_visible_damage,181.74,299.85,222.85,332.33,41.11,32.48,1335.25,0,manual,
HCVAT_4808C20E383FA69E,160,44,commons_58362083.jpg,7bf4522ec17de15790406756ebd3fec7330ee7c9568e96c8adc0bfcf194d1549,wheel_tire,wheel_tire,mobility,intact,no_visible_damage,586.69,373.31,608.41,424.64,21.72,51.33,1114.89,0,manual,
HCVAT_86654F717101BC7C,160,45,commons_58362083.jpg,7bf4522ec17de15790406756ebd3fec7330ee7c9568e96c8adc0bfcf194d1549,engine_bay,engine_bay,structure,intact,no_visible_damage,1074.46,345.43,1329.74,402.30,255.28,56.87,14517.77,0,manual,
HCVAT_C430054C897F027C,161,1,commons_58364027.jpg,4a57255ffe3cad77302e7b557082db35a3eb955ae11d010b8cbef1f203f2d4d5,wheel_tire,wheel_tire,mobility,intact,no_visible_damage,484.04,744.60,635.91,925.48,151.87,180.88,27470.25,0,manual,
HCVAT_BB2141E61CFBD497,161,2,commons_58364027.jpg,4a57255ffe3cad77302e7b557082db35a3eb955ae11d010b8cbef1f203f2d4d5,windshield,windshield,structure,intact,no_visible_damage,673.03,564.04,919.81,659.90,246.78,95.86,23656.33,0,manual,
HCVAT_31CFC52670A5C92B,161,3,commons_58364027.jpg,4a57255ffe3cad77302e7b557082db35a3eb955ae11d010b8cbef1f203f2d4d5,wheel_tire,wheel_tire,mobility,intact,no_visible_damage,369.15,711.61,462.43,816.27,93.28,104.66,9762.68,0,manual,
HCVAT_F839FDEEDF996099,161,4,commons_58364027.jpg,4a57255ffe3cad77302e7b557082db35a3eb955ae11d010b8cbef1f203f2d4d5,wheel_tire,wheel_tire,mobility,intact,no_visible_damage,1032.92,788.97,1264.42,1006.25,231.50,217.28,50300.32,0,manual,
HCVAT_2F06CC7DD1B7558C,161,5,commons_58364027.jpg,4a57255ffe3cad77302e7b557082db35a3eb955ae11d010b8cbef1f203f2d4d5,door,door,structure,intact,no_visible_damage,822.47,611.24,1001.41,820.65,178.94,209.41,37471.83,0,manual,
HCVAT_9AEBD257C1A26FCC,161,6,commons_58364027.jpg,4a57255ffe3cad77302e7b557082db35a3eb955ae11d010b8cbef1f203f2d4d5,wheel_tire,wheel_tire,mobility,unknown,unobservable,714.97,845.85,830.43,882.25,115.46,36.40,4202.74,0,manual,
HCVAT_B97004718656839F,161,7,commons_58364027.jpg,4a57255ffe3cad77302e7b557082db35a3eb955ae11d010b8cbef1f203f2d4d5,windshield,windshield,structure,intact,no_visible_damage,611.09,595.50,790.03,657.45,178.94,61.95,11085.33,0,manual,
HCVAT_FF92D56F0DF7204E,161,8,commons_58364027.jpg,4a57255ffe3cad77302e7b557082db35a3eb955ae11d010b8cbef1f203f2d4d5,door,door,structure,intact,no_visible_damage,667.13,671.65,816.57,816.72,149.44,145.07,21679.26,0,manual,
HCVAT_4DB90C70436628E7,161,9,commons_58364027.jpg,4a57255ffe3cad77302e7b557082db35a3eb955ae11d010b8cbef1f203f2d4d5,wheel_tire,wheel_tire,mobility,intact,no_visible_damage,1251.91,816.21,1408.32,936.85,156.41,120.64,18869.30,0,manual,
HCVAT_DF879EE6845E8BE7,162,1,commons_58364035.jpg,71037115bfc9834ec477094623edf958f9c5e85d3fac7e79c9c933425dd50532,door,door,structure,intact,no_visible_damage,1096.08,394.97,1418.53,806.40,322.45,411.43,132665.60,0,manual,
HCVAT_89B26471E9876734,162,2,commons_58364035.jpg,71037115bfc9834ec477094623edf958f9c5e85d3fac7e79c9c933425dd50532,windshield,windshield,structure,intact,no_visible_damage,1093.34,106.08,1600.00,383.35,506.66,277.27,140481.62,0,manual,
HCVAT_5B270ADC8992F1D4,162,3,commons_58364035.jpg,71037115bfc9834ec477094623edf958f9c5e85d3fac7e79c9c933425dd50532,wheel_tire,wheel_tire,mobility,intact,no_visible_damage,800.06,592.31,1105.80,1026.65,305.74,434.34,132795.11,0,manual,
HCVAT_E1C304D328169440,162,4,commons_58364035.jpg,71037115bfc9834ec477094623edf958f9c5e85d3fac7e79c9c933425dd50532,door,door,structure,intact,no_visible_damage,1390.34,176.47,1600.00,821.40,209.66,644.93,135216.02,0,manual,
HCVAT_843D81404CB03D4A,163,1,commons_58366958.jpg,b21bcc18dff1ecbb67ebe0a39c047a015793e6719732d577101127cb9d85d27e,wheel_tire,wheel_tire,mobility,intact,no_visible_damage,1030.83,633.34,1113.66,752.66,82.83,119.32,9883.28,0,manual,
HCVAT_ED11DFDC1C889351,163,2,commons_58366958.jpg,b21bcc18dff1ecbb67ebe0a39c047a015793e6719732d577101127cb9d85d27e,door,door,structure,intact,no_visible_damage,645.41,309.34,736.21,471.02,90.80,161.68,14680.54,0,manual,
HCVAT_DB7D7361EC6C0F52,163,3,commons_58366958.jpg,b21bcc18dff1ecbb67ebe0a39c047a015793e6719732d577101127cb9d85d27e,wheel_tire,wheel_tire,mobility,intact,no_visible_damage,522.52,465.47,651.19,596.86,128.67,131.39,16905.95,0,manual,
HCVAT_203EA0DBDD321960,163,4,commons_58366958.jpg,b21bcc18dff1ecbb67ebe0a39c047a015793e6719732d577101127cb9d85d27e,engine_bay,engine_bay,structure,intact,no_visible_damage,290.33,396.71,344.30,455.70,53.97,58.99,3183.69,0,manual,
HCVAT_84CA5AE41093B148,163,5,commons_58366958.jpg,b21bcc18dff1ecbb67ebe0a39c047a015793e6719732d577101127cb9d85d27e,engine_bay,engine_bay,structure,intact,no_visible_damage,377.88,372.40,612.96,490.07,235.08,117.67,27661.86,0,manual,
HCVAT_B9196F1050B545B2,163,6,commons_58366958.jpg,b21bcc18dff1ecbb67ebe0a39c047a015793e6719732d577101127cb9d85d27e,wheel_tire,wheel_tire,mobility,unknown,unobservable,1296.60,445.09,1316.92,543.01,20.32,97.92,1989.73,0,manual,
HCVAT_04C2C6591F364B8C,163,7,commons_58366958.jpg,b21bcc18dff1ecbb67ebe0a39c047a015793e6719732d577101127cb9d85d27e,door,door,structure,intact,no_visible_damage,1203.90,245.44,1262.49,454.75,58.59,209.31,12263.47,0,manual,
HCVAT_07C493116A826D0C,163,8,commons_58366958.jpg,b21bcc18dff1ecbb67ebe0a39c047a015793e6719732d577101127cb9d85d27e,weapons_station,weapon_station,mission_equipment,intact,no_visible_damage,1005.88,100.05,1225.11,234.45,219.23,134.40,29464.51,0,manual,
HCVAT_0A0C09E61E8FD087,163,9,commons_58366958.jpg,b21bcc18dff1ecbb67ebe0a39c047a015793e6719732d577101127cb9d85d27e,windshield,windshield,structure,intact,no_visible_damage,504.87,306.05,659.59,370.40,154.72,64.35,9956.23,0,manual,
HCVAT_EC2ED9EAFFB52BA3,163,10,commons_58366958.jpg,b21bcc18dff1ecbb67ebe0a39c047a015793e6719732d577101127cb9d85d27e,windshield,windshield,structure,intact,no_visible_damage,380.66,356.48,456.47,395.62,75.81,39.14,2967.20,0,manual,
HCVAT_D794EC063EB38E2F,163,11,commons_58366958.jpg,b21bcc18dff1ecbb67ebe0a39c047a015793e6719732d577101127cb9d85d27e,weapons_station,weapon_station,mission_equipment,intact,no_visible_damage,680.63,229.06,798.65,297.09,118.02,68.03,8028.90,0,manual,
HCVAT_E6ECDC64372147FF,163,12,commons_58366958.jpg,b21bcc18dff1ecbb67ebe0a39c047a015793e6719732d577101127cb9d85d27e,engine_bay,engine_bay,structure,intact,no_visible_damage,674.87,340.99,1177.17,652.40,502.30,311.41,156421.24,0,manual,
HCVAT_9410145FC967B64F,163,13,commons_58366958.jpg,b21bcc18dff1ecbb67ebe0a39c047a015793e6719732d577101127cb9d85d27e,weapons_station,weapon_station,mission_equipment,intact,no_visible_damage,441.52,276.60,541.10,333.56,99.58,56.96,5672.08,0,manual,
HCVAT_8FF0A8AF90EA1775,163,14,commons_58366958.jpg,b21bcc18dff1ecbb67ebe0a39c047a015793e6719732d577101127cb9d85d27e,windshield,windshield,structure,intact,no_visible_damage,858.27,238.27,1197.26,341.59,338.99,103.32,35024.45,0,manual,
HCVAT_0181F63F609BEB9D,164,1,commons_58366972.jpg,da88b03a842dc17e95bf9e557c55161adb034ae4b060a83bd2728da2e8d33f4f,wheel_tire,wheel_tire,mobility,intact,no_visible_damage,382.79,605.66,457.40,635.29,74.61,29.63,2210.69,0,manual,
HCVAT_C6919963E4EE6A42,164,2,commons_58366972.jpg,da88b03a842dc17e95bf9e557c55161adb034ae4b060a83bd2728da2e8d33f4f,door,door,structure,intact,no_visible_damage,836.97,434.22,885.32,553.27,48.35,119.05,5756.07,0,manual,
HCVAT_4822225CCF2264BF,164,3,commons_58366972.jpg,da88b03a842dc17e95bf9e557c55161adb034ae4b060a83bd2728da2e8d33f4f,engine_bay,engine_bay,structure,intact,no_visible_damage,361.00,514.51,534.37,580.90,173.37,66.39,11510.03,0,manual,
HCVAT_0CF97F92675D05C8,164,4,commons_58366972.jpg,da88b03a842dc17e95bf9e557c55161adb034ae4b060a83bd2728da2e8d33f4f,wheel_tire,wheel_tire,mobility,unknown,unobservable,592.63,625.67,682.05,660.50,89.42,34.83,3114.50,0,manual,
HCVAT_97014A4EFE052B33,164,5,commons_58366972.jpg,da88b03a842dc17e95bf9e557c55161adb034ae4b060a83bd2728da2e8d33f4f,windshield,windshield,structure,intact,no_visible_damage,1099.97,295.43,1462.50,404.31,362.53,108.88,39472.27,0,manual,
HCVAT_6A4610F18103A07D,164,6,commons_58366972.jpg,da88b03a842dc17e95bf9e557c55161adb034ae4b060a83bd2728da2e8d33f4f,engine_bay,engine_bay,structure,intact,no_visible_damage,537.10,484.61,812.51,602.30,275.41,117.69,32413.00,0,manual,
HCVAT_213A60BCB9F63222,164,7,commons_58366972.jpg,da88b03a842dc17e95bf9e557c55161adb034ae4b060a83bd2728da2e8d33f4f,windshield,windshield,structure,intact,no_visible_damage,456.28,473.34,566.55,514.48,110.27,41.14,4536.51,0,manual,
HCVAT_E296AF5B63B4244B,164,8,commons_58366972.jpg,da88b03a842dc17e95bf9e557c55161adb034ae4b060a83bd2728da2e8d33f4f,engine_bay,engine_bay,structure,intact,no_visible_damage,1020.03,380.88,1524.21,571.73,504.18,190.85,96222.75,0,manual,
HCVAT_946BB80A500772CA,164,9,commons_58366972.jpg,da88b03a842dc17e95bf9e557c55161adb034ae4b060a83bd2728da2e8d33f4f,wheel_tire,wheel_tire,mobility,intact,no_visible_damage,924.53,554.92,981.59,639.67,57.06,84.75,4835.84,0,manual,
HCVAT_322C77AC635E440E,164,10,commons_58366972.jpg,da88b03a842dc17e95bf9e557c55161adb034ae4b060a83bd2728da2e8d33f4f,wheel_tire,wheel_tire,mobility,intact,no_visible_damage,997.22,606.76,1114.90,746.10,117.68,139.34,16397.53,0,manual,
HCVAT_0F6D3C1A093B48F1,164,11,commons_58366972.jpg,da88b03a842dc17e95bf9e557c55161adb034ae4b060a83bd2728da2e8d33f4f,wheel_tire,wheel_tire,mobility,intact,no_visible_damage,362.22,589.75,389.92,624.59,27.70,34.84,965.07,0,manual,
HCVAT_A2B9C0C4705771BD,164,12,commons_58366972.jpg,da88b03a842dc17e95bf9e557c55161adb034ae4b060a83bd2728da2e8d33f4f,comms_equipment,comms_equipment,mission_equipment,intact,no_visible_damage,1060.07,386.64,1121.52,411.61,61.45,24.97,1534.41,0,manual,
HCVAT_E5E83E13B85216C4,164,13,commons_58366972.jpg,da88b03a842dc17e95bf9e557c55161adb034ae4b060a83bd2728da2e8d33f4f,windshield,windshield,structure,intact,no_visible_damage,674.35,429.18,831.25,485.68,156.90,56.50,8864.85,0,manual,
HCVAT_F3D85201468E21B9,164,14,commons_58366972.jpg,da88b03a842dc17e95bf9e557c55161adb034ae4b060a83bd2728da2e8d33f4f,wheel_tire,wheel_tire,mobility,intact,no_visible_damage,770.65,562.32,834.29,685.76,63.64,123.44,7855.72,0,manual,
HCVAT_4E044D680176C5F7,164,15,commons_58366972.jpg,da88b03a842dc17e95bf9e557c55161adb034ae4b060a83bd2728da2e8d33f4f,wheel_tire,wheel_tire,mobility,intact,no_visible_damage,464.81,568.63,547.92,653.12,83.11,84.49,7021.96,0,manual,
HCVAT_E03CC4FD0F4E0492,164,16,commons_58366972.jpg,da88b03a842dc17e95bf9e557c55161adb034ae4b060a83bd2728da2e8d33f4f,wheel_tire,wheel_tire,mobility,intact,no_visible_damage,1410.07,600.68,1575.71,832.48,165.64,231.80,38395.35,0,manual,
HCVAT_65E835D408B0E1CA,164,17,commons_58366972.jpg,da88b03a842dc17e95bf9e557c55161adb034ae4b060a83bd2728da2e8d33f4f,weapons_station,weapon_station,mission_equipment,intact,no_visible_damage,766.92,361.16,881.10,429.16,114.18,68.00,7764.24,0,manual,
HCVAT_723D65F61572C888,164,18,commons_58366972.jpg,da88b03a842dc17e95bf9e557c55161adb034ae4b060a83bd2728da2e8d33f4f,weapons_station,weapon_station,mission_equipment,intact,no_visible_damage,414.16,461.21,482.16,502.30,68.00,41.09,2794.12,0,manual,
HCVAT_F0A5A227717A8D99,164,19,commons_58366972.jpg,da88b03a842dc17e95bf9e557c55161adb034ae4b060a83bd2728da2e8d33f4f,weapons_station,weapon_station,mission_equipment,intact,no_visible_damage,585.94,430.40,663.33,470.07,77.39,39.67,3070.06,0,manual,
HCVAT_CEBD84592A9F51B5,164,20,commons_58366972.jpg,da88b03a842dc17e95bf9e557c55161adb034ae4b060a83bd2728da2e8d33f4f,door,door,structure,intact,no_visible_damage,882.84,439.55,925.89,549.17,43.05,109.62,4719.14,0,manual,
HCVAT_6902F55EC05B4796,165,1,commons_58366992.jpg,c73fba801629a64b7de911722815ae5d1076d4e32c9f47dc801c819d47cf9a04,wheel_tire,wheel_tire,mobility,intact,no_visible_damage,603.90,648.18,861.84,991.71,257.94,343.53,88610.13,0,manual,
HCVAT_6D783F0A6DE5C66E,165,2,commons_58366992.jpg,c73fba801629a64b7de911722815ae5d1076d4e32c9f47dc801c819d47cf9a04,door,door,structure,intact,no_visible_damage,1351.32,294.37,1481.31,494.87,129.99,200.50,26063.00,0,manual,
HCVAT_37E861E5BA323AE1,165,3,commons_58366992.jpg,c73fba801629a64b7de911722815ae5d1076d4e32c9f47dc801c819d47cf9a04,weapons_station,weapon_station,mission_equipment,intact,no_visible_damage,437.97,117.31,749.40,271.12,311.43,153.81,47901.05,0,manual,
HCVAT_39889851EEA8BF33,165,4,commons_58366992.jpg,c73fba801629a64b7de911722815ae5d1076d4e32c9f47dc801c819d47cf9a04,weapons_station,weapon_station,mission_equipment,intact,no_visible_damage,1406.25,173.82,1600.00,274.94,193.75,101.12,19592.00,0,manual,
HCVAT_BDB55A7B8C926F9F,165,5,commons_58366992.jpg,c73fba801629a64b7de911722815ae5d1076d4e32c9f47dc801c819d47cf9a04,engine_bay,engine_bay,structure,intact,no_visible_damage,666.84,440.54,1328.40,701.30,661.56,260.76,172508.39,0,manual,
HCVAT_89F53BE6736E53BD,165,6,commons_58366992.jpg,c73fba801629a64b7de911722815ae5d1076d4e32c9f47dc801c819d47cf9a04,windshield,windshield,structure,intact,no_visible_damage,607.45,282.26,1090.69,428.27,483.24,146.01,70557.87,0,manual,
HCVAT_82FD099AD7B98E43,165,7,commons_58366992.jpg,c73fba801629a64b7de911722815ae5d1076d4e32c9f47dc801c819d47cf9a04,wheel_tire,wheel_tire,mobility,intact,no_visible_damage,178.24,599.89,333.32,829.74,155.08,229.85,35645.14,0,manual,
HCVAT_E230F94AAF080131,165,8,commons_58366992.jpg,c73fba801629a64b7de911722815ae5d1076d4e32c9f47dc801c819d47cf9a04,door,door,structure,intact,no_visible_damage,458.01,288.65,609.40,679.96,151.39,391.31,59240.42,0,manual,
HCVAT_F6C742D4B2FE7ACE,165,9,commons_58366992.jpg,c73fba801629a64b7de911722815ae5d1076d4e32c9f47dc801c819d47cf9a04,door,door,structure,intact,no_visible_damage,1492.32,288.87,1600.00,498.54,107.68,209.67,22577.27,0,manual,
HCVAT_42D4B1C454F5CBF3,165,10,commons_58366992.jpg,c73fba801629a64b7de911722815ae5d1076d4e32c9f47dc801c819d47cf9a04,door,door,structure,intact,no_visible_damage,311.02,305.37,431.95,654.89,120.93,349.52,42267.45,0,manual,
HCVAT_0BC0C487B6328D13,165,11,commons_58366992.jpg,c73fba801629a64b7de911722815ae5d1076d4e32c9f47dc801c819d47cf9a04,wheel_tire,wheel_tire,mobility,intact,no_visible_damage,1089.16,721.58,1323.90,882.64,234.74,161.06,37807.22,0,manual,
HCVAT_1F4017F28BE2F390,166,1,commons_58366999.jpg,152950d12e2665060506a2e730bcba39ab6925b6308e45b8f1b0ac8b0260cb7e,windshield,windshield,structure,intact,no_visible_damage,545.41,277.36,982.39,426.09,436.98,148.73,64992.04,0,manual,
HCVAT_09DFBDA9CD62309D,166,2,commons_58366999.jpg,152950d12e2665060506a2e730bcba39ab6925b6308e45b8f1b0ac8b0260cb7e,engine_bay,engine_bay,structure,intact,no_visible_damage,587.64,432.50,1311.80,761.10,724.16,328.60,237958.98,0,manual,
HCVAT_D6B778713CF553CA,166,3,commons_58366999.jpg,152950d12e2665060506a2e730bcba39ab6925b6308e45b8f1b0ac8b0260cb7e,wheel_tire,wheel_tire,mobility,intact,no_visible_damage,535.80,641.69,783.90,974.03,248.10,332.34,82453.55,0,manual,
HCVAT_05AC301ACB8BE0D7,166,4,commons_58366999.jpg,152950d12e2665060506a2e730bcba39ab6925b6308e45b8f1b0ac8b0260cb7e,door,door,structure,intact,no_visible_damage,410.42,290.23,529.43,613.20,119.01,322.97,38436.66,0,manual,
HCVAT_E207EEE6BAD8AC6A,166,5,commons_58366999.jpg,152950d12e2665060506a2e730bcba39ab6925b6308e45b8f1b0ac8b0260cb7e,door,door,structure,intact,no_visible_damage,307.20,299.08,426.20,597.96,119.00,298.88,35566.72,0,manual,
HCVAT_F190E500AB43CCCE,166,6,commons_58366999.jpg,152950d12e2665060506a2e730bcba39ab6925b6308e45b8f1b0ac8b0260cb7e,wheel_tire,wheel_tire,mobility,intact,no_visible_damage,163.97,608.12,320.20,838.46,156.23,230.34,35986.02,0,manual,
HCVAT_B3C63D2C837E8963,166,7,commons_58366999.jpg,152950d12e2665060506a2e730bcba39ab6925b6308e45b8f1b0ac8b0260cb7e,wheel_tire,wheel_tire,mobility,unknown,unobservable,963.50,808.85,1190.61,897.03,227.11,88.18,20026.56,0,manual,
HCVAT_16F3EE17FA5FFC1E,166,8,commons_58366999.jpg,152950d12e2665060506a2e730bcba39ab6925b6308e45b8f1b0ac8b0260cb7e,wheel_tire,wheel_tire,mobility,intact,no_visible_damage,1413.12,586.07,1593.04,748.78,179.92,162.71,29274.78,0,manual,
HCVAT_F4969C445D7456B3,166,9,commons_58366999.jpg,152950d12e2665060506a2e730bcba39ab6925b6308e45b8f1b0ac8b0260cb7e,weapons_station,weapon_station,mission_equipment,intact,no_visible_damage,423.77,103.00,746.23,270.39,322.46,167.39,53976.58,0,manual,
HCVAT_744F99BABF2772F8,167,1,commons_58369221.jpg,4ab264c4597722895b0ac15937bd3a50ab4db64fcb0e651d6e05db2452865295,wheel_tire,wheel_tire,mobility,intact,no_visible_damage,385.36,648.26,654.95,1016.52,269.59,368.26,99279.21,0,manual,
HCVAT_865DCF340D83789D,167,2,commons_58369221.jpg,4ab264c4597722895b0ac15937bd3a50ab4db64fcb0e651d6e05db2452865295,wheel_tire,wheel_tire,mobility,unknown,unobservable,876.75,801.31,1109.07,898.43,232.32,97.12,22562.92,0,manual,
HCVAT_1ECCB586019F6D09,167,3,commons_58369221.jpg,4ab264c4597722895b0ac15937bd3a50ab4db64fcb0e651d6e05db2452865295,weapons_station,weapon_station,mission_equipment,intact,no_visible_damage,309.59,140.79,627.64,262.40,318.05,121.61,38678.06,0,manual,
HCVAT_4361B440447C4CB7,167,4,commons_58369221.jpg,4ab264c4597722895b0ac15937bd3a50ab4db64fcb0e651d6e05db2452865295,door,door,structure,intact,no_visible_damage,283.69,279.46,373.16,625.00,89.47,345.54,30915.46,0,manual,
HCVAT_984CE328B189CF90,167,5,commons_58369221.jpg,4ab264c4597722895b0ac15937bd3a50ab4db64fcb0e651d6e05db2452865295,wheel_tire,wheel_tire,mobility,intact,no_visible_damage,127.22,622.71,270.83,867.63,143.61,244.92,35172.96,0,manual,
HCVAT_2F01D1A0A580AF3C,167,6,commons_58369221.jpg,4ab264c4597722895b0ac15937bd3a50ab4db64fcb0e651d6e05db2452865295,windshield,windshield,structure,intact,no_visible_damage,388.45,266.33,878.76,404.96,490.31,138.63,67971.68,0,manual,
HCVAT_5846976600F5958F,167,7,commons_58369221.jpg,4ab264c4597722895b0ac15937bd3a50ab4db64fcb0e651d6e05db2452865295,engine_bay,engine_bay,structure,intact,no_visible_damage,429.63,408.94,1224.73,764.70,795.10,355.76,282864.78,0,manual,
HCVAT_6CE5D25B847F77A7,167,8,commons_58369221.jpg,4ab264c4597722895b0ac15937bd3a50ab4db64fcb0e651d6e05db2452865295,door,door,structure,intact,no_visible_damage,198.15,304.53,291.11,612.76,92.96,308.23,28653.06,0,manual,
HCVAT_DB4A840D42191F64,168,1,commons_58373231.jpg,4d3749886516c24da8a8ed7acc2b32d58e377b9f38353655b069b5745615451b,wheel_tire,wheel_tire,mobility,intact,no_visible_damage,820.80,702.00,1038.20,1027.60,217.40,325.60,70785.44,0,manual,
HCVAT_3E66ADB486CDEAD0,168,2,commons_58373231.jpg,4d3749886516c24da8a8ed7acc2b32d58e377b9f38353655b069b5745615451b,windshield,windshield,structure,intact,no_visible_damage,643.20,374.37,1022.34,507.96,379.14,133.59,50649.31,0,manual,
HCVAT_04D96902627106F4,168,3,commons_58373231.jpg,4d3749886516c24da8a8ed7acc2b32d58e377b9f38353655b069b5745615451b,wheel_tire,wheel_tire,mobility,intact,no_visible_damage,478.67,795.41,677.98,936.32,199.31,140.91,28084.77,0,manual,
HCVAT_D6DC772752C55311,168,4,commons_58373231.jpg,4d3749886516c24da8a8ed7acc2b32d58e377b9f38353655b069b5745615451b,engine_bay,engine_bay,structure,intact,no_visible_damage,372.06,494.08,991.50,820.90,619.44,326.82,202445.38,0,manual,
HCVAT_D8711F3FC1C918C8,168,5,commons_58373231.jpg,4d3749886516c24da8a8ed7acc2b32d58e377b9f38353655b069b5745615451b,wheel_tire,wheel_tire,mobility,intact,no_visible_damage,1183.71,658.49,1287.21,842.57,103.50,184.08,19052.28,0,manual,
HCVAT_77251865CB70DE74,168,6,commons_58373231.jpg,4d3749886516c24da8a8ed7acc2b32d58e377b9f38353655b069b5745615451b,door,door,structure,intact,no_visible_damage,1022.60,357.91,1243.46,703.20,220.86,345.29,76260.75,0,manual,
HCVAT_1AC91B029E5C556A,168,7,commons_58373231.jpg,4d3749886516c24da8a8ed7acc2b32d58e377b9f38353655b069b5745615451b,weapons_station,weapon_station,mission_equipment,intact,no_visible_damage,748.82,175.15,1076.61,390.47,327.79,215.32,70579.74,0,manual,
HCVAT_32E434956BAFEC3E,169,1,commons_58376074.jpg,e467709392dbfc5b49ebf7f4d5043d46817236fd139b9da1dd60d4ba8a487a3f,wheel_tire,wheel_tire,mobility,unknown,unobservable,964.40,646.94,1085.69,700.16,121.29,53.22,6455.05,0,manual,
HCVAT_993D762F757A00BA,169,2,commons_58376074.jpg,e467709392dbfc5b49ebf7f4d5043d46817236fd139b9da1dd60d4ba8a487a3f,engine_bay,engine_bay,structure,intact,no_visible_damage,1247.78,487.87,1293.06,543.35,45.28,55.48,2512.13,0,manual,
HCVAT_9FA83ADADF9B6565,169,3,commons_58376074.jpg,e467709392dbfc5b49ebf7f4d5043d46817236fd139b9da1dd60d4ba8a487a3f,engine_bay,engine_bay,structure,intact,no_visible_damage,833.14,425.86,1118.66,569.04,285.52,143.18,40880.75,0,manual,
HCVAT_34B90E46D5D8AFCE,169,4,commons_58376074.jpg,e467709392dbfc5b49ebf7f4d5043d46817236fd139b9da1dd60d4ba8a487a3f,engine_bay,engine_bay,structure,intact,no_visible_damage,149.00,448.32,814.50,806.97,665.50,358.65,238681.58,0,manual,
HCVAT_49FF428EA2967A4A,169,5,commons_58376074.jpg,e467709392dbfc5b49ebf7f4d5043d46817236fd139b9da1dd60d4ba8a487a3f,wheel_tire,wheel_tire,mobility,intact,no_visible_damage,94.98,644.65,295.85,972.39,200.87,327.74,65833.13,0,manual,
HCVAT_C616EB86BA378117,169,6,commons_58376074.jpg,e467709392dbfc5b49ebf7f4d5043d46817236fd139b9da1dd60d4ba8a487a3f,wheel_tire,wheel_tire,mobility,intact,no_visible_damage,1084.76,554.73,1174.37,665.95,89.61,111.22,9966.42,0,manual,
HCVAT_A1D5F687DC5FAB05,169,7,commons_58376074.jpg,e467709392dbfc5b49ebf7f4d5043d46817236fd139b9da1dd60d4ba8a487a3f,weapons_station,weapon_station,mission_equipment,intact,no_visible_damage,198.81,214.96,492.09,353.34,293.28,138.38,40584.09,0,manual,
HCVAT_9A172674026F342B,169,8,commons_58376074.jpg,e467709392dbfc5b49ebf7f4d5043d46817236fd139b9da1dd60d4ba8a487a3f,door,door,structure,intact,no_visible_damage,721.36,354.90,814.90,510.97,93.54,156.07,14598.79,0,manual,
HCVAT_66A281D68F2AA1F1,169,9,commons_58376074.jpg,e467709392dbfc5b49ebf7f4d5043d46817236fd139b9da1dd60d4ba8a487a3f,door,door,structure,intact,no_visible_damage,0.00,307.41,121.99,616.40,121.99,308.99,37693.69,0,manual,
HCVAT_0076CFFF53F5FFD8,169,10,commons_58376074.jpg,e467709392dbfc5b49ebf7f4d5043d46817236fd139b9da1dd60d4ba8a487a3f,engine_bay,engine_bay,structure,intact,no_visible_damage,1110.16,468.35,1247.82,552.90,137.66,84.55,11639.15,0,manual,
HCVAT_3E723BA997F6EF76,169,11,commons_58376074.jpg,e467709392dbfc5b49ebf7f4d5043d46817236fd139b9da1dd60d4ba8a487a3f,wheel_tire,wheel_tire,mobility,intact,no_visible_damage,1166.80,596.87,1215.81,642.57,49.01,45.70,2239.76,0,manual,
HCVAT_FA862725D2C733C5,169,12,commons_58376074.jpg,e467709392dbfc5b49ebf7f4d5043d46817236fd139b9da1dd60d4ba8a487a3f,wheel_tire,wheel_tire,mobility,intact,no_visible_damage,792.23,568.19,963.03,759.81,170.80,191.62,32728.70,0,manual,
HCVAT_C9640D47EAB6BBCC,169,13,commons_58376074.jpg,e467709392dbfc5b49ebf7f4d5043d46817236fd139b9da1dd60d4ba8a487a3f,windshield,windshield,structure,intact,no_visible_damage,150.50,325.46,599.16,463.54,448.66,138.08,61950.97,0,manual,
HCVAT_637D2F28A07D56FA,169,14,commons_58376074.jpg,e467709392dbfc5b49ebf7f4d5043d46817236fd139b9da1dd60d4ba8a487a3f,windshield,windshield,structure,intact,no_visible_damage,1155.56,444.90,1199.66,475.72,44.10,30.82,1359.16,0,manual,
HCVAT_1FBB72655FBA508E,169,15,commons_58376074.jpg,e467709392dbfc5b49ebf7f4d5043d46817236fd139b9da1dd60d4ba8a487a3f,windshield,windshield,structure,intact,no_visible_damage,1056.75,416.38,1130.68,466.09,73.93,49.71,3675.06,0,manual,
HCVAT_58C517496552C0A6,169,16,commons_58376074.jpg,e467709392dbfc5b49ebf7f4d5043d46817236fd139b9da1dd60d4ba8a487a3f,windshield,windshield,structure,intact,no_visible_damage,813.30,351.80,968.80,437.63,155.50,85.83,13346.56,0,manual,
HCVAT_EE69E229593FECDE,170,1,commons_58376349.jpg,010f8caf2e07d2d285a8010c3fc672189d345f89643e5a60994144cbae19b4c1,engine_bay,engine_bay,structure,intact,no_visible_damage,411.69,408.12,1143.59,677.20,731.90,269.08,196939.65,0,manual,
HCVAT_97365C2BA4EDAE47,170,2,commons_58376349.jpg,010f8caf2e07d2d285a8010c3fc672189d345f89643e5a60994144cbae19b4c1,wheel_tire,wheel_tire,mobility,intact,no_visible_damage,1010.30,602.06,1150.89,865.98,140.59,263.92,37104.51,0,manual,
HCVAT_7379AE794CC89D18,170,3,commons_58376349.jpg,010f8caf2e07d2d285a8010c3fc672189d345f89643e5a60994144cbae19b4c1,weapons_station,weapon_station,mission_equipment,intact,no_visible_damage,674.10,42.02,860.82,276.20,186.72,234.18,43726.09,0,manual,
HCVAT_C5FFAAA098572AB8,170,4,commons_58376349.jpg,010f8caf2e07d2d285a8010c3fc672189d345f89643e5a60994144cbae19b4c1,windshield,windshield,structure,intact,no_visible_damage,535.90,302.05,1010.49,416.40,474.59,114.35,54269.37,0,manual,
HCVAT_67CF606BC253BA22,170,5,commons_58376349.jpg,010f8caf2e07d2d285a8010c3fc672189d345f89643e5a60994144cbae19b4c1,wheel_tire,wheel_tire,mobility,intact,no_visible_damage,414.45,620.53,559.87,881.62,145.42,261.09,37967.71,0,manual,
HCVAT_486893A16537071E,171,1,commons_58377247.jpg,7205ebf976ee8957fc238ed088c712a59ca80483d37363dbea8aa99106c4a4d8,door,door,structure,intact,no_visible_damage,446.65,415.24,506.62,612.37,59.97,197.13,11821.89,0,manual,
HCVAT_85F08D918491C47C,171,2,commons_58377247.jpg,7205ebf976ee8957fc238ed088c712a59ca80483d37363dbea8aa99106c4a4d8,engine_bay,engine_bay,structure,intact,no_visible_damage,579.87,503.23,1069.99,634.98,490.12,131.75,64573.31,0,manual,
HCVAT_8FE224AE2014066F,171,3,commons_58377247.jpg,7205ebf976ee8957fc238ed088c712a59ca80483d37363dbea8aa99106c4a4d8,wheel_tire,wheel_tire,mobility,intact,no_visible_damage,950.48,621.21,1063.11,786.39,112.63,165.18,18604.22,0,manual,
HCVAT_7C47C80EE7AB07B7,171,4,commons_58377247.jpg,7205ebf976ee8957fc238ed088c712a59ca80483d37363dbea8aa99106c4a4d8,wheel_tire,wheel_tire,mobility,intact,no_visible_damage,593.64,589.26,705.23,781.47,111.59,192.21,21448.71,0,manual,
HCVAT_59195695593039F9,171,5,commons_58377247.jpg,7205ebf976ee8957fc238ed088c712a59ca80483d37363dbea8aa99106c4a4d8,comms_equipment,comms_equipment,mission_equipment,intact,no_visible_damage,588.55,496.59,632.40,511.12,43.85,14.53,637.14,0,manual,
HCVAT_30AB0833D51AE996,171,6,commons_58377247.jpg,7205ebf976ee8957fc238ed088c712a59ca80483d37363dbea8aa99106c4a4d8,wheel_tire,wheel_tire,mobility,intact,no_visible_damage,391.59,547.97,421.60,656.12,30.01,108.15,3245.58,0,manual,
HCVAT_97D200BCD37B46FB,171,7,commons_58377247.jpg,7205ebf976ee8957fc238ed088c712a59ca80483d37363dbea8aa99106c4a4d8,windshield,windshield,structure,intact,no_visible_damage,565.57,393.61,979.54,506.67,413.97,113.06,46803.45,0,manual,
HCVAT_A5A015D13278917C,171,8,commons_58377247.jpg,7205ebf976ee8957fc238ed088c712a59ca80483d37363dbea8aa99106c4a4d8,door,door,structure,intact,no_visible_damage,502.20,490.94,560.70,625.15,58.50,134.21,7851.29,0,manual,
HCVAT_BC1CBD52DA4D3109,172,1,commons_58377255.jpg,080fe1c8275ec0d4d4d8cabe77b16c16eccc3cdd4ac00e15e46532b1fa6ca8ec,windshield,windshield,structure,intact,no_visible_damage,300.98,399.10,633.31,482.09,332.33,82.99,27580.07,0,manual,
HCVAT_A362DAEEF19075D8,172,2,commons_58377255.jpg,080fe1c8275ec0d4d4d8cabe77b16c16eccc3cdd4ac00e15e46532b1fa6ca8ec,wheel_tire,wheel_tire,mobility,intact,no_visible_damage,586.65,553.39,639.73,689.03,53.08,135.64,7199.77,0,manual,
HCVAT_DFCDEFC140CBA838,172,3,commons_58377255.jpg,080fe1c8275ec0d4d4d8cabe77b16c16eccc3cdd4ac00e15e46532b1fa6ca8ec,wheel_tire,wheel_tire,mobility,intact,no_visible_damage,1117.26,577.53,1176.78,727.76,59.52,150.23,8941.69,0,manual,
HCVAT_55F65EAC97752397,172,4,commons_58377255.jpg,080fe1c8275ec0d4d4d8cabe77b16c16eccc3cdd4ac00e15e46532b1fa6ca8ec,comms_equipment,comms_equipment,mission_equipment,intact,no_visible_damage,307.83,480.92,339.73,490.52,31.90,9.60,306.24,0,manual,
HCVAT_07230A3977A97C11,172,5,commons_58377255.jpg,080fe1c8275ec0d4d4d8cabe77b16c16eccc3cdd4ac00e15e46532b1fa6ca8ec,comms_equipment,comms_equipment,mission_equipment,intact,no_visible_damage,829.65,492.23,863.95,502.18,34.30,9.95,341.29,0,manual,
HCVAT_1E441C0937C1D951,172,6,commons_58377255.jpg,080fe1c8275ec0d4d4d8cabe77b16c16eccc3cdd4ac00e15e46532b1fa6ca8ec,wheel_tire,wheel_tire,mobility,intact,no_visible_damage,292.80,561.98,347.99,691.20,55.19,129.22,7131.65,0,manual,
HCVAT_BF70A605E34B817C,172,7,commons_58377255.jpg,080fe1c8275ec0d4d4d8cabe77b16c16eccc3cdd4ac00e15e46532b1fa6ca8ec,wheel_tire,wheel_tire,mobility,intact,no_visible_damage,813.24,576.83,869.80,720.05,56.56,143.22,8100.52,0,manual,
HCVAT_E17676A1D2D2FA67,172,8,commons_58377255.jpg,080fe1c8275ec0d4d4d8cabe77b16c16eccc3cdd4ac00e15e46532b1fa6ca8ec,engine_bay,engine_bay,structure,intact,no_visible_damage,294.37,480.62,634.04,567.28,339.67,86.66,29435.80,0,manual,
HCVAT_5866FE44DE49537F,172,9,commons_58377255.jpg,080fe1c8275ec0d4d4d8cabe77b16c16eccc3cdd4ac00e15e46532b1fa6ca8ec,windshield,windshield,structure,intact,no_visible_damage,824.99,411.18,1175.31,500.45,350.32,89.27,31273.07,0,manual,
HCVAT_0D1126E9C5DCE7CB,172,10,commons_58377255.jpg,080fe1c8275ec0d4d4d8cabe77b16c16eccc3cdd4ac00e15e46532b1fa6ca8ec,engine_bay,engine_bay,structure,intact,no_visible_damage,819.85,494.58,1180.45,592.25,360.60,97.67,35219.80,0,manual,
HCVAT_DBF9D5A7B04D3AA6,173,1,commons_58377427.jpg,fe786c6a3d334a56e05b5423d5777ea05eebc74251869c52d090b15fc183698e,door,door,structure,intact,no_visible_damage,574.69,598.09,622.97,702.08,48.28,103.99,5020.64,0,manual,
HCVAT_77829BEA60B12B73,173,2,commons_58377427.jpg,fe786c6a3d334a56e05b5423d5777ea05eebc74251869c52d090b15fc183698e,wheel_tire,wheel_tire,mobility,intact,no_visible_damage,487.47,660.38,563.17,781.08,75.70,120.70,9136.99,0,manual,
HCVAT_2F0837FDE36408C5,173,3,commons_58377427.jpg,fe786c6a3d334a56e05b5423d5777ea05eebc74251869c52d090b15fc183698e,wheel_tire,wheel_tire,mobility,intact,no_visible_damage,924.42,672.73,1017.69,801.92,93.27,129.19,12049.55,0,manual,
HCVAT_A2550DC36EAB24E0,173,4,commons_58377427.jpg,fe786c6a3d334a56e05b5423d5777ea05eebc74251869c52d090b15fc183698e,comms_equipment,comms_equipment,mission_equipment,intact,no_visible_damage,644.18,597.10,678.93,607.50,34.75,10.40,361.40,0,manual,
HCVAT_62C4C14B8B299EA4,173,5,commons_58377427.jpg,fe786c6a3d334a56e05b5423d5777ea05eebc74251869c52d090b15fc183698e,door,door,structure,intact,no_visible_damage,523.40,556.42,574.97,694.40,51.57,137.98,7115.63,0,manual,
HCVAT_1B7243740DDE2F4E,173,6,commons_58377427.jpg,fe786c6a3d334a56e05b5423d5777ea05eebc74251869c52d090b15fc183698e,engine_bay,engine_bay,structure,intact,no_visible_damage,633.94,597.84,1016.04,683.70,382.10,85.86,32807.11,0,manual,
HCVAT_449C56166CDC823B,173,7,commons_58377427.jpg,fe786c6a3d334a56e05b5423d5777ea05eebc74251869c52d090b15fc183698e,windshield,windshield,structure,intact,no_visible_damage,628.18,518.85,926.07,597.80,297.89,78.95,23518.42,0,manual,
HCVAT_58AF1C5497666506,173,8,commons_58377427.jpg,fe786c6a3d334a56e05b5423d5777ea05eebc74251869c52d090b15fc183698e,wheel_tire,wheel_tire,mobility,intact,no_visible_damage,654.70,662.00,745.62,808.58,90.92,146.58,13327.05,0,manual,
HCVAT_C640CE34379A2E6D,174,1,commons_58377428.jpg,bd4f0cca4bf8e865801b9802fd7e38e49bf9f05be06787795bfb846c7d46c2e5,wheel_tire,wheel_tire,mobility,intact,no_visible_damage,1089.52,810.74,1289.20,1067.00,199.68,256.26,51170.00,0,manual,
HCVAT_B1A0FC78D078B8B7,174,2,commons_58377428.jpg,bd4f0cca4bf8e865801b9802fd7e38e49bf9f05be06787795bfb846c7d46c2e5,door,door,structure,intact,no_visible_damage,343.47,556.42,418.68,820.41,75.21,263.99,19854.69,0,manual,
HCVAT_C4BB42CBCC464980,174,3,commons_58377428.jpg,bd4f0cca4bf8e865801b9802fd7e38e49bf9f05be06787795bfb846c7d46c2e5,wheel_tire,wheel_tire,mobility,intact,no_visible_damage,289.34,744.16,413.60,970.73,124.26,226.57,28153.59,0,manual,
HCVAT_B0001E3ACBE30DBF,174,4,commons_58377428.jpg,bd4f0cca4bf8e865801b9802fd7e38e49bf9f05be06787795bfb846c7d46c2e5,windshield,windshield,structure,intact,no_visible_damage,819.84,525.25,1178.66,643.49,358.82,118.24,42426.88,0,manual,
HCVAT_248E36FE480E21E7,174,5,commons_58377428.jpg,bd4f0cca4bf8e865801b9802fd7e38e49bf9f05be06787795bfb846c7d46c2e5,windshield,windshield,structure,intact,no_visible_damage,508.94,482.43,1095.07,642.47,586.13,160.04,93804.25,0,manual,
HCVAT_50FE65F952C6EA5E,174,6,commons_58377428.jpg,bd4f0cca4bf8e865801b9802fd7e38e49bf9f05be06787795bfb846c7d46c2e5,wheel_tire,wheel_tire,mobility,intact,no_visible_damage,556.66,783.77,742.00,1067.00,185.34,283.23,52493.85,0,manual,
HCVAT_37844A7060B28249,174,7,commons_58377428.jpg,bd4f0cca4bf8e865801b9802fd7e38e49bf9f05be06787795bfb846c7d46c2e5,comms_equipment,comms_equipment,mission_equipment,intact,no_visible_damage,542.20,636.87,607.90,655.64,65.70,18.77,1233.19,0,manual,
HCVAT_97289FDDEEAE054F,174,8,commons_58377428.jpg,bd4f0cca4bf8e865801b9802fd7e38e49bf9f05be06787795bfb846c7d46c2e5,wheel_tire,wheel_tire,mobility,unknown,unobservable,1256.70,763.00,1305.13,902.78,48.43,139.78,6769.55,0,manual,
HCVAT_F6EBBEA051A2FC24,174,9,commons_58377428.jpg,bd4f0cca4bf8e865801b9802fd7e38e49bf9f05be06787795bfb846c7d46c2e5,engine_bay,engine_bay,structure,intact,no_visible_damage,535.06,640.06,1301.79,830.04,766.73,189.98,145663.37,0,manual,
HCVAT_6B5CAE89BB102125,174,10,commons_58377428.jpg,bd4f0cca4bf8e865801b9802fd7e38e49bf9f05be06787795bfb846c7d46c2e5,door,door,structure,intact,no_visible_damage,418.19,636.55,498.81,847.45,80.62,210.90,17002.76,0,manual,
HCVAT_7F5857F288DDDF5F,175,1,commons_58441378.jpg,4bca7fb8478158349fc0a098728f0ee6bfc451b873a6cc82d537eb069e9aacfb,wheel_tire,wheel_tire,mobility,intact,no_visible_damage,1116.34,661.61,1484.12,954.00,367.78,292.39,107535.19,0,manual,
HCVAT_3A8F59C03A9B8FD4,175,2,commons_58441378.jpg,4bca7fb8478158349fc0a098728f0ee6bfc451b873a6cc82d537eb069e9aacfb,engine_bay,engine_bay,structure,intact,no_visible_damage,949.58,391.29,1551.13,680.64,601.55,289.35,174058.49,0,manual,
HCVAT_9F7D203C8BA280B0,175,3,commons_58441378.jpg,4bca7fb8478158349fc0a098728f0ee6bfc451b873a6cc82d537eb069e9aacfb,windshield,windshield,structure,intact,no_visible_damage,1362.37,277.84,1600.00,449.92,237.63,172.08,40891.37,0,manual,
HCVAT_E385769C00E0E95B,176,1,commons_58442353.jpg,06327c9760e99f54990a13bdbdd4fca9b94457c9b606569a8c71277bab668c8d,windshield,windshield,structure,intact,no_visible_damage,960.83,212.92,1267.06,298.69,306.23,85.77,26265.35,0,manual,
HCVAT_535951AFBC47CF6B,176,2,commons_58442353.jpg,06327c9760e99f54990a13bdbdd4fca9b94457c9b606569a8c71277bab668c8d,wheel_tire,wheel_tire,mobility,intact,no_visible_damage,1203.68,424.17,1307.93,619.31,104.25,195.14,20343.34,0,manual,
HCVAT_7A7CC88B64E04F11,176,3,commons_58442353.jpg,06327c9760e99f54990a13bdbdd4fca9b94457c9b606569a8c71277bab668c8d,wheel_tire,wheel_tire,mobility,intact,no_visible_damage,1342.31,402.90,1401.75,536.15,59.44,133.25,7920.38,0,manual,
HCVAT_193C888EDEC1A7CA,176,4,commons_58442353.jpg,06327c9760e99f54990a13bdbdd4fca9b94457c9b606569a8c71277bab668c8d,wheel_tire,wheel_tire,mobility,intact,no_visible_damage,843.30,451.30,961.98,573.26,118.68,121.96,14474.21,0,manual,
HCVAT_3B959BDDDA9E31DE,176,5,commons_58442353.jpg,06327c9760e99f54990a13bdbdd4fca9b94457c9b606569a8c71277bab668c8d,weapons_station,weapon_station,mission_equipment,intact,no_visible_damage,1108.25,99.70,1282.75,195.61,174.50,95.91,16736.30,0,manual,
HCVAT_EF5414D0A27CD096,176,6,commons_58442353.jpg,06327c9760e99f54990a13bdbdd4fca9b94457c9b606569a8c71277bab668c8d,door,door,structure,intact,no_visible_damage,1278.09,222.92,1324.71,436.71,46.62,213.79,9966.89,0,manual,
HCVAT_DFA1C84A6897EEB0,176,7,commons_58442353.jpg,06327c9760e99f54990a13bdbdd4fca9b94457c9b606569a8c71277bab668c8d,engine_bay,engine_bay,structure,intact,no_visible_damage,867.16,301.51,1270.76,452.70,403.60,151.19,61020.28,0,manual,
HCVAT_83A4DFB2F6DF9266,177,1,commons_62665218.jpg,655f96f0c520478a73838b7e8046bfbcd1ba05e93f3b9c6f4dfb67aa3f8c3047,weapons_station,weapon_station,mission_equipment,intact,no_visible_damage,595.75,14.52,936.60,311.78,340.85,297.26,101321.07,0,manual,
HCVAT_46E7E549D821F1DA,177,2,commons_62665218.jpg,655f96f0c520478a73838b7e8046bfbcd1ba05e93f3b9c6f4dfb67aa3f8c3047,wheel_tire,wheel_tire,mobility,intact,no_visible_damage,460.99,705.14,732.48,1152.00,271.49,446.86,121318.02,0,manual,
HCVAT_049245577B1D6A31,177,3,commons_62665218.jpg,655f96f0c520478a73838b7e8046bfbcd1ba05e93f3b9c6f4dfb67aa3f8c3047,comms_equipment,comms_equipment,mission_equipment,intact,no_visible_damage,1121.78,364.29,1231.87,458.42,110.09,94.13,10362.77,0,manual,
HCVAT_9FA4C82D6F9F6FD5,177,4,commons_62665218.jpg,655f96f0c520478a73838b7e8046bfbcd1ba05e93f3b9c6f4dfb67aa3f8c3047,wheel_tire,wheel_tire,mobility,intact,no_visible_damage,1132.68,886.46,1431.02,1056.88,298.34,170.42,50843.10,0,manual,
HCVAT_48DDB1AB76B23F61,177,5,commons_62665218.jpg,655f96f0c520478a73838b7e8046bfbcd1ba05e93f3b9c6f4dfb67aa3f8c3047,door,door,structure,intact,no_visible_damage,429.19,315.74,528.37,733.87,99.18,418.13,41470.13,0,manual,
HCVAT_D2B2E816DA42B697,177,6,commons_62665218.jpg,655f96f0c520478a73838b7e8046bfbcd1ba05e93f3b9c6f4dfb67aa3f8c3047,comms_equipment,comms_equipment,mission_equipment,intact,no_visible_damage,1441.82,0.00,1464.71,718.02,22.89,718.02,16435.48,0,manual,
HCVAT_4CEF890607DC1F76,177,7,commons_62665218.jpg,655f96f0c520478a73838b7e8046bfbcd1ba05e93f3b9c6f4dfb67aa3f8c3047,engine_bay,engine_bay,structure,intact,no_visible_damage,544.23,452.47,1439.94,831.96,895.71,379.49,339912.99,0,manual,
HCVAT_3A87AB56101A5E94,177,8,commons_62665218.jpg,655f96f0c520478a73838b7e8046bfbcd1ba05e93f3b9c6f4dfb67aa3f8c3047,wheel_tire,wheel_tire,mobility,intact,no_visible_damage,258.86,618.93,380.74,876.55,121.88,257.62,31398.73,0,manual,
HCVAT_9957F662D9AF07D6,177,9,commons_62665218.jpg,655f96f0c520478a73838b7e8046bfbcd1ba05e93f3b9c6f4dfb67aa3f8c3047,windshield,windshield,structure,intact,no_visible_damage,569.00,302.86,1067.39,452.47,498.39,149.61,74564.13,0,manual,
HCVAT_AEF6AE3B727CE332,178,1,commons_63464911.jpg,34691f0af187d49bbe6aa818238a51315eced4a71b906c400f55129faf8dde39,comms_equipment,comms_equipment,mission_equipment,intact,no_visible_damage,509.53,37.67,535.22,675.66,25.69,637.99,16389.96,0,manual,
HCVAT_45691ADA40FD28FC,178,2,commons_63464911.jpg,34691f0af187d49bbe6aa818238a51315eced4a71b906c400f55129faf8dde39,wheel_tire,wheel_tire,mobility,intact,no_visible_damage,1073.80,864.75,1310.49,1064.97,236.69,200.22,47390.07,0,manual,
HCVAT_7E651FA900225E5F,178,3,commons_63464911.jpg,34691f0af187d49bbe6aa818238a51315eced4a71b906c400f55129faf8dde39,wheel_tire,wheel_tire,mobility,intact,no_visible_damage,611.95,828.93,876.78,1178.20,264.83,349.27,92497.17,0,manual,
HCVAT_085EBD57FE837DCD,178,4,commons_63464911.jpg,34691f0af187d49bbe6aa818238a51315eced4a71b906c400f55129faf8dde39,comms_equipment,comms_equipment,mission_equipment,intact,no_visible_damage,306.06,249.69,324.69,632.53,18.63,382.84,7132.31,0,manual,
HCVAT_8C7BD56B868BC468,178,5,commons_63464911.jpg,34691f0af187d49bbe6aa818238a51315eced4a71b906c400f55129faf8dde39,door,door,structure,intact,no_visible_damage,415.09,544.97,543.98,846.04,128.89,301.07,38804.91,0,manual,
HCVAT_20A8B51BA73E8F6C,179,1,commons_63464912.jpg,73dd61d11ebe857a9df3bd892f040c2dd601ae214e2b3b4a53b6903151329b7b,comms_equipment,comms_equipment,mission_equipment,intact,no_visible_damage,770.02,683.60,777.69,773.25,7.67,89.65,687.62,0,manual,
HCVAT_A599DDA798495C8D,179,2,commons_63464912.jpg,73dd61d11ebe857a9df3bd892f040c2dd601ae214e2b3b4a53b6903151329b7b,wheel_tire,wheel_tire,mobility,intact,no_visible_damage,189.52,819.54,264.62,912.81,75.10,93.27,7004.58,0,manual,
HCVAT_3E819C10A2B6A9E3,179,3,commons_63464912.jpg,73dd61d11ebe857a9df3bd892f040c2dd601ae214e2b3b4a53b6903151329b7b,comms_equipment,comms_equipment,mission_equipment,intact,no_visible_damage,693.35,631.97,697.38,691.24,4.03,59.27,238.86,0,manual,
HCVAT_2F7F88910743F9C6,179,4,commons_63464912.jpg,73dd61d11ebe857a9df3bd892f040c2dd601ae214e2b3b4a53b6903151329b7b,wheel_tire,wheel_tire,mobility,intact,no_visible_damage,958.38,845.26,1004.06,899.99,45.68,54.73,2500.07,0,manual,
HCVAT_39BC3D28DF3A1E7D,179,5,commons_63464912.jpg,73dd61d11ebe857a9df3bd892f040c2dd601ae214e2b3b4a53b6903151329b7b,comms_equipment,comms_equipment,mission_equipment,intact,no_visible_damage,326.68,660.65,333.05,732.67,6.37,72.02,458.77,0,manual,
HCVAT_A9A7B351A4E66251,179,6,commons_63464912.jpg,73dd61d11ebe857a9df3bd892f040c2dd601ae214e2b3b4a53b6903151329b7b,comms_equipment,comms_equipment,mission_equipment,intact,no_visible_damage,1462.17,648.54,1477.67,815.54,15.50,167.00,2588.50,0,manual,
HCVAT_F20581F2CCB9F7CF,179,7,commons_63464912.jpg,73dd61d11ebe857a9df3bd892f040c2dd601ae214e2b3b4a53b6903151329b7b,comms_equipment,comms_equipment,mission_equipment,intact,no_visible_damage,1548.36,552.80,1555.24,692.90,6.88,140.10,963.89,0,manual,
HCVAT_2857E5FE9D44F75F,179,8,commons_63464912.jpg,73dd61d11ebe857a9df3bd892f040c2dd601ae214e2b3b4a53b6903151329b7b,comms_equipment,comms_equipment,mission_equipment,intact,no_visible_damage,527.43,738.83,559.09,768.15,31.66,29.32,928.27,0,manual,
HCVAT_1D88D3D8272F729E,179,9,commons_63464912.jpg,73dd61d11ebe857a9df3bd892f040c2dd601ae214e2b3b4a53b6903151329b7b,comms_equipment,comms_equipment,mission_equipment,intact,no_visible_damage,1290.49,695.73,1296.68,793.24,6.19,97.51,603.59,0,manual,
HCVAT_58D7A834DCF2ACA5,179,10,commons_63464912.jpg,73dd61d11ebe857a9df3bd892f040c2dd601ae214e2b3b4a53b6903151329b7b,comms_equipment,comms_equipment,mission_equipment,intact,no_visible_damage,1190.44,538.93,1193.64,702.08,3.20,163.15,522.08,0,manual,
HCVAT_2CC478D89C3F0250,179,11,commons_63464912.jpg,73dd61d11ebe857a9df3bd892f040c2dd601ae214e2b3b4a53b6903151329b7b,engine_bay,engine_bay,structure,intact,no_visible_damage,952.96,757.24,1172.80,855.92,219.84,98.68,21693.81,0,manual,
HCVAT_7A752D49D566C837,179,12,commons_63464912.jpg,73dd61d11ebe857a9df3bd892f040c2dd601ae214e2b3b4a53b6903151329b7b,comms_equipment,comms_equipment,mission_equipment,intact,no_visible_damage,1476.19,729.27,1504.65,751.37,28.46,22.10,628.97,0,manual,
HCVAT_9A42E709B568AA28,179,13,commons_63464912.jpg,73dd61d11ebe857a9df3bd892f040c2dd601ae214e2b3b4a53b6903151329b7b,comms_equipment,comms_equipment,mission_equipment,intact,no_visible_damage,1392.04,622.41,1398.20,689.97,6.16,67.56,416.17,0,manual,
HCVAT_42A25E188DA20605,179,14,commons_63464912.jpg,73dd61d11ebe857a9df3bd892f040c2dd601ae214e2b3b4a53b6903151329b7b,windshield,windshield,structure,intact,no_visible_damage,1020.33,721.73,1145.25,762.94,124.92,41.21,5147.95,0,manual,
HCVAT_D753DA51847CE7E2,179,15,commons_63464912.jpg,73dd61d11ebe857a9df3bd892f040c2dd601ae214e2b3b4a53b6903151329b7b,comms_equipment,comms_equipment,mission_equipment,intact,no_visible_damage,956.60,711.64,965.70,824.23,9.10,112.59,1024.57,0,manual,
HCVAT_1FED65C269CD1BCC,179,16,commons_63464912.jpg,73dd61d11ebe857a9df3bd892f040c2dd601ae214e2b3b4a53b6903151329b7b,comms_equipment,comms_equipment,mission_equipment,intact,no_visible_damage,1047.70,632.82,1052.58,700.17,4.88,67.35,328.67,0,manual,
HCVAT_531D735680E521F8,179,17,commons_63464912.jpg,73dd61d11ebe857a9df3bd892f040c2dd601ae214e2b3b4a53b6903151329b7b,comms_equipment,comms_equipment,mission_equipment,intact,no_visible_damage,1149.03,741.59,1177.07,767.09,28.04,25.50,715.02,0,manual,
HCVAT_16399FB8838027C7,179,18,commons_63464912.jpg,73dd61d11ebe857a9df3bd892f040c2dd601ae214e2b3b4a53b6903151329b7b,windshield,windshield,structure,intact,no_visible_damage,368.57,732.56,506.23,786.30,137.66,53.74,7397.85,0,manual,
HCVAT_9DEA012797D27FBD,179,19,commons_63464912.jpg,73dd61d11ebe857a9df3bd892f040c2dd601ae214e2b3b4a53b6903151329b7b,windshield,windshield,structure,intact,no_visible_damage,751.81,699.63,835.09,725.80,83.28,26.17,2179.44,0,manual,
HCVAT_3A5488E8C213DC9B,179,20,commons_63464912.jpg,73dd61d11ebe857a9df3bd892f040c2dd601ae214e2b3b4a53b6903151329b7b,weapons_station,weapon_station,mission_equipment,intact,no_visible_damage,1065.58,655.14,1139.81,717.99,74.23,62.85,4665.36,0,manual,
HCVAT_9B4A12197BE0CBB7,179,21,commons_63464912.jpg,73dd61d11ebe857a9df3bd892f040c2dd601ae214e2b3b4a53b6903151329b7b,engine_bay,engine_bay,structure,intact,no_visible_damage,1303.90,739.32,1495.59,826.91,191.69,87.59,16790.13,0,manual,
HCVAT_D820ADB40ABAA8DC,179,22,commons_63464912.jpg,73dd61d11ebe857a9df3bd892f040c2dd601ae214e2b3b4a53b6903151329b7b,wheel_tire,wheel_tire,mobility,intact,no_visible_damage,694.23,748.02,722.21,798.48,27.98,50.46,1411.87,0,manual,
HCVAT_E36F9C679E9198F1,179,23,commons_63464912.jpg,73dd61d11ebe857a9df3bd892f040c2dd601ae214e2b3b4a53b6903151329b7b,wheel_tire,wheel_tire,mobility,intact,no_visible_damage,847.14,781.47,884.87,817.97,37.73,36.50,1377.15,0,manual,
HCVAT_88D80538641B2D93,179,24,commons_63464912.jpg,73dd61d11ebe857a9df3bd892f040c2dd601ae214e2b3b4a53b6903151329b7b,wheel_tire,wheel_tire,mobility,intact,no_visible_damage,743.06,765.99,780.36,828.94,37.30,62.95,2348.04,0,manual,
HCVAT_C960D976563ECA6E,179,25,commons_63464912.jpg,73dd61d11ebe857a9df3bd892f040c2dd601ae214e2b3b4a53b6903151329b7b,engine_bay,engine_bay,structure,intact,no_visible_damage,390.70,764.63,612.53,869.29,221.83,104.66,23216.73,0,manual,
HCVAT_DF7458028A2099DE,179,26,commons_63464912.jpg,73dd61d11ebe857a9df3bd892f040c2dd601ae214e2b3b4a53b6903151329b7b,windshield,windshield,structure,intact,no_visible_damage,1351.53,709.62,1476.66,744.67,125.13,35.05,4385.81,0,manual,
HCVAT_4C881DFCA3EBBA5F,179,27,commons_63464912.jpg,73dd61d11ebe857a9df3bd892f040c2dd601ae214e2b3b4a53b6903151329b7b,wheel_tire,wheel_tire,mobility,intact,no_visible_damage,370.01,856.99,465.85,971.20,95.84,114.21,10945.89,0,manual,
HCVAT_D297FCE6EC99740E,179,28,commons_63464912.jpg,73dd61d11ebe857a9df3bd892f040c2dd601ae214e2b3b4a53b6903151329b7b,wheel_tire,wheel_tire,mobility,intact,no_visible_damage,1515.07,776.96,1550.06,846.07,34.99,69.11,2418.16,0,manual,
HCVAT_9E15B3CAED1CE67C,179,29,commons_63464912.jpg,73dd61d11ebe857a9df3bd892f040c2dd601ae214e2b3b4a53b6903151329b7b,wheel_tire,wheel_tire,mobility,intact,no_visible_damage,1447.04,803.57,1502.05,888.05,55.01,84.48,4647.24,0,manual,
HCVAT_9D3E51C3583BA331,179,30,commons_63464912.jpg,73dd61d11ebe857a9df3bd892f040c2dd601ae214e2b3b4a53b6903151329b7b,wheel_tire,wheel_tire,mobility,intact,no_visible_damage,541.11,851.67,613.47,910.79,72.36,59.12,4277.92,0,manual,
HCVAT_A662EEFE1E9C7922,179,31,commons_63464912.jpg,73dd61d11ebe857a9df3bd892f040c2dd601ae214e2b3b4a53b6903151329b7b,wheel_tire,wheel_tire,mobility,intact,no_visible_damage,43.19,794.02,102.31,865.79,59.12,71.77,4243.04,0,manual,
HCVAT_6EBFEAC8FFC8B446,179,32,commons_63464912.jpg,73dd61d11ebe857a9df3bd892f040c2dd601ae214e2b3b4a53b6903151329b7b,weapons_station,weapon_station,mission_equipment,intact,no_visible_damage,727.78,657.33,823.62,695.42,95.84,38.09,3650.55,0,manual,
HCVAT_F6873A7DCF33CF51,179,33,commons_63464912.jpg,73dd61d11ebe857a9df3bd892f040c2dd601ae214e2b3b4a53b6903151329b7b,engine_bay,engine_bay,structure,intact,no_visible_damage,750.20,725.95,892.38,787.38,142.18,61.43,8734.12,0,manual,
HCVAT_6BEB2127521AB671,179,34,commons_63464912.jpg,73dd61d11ebe857a9df3bd892f040c2dd601ae214e2b3b4a53b6903151329b7b,door,door,structure,intact,no_visible_damage,732.27,704.73,750.96,761.24,18.69,56.51,1056.17,0,manual,
HCVAT_AB5EDF50B6561995,179,35,commons_63464912.jpg,73dd61d11ebe857a9df3bd892f040c2dd601ae214e2b3b4a53b6903151329b7b,wheel_tire,wheel_tire,mobility,intact,no_visible_damage,1291.39,810.97,1338.43,856.63,47.04,45.66,2147.85,0,manual,
HCVAT_47C1193CC1575331,179,36,commons_63464912.jpg,73dd61d11ebe857a9df3bd892f040c2dd601ae214e2b3b4a53b6903151329b7b,wheel_tire,wheel_tire,mobility,intact,no_visible_damage,1133.93,831.68,1177.96,927.28,44.03,95.60,4209.27,0,manual,
HCVAT_E526D880008762F5,179,37,commons_63464912.jpg,73dd61d11ebe857a9df3bd892f040c2dd601ae214e2b3b4a53b6903151329b7b,door,door,structure,intact,no_visible_damage,1489.19,716.65,1517.02,804.16,27.83,87.51,2435.40,0,manual,
HCVAT_8A15DA46760BF392,179,38,commons_63464912.jpg,73dd61d11ebe857a9df3bd892f040c2dd601ae214e2b3b4a53b6903151329b7b,door,door,structure,intact,no_visible_damage,317.58,748.92,370.91,864.91,53.33,115.99,6185.75,0,manual,
HCVAT_D77475009B7DB9F6,179,39,commons_63464912.jpg,73dd61d11ebe857a9df3bd892f040c2dd601ae214e2b3b4a53b6903151329b7b,wheel_tire,wheel_tire,mobility,intact,no_visible_damage,1177.40,795.33,1195.52,860.20,18.12,64.87,1175.44,0,manual,
HCVAT_B2ECB43AEBA582A1,179,40,commons_63464912.jpg,73dd61d11ebe857a9df3bd892f040c2dd601ae214e2b3b4a53b6903151329b7b,comms_equipment,comms_equipment,mission_equipment,intact,no_visible_damage,844.60,708.24,861.81,727.57,17.21,19.33,332.67,0,manual,
HCVAT_B8FC3F96BF3D98B6,179,41,commons_63464912.jpg,73dd61d11ebe857a9df3bd892f040c2dd601ae214e2b3b4a53b6903151329b7b,comms_equipment,comms_equipment,mission_equipment,intact,no_visible_damage,611.75,644.51,620.91,821.70,9.16,177.19,1623.06,0,manual,
HCVAT_FCFC30B455799EB3,180,1,commons_65335915.jpg,d6db0af8120dff66946821efcfe9b222f1cf8c2f1345b1b91e9f314a1397a9b2,door,door,structure,intact,no_visible_damage,964.68,635.38,1044.29,976.83,79.61,341.45,27182.83,0,manual,
HCVAT_9AD88D2CDB095229,180,2,commons_65335915.jpg,d6db0af8120dff66946821efcfe9b222f1cf8c2f1345b1b91e9f314a1397a9b2,engine_bay,engine_bay,structure,intact,no_visible_damage,189.19,753.91,942.27,915.50,753.08,161.59,121690.20,0,manual,
HCVAT_CAA222C2415E5774,180,3,commons_65335915.jpg,d6db0af8120dff66946821efcfe9b222f1cf8c2f1345b1b91e9f314a1397a9b2,wheel_tire,wheel_tire,mobility,intact,no_visible_damage,1045.79,878.81,1194.92,1137.74,149.13,258.93,38614.23,0,manual,
HCVAT_C643B73CB15EDE52,180,4,commons_65335915.jpg,d6db0af8120dff66946821efcfe9b222f1cf8c2f1345b1b91e9f314a1397a9b2,windshield,windshield,structure,intact,no_visible_damage,335.67,612.47,935.98,746.69,600.31,134.22,80573.61,0,manual,
HCVAT_8DAD8BB2BB76AF7A,180,5,commons_65335915.jpg,d6db0af8120dff66946821efcfe9b222f1cf8c2f1345b1b91e9f314a1397a9b2,wheel_tire,wheel_tire,mobility,intact,no_visible_damage,734.01,889.37,901.11,1172.62,167.10,283.25,47331.07,0,manual,
HCVAT_E269B1044566F913,180,6,commons_65335915.jpg,d6db0af8120dff66946821efcfe9b222f1cf8c2f1345b1b91e9f314a1397a9b2,wheel_tire,wheel_tire,mobility,intact,no_visible_damage,522.74,1033.11,669.65,1133.52,146.91,100.41,14751.23,0,manual,
HCVAT_BC37C87A26AED855,180,7,commons_65335915.jpg,d6db0af8120dff66946821efcfe9b222f1cf8c2f1345b1b91e9f314a1397a9b2,wheel_tire,wheel_tire,mobility,intact,no_visible_damage,182.42,895.72,353.64,1165.22,171.22,269.50,46143.79,0,manual,
HCVAT_51D265771666D406,180,8,commons_65335915.jpg,d6db0af8120dff66946821efcfe9b222f1cf8c2f1345b1b91e9f314a1397a9b2,weapons_station,weapon_station,mission_equipment,intact,no_visible_damage,517.45,401.62,950.78,583.40,433.33,181.78,78770.73,0,manual,
HCVAT_BB87F6384B2CB44D,180,9,commons_65335915.jpg,d6db0af8120dff66946821efcfe9b222f1cf8c2f1345b1b91e9f314a1397a9b2,door,door,structure,intact,no_visible_damage,1045.47,638.33,1130.98,973.88,85.51,335.55,28692.88,0,manual,
HCVAT_9A3FE3B43D5E4C60,181,1,commons_6678955.jpg,47644e634371285607e3678ff7f3b28d3e7cfcbafe71ecf8ecc821923eaca1aa,comms_equipment,comms_equipment,mission_equipment,intact,no_visible_damage,983.93,67.00,1005.61,298.88,21.68,231.88,5027.16,0,manual,
HCVAT_2DA774CE6FDC3D83,181,2,commons_6678955.jpg,47644e634371285607e3678ff7f3b28d3e7cfcbafe71ecf8ecc821923eaca1aa,weapons_station,weapon_station,mission_equipment,intact,no_visible_damage,1359.50,252.87,1387.06,293.10,27.56,40.23,1108.74,0,manual,
HCVAT_EB0EF24FA870C739,181,3,commons_6678955.jpg,47644e634371285607e3678ff7f3b28d3e7cfcbafe71ecf8ecc821923eaca1aa,wheel_tire,wheel_tire,mobility,intact,no_visible_damage,1551.35,330.66,1564.36,349.59,13.01,18.93,246.28,0,manual,
HCVAT_48F80D0CA4A6C158,181,4,commons_6678955.jpg,47644e634371285607e3678ff7f3b28d3e7cfcbafe71ecf8ecc821923eaca1aa,weapons_station,weapon_station,mission_equipment,intact,no_visible_damage,1013.09,179.90,1129.65,285.25,116.56,105.35,12279.60,0,manual,
HCVAT_3B056197AA209C2A,181,5,commons_6678955.jpg,47644e634371285607e3678ff7f3b28d3e7cfcbafe71ecf8ecc821923eaca1aa,door,door,structure,intact,no_visible_damage,1173.06,302.86,1225.69,384.28,52.63,81.42,4285.13,0,manual,
HCVAT_8306611B48488027,181,6,commons_6678955.jpg,47644e634371285607e3678ff7f3b28d3e7cfcbafe71ecf8ecc821923eaca1aa,wheel_tire,wheel_tire,mobility,intact,no_visible_damage,1258.90,319.77,1270.23,336.81,11.33,17.04,193.06,0,manual,
HCVAT_44F869C0E847316B,181,7,commons_6678955.jpg,47644e634371285607e3678ff7f3b28d3e7cfcbafe71ecf8ecc821923eaca1aa,weapons_station,weapon_station,mission_equipment,intact,no_visible_damage,1330.35,271.24,1358.55,292.78,28.20,21.54,607.43,0,manual,
HCVAT_6A204BE0BE80CE23,181,8,commons_6678955.jpg,47644e634371285607e3678ff7f3b28d3e7cfcbafe71ecf8ecc821923eaca1aa,windshield,windshield,structure,intact,no_visible_damage,1261.80,296.58,1293.48,304.82,31.68,8.24,261.04,0,manual,
HCVAT_CB8095F9264E19CB,181,9,commons_6678955.jpg,47644e634371285607e3678ff7f3b28d3e7cfcbafe71ecf8ecc821923eaca1aa,door,door,structure,intact,no_visible_damage,328.76,365.24,501.74,1029.12,172.98,663.88,114837.96,0,manual,
HCVAT_02E4FC1FAE262772,181,10,commons_6678955.jpg,47644e634371285607e3678ff7f3b28d3e7cfcbafe71ecf8ecc821923eaca1aa,wheel_tire,wheel_tire,mobility,intact,no_visible_damage,1332.00,323.09,1344.06,346.99,12.06,23.90,288.23,0,manual,
HCVAT_685D11CA92E320F7,181,11,commons_6678955.jpg,47644e634371285607e3678ff7f3b28d3e7cfcbafe71ecf8ecc821923eaca1aa,windshield,windshield,structure,intact,no_visible_damage,1335.61,294.36,1402.45,308.30,66.84,13.94,931.75,0,manual,
HCVAT_CB9B9B26D96A18D7,181,12,commons_6678955.jpg,47644e634371285607e3678ff7f3b28d3e7cfcbafe71ecf8ecc821923eaca1aa,weapons_station,weapon_station,mission_equipment,intact,no_visible_damage,892.87,189.19,1035.45,284.52,142.58,95.33,13592.15,0,manual,
HCVAT_C55639377B200652,181,13,commons_6678955.jpg,47644e634371285607e3678ff7f3b28d3e7cfcbafe71ecf8ecc821923eaca1aa,engine_bay,engine_bay,structure,intact,no_visible_damage,500.61,413.55,950.84,545.45,450.23,131.90,59385.34,0,manual,
HCVAT_975D457E9DE2F79A,181,14,commons_6678955.jpg,47644e634371285607e3678ff7f3b28d3e7cfcbafe71ecf8ecc821923eaca1aa,comms_equipment,comms_equipment,mission_equipment,intact,no_visible_damage,514.20,0.00,570.70,487.48,56.50,487.48,27542.62,0,manual,
HCVAT_0B9E6A7DF61C12C6,181,15,commons_6678955.jpg,47644e634371285607e3678ff7f3b28d3e7cfcbafe71ecf8ecc821923eaca1aa,comms_equipment,comms_equipment,mission_equipment,intact,no_visible_damage,1041.08,134.01,1066.70,291.00,25.62,156.99,4022.08,0,manual,
HCVAT_42269622E0028DA5,181,16,commons_6678955.jpg,47644e634371285607e3678ff7f3b28d3e7cfcbafe71ecf8ecc821923eaca1aa,windshield,windshield,structure,intact,no_visible_damage,1485.77,290.56,1557.99,307.99,72.22,17.43,1258.79,0,manual,
HCVAT_AC6B4C8891D42F4F,181,17,commons_6678955.jpg,47644e634371285607e3678ff7f3b28d3e7cfcbafe71ecf8ecc821923eaca1aa,weapons_station,weapon_station,mission_equipment,intact,no_visible_damage,1452.95,262.05,1498.25,294.68,45.30,32.63,1478.14,0,manual,
HCVAT_35E7116A02514784,181,18,commons_6678955.jpg,47644e634371285607e3678ff7f3b28d3e7cfcbafe71ecf8ecc821923eaca1aa,windshield,windshield,structure,intact,no_visible_damage,1077.12,296.26,1119.25,340.93,42.13,44.67,1881.95,0,manual,
HCVAT_3C894708FDC81508,181,19,commons_6678955.jpg,47644e634371285607e3678ff7f3b28d3e7cfcbafe71ecf8ecc821923eaca1aa,engine_bay,engine_bay,structure,intact,no_visible_damage,1489.53,308.89,1565.65,330.52,76.12,21.63,1646.48,0,manual,
HCVAT_1F21C2057D694097,181,20,commons_6678955.jpg,47644e634371285607e3678ff7f3b28d3e7cfcbafe71ecf8ecc821923eaca1aa,weapons_station,weapon_station,mission_equipment,intact,no_visible_damage,1272.07,268.70,1300.58,293.41,28.51,24.71,704.48,0,manual,
HCVAT_BBB0326BF16FF64A,181,21,commons_6678955.jpg,47644e634371285607e3678ff7f3b28d3e7cfcbafe71ecf8ecc821923eaca1aa,door,door,structure,intact,no_visible_damage,957.67,319.82,1010.68,566.63,53.01,246.81,13083.40,0,manual,
HCVAT_CF9D0114BAD724E4,181,22,commons_6678955.jpg,47644e634371285607e3678ff7f3b28d3e7cfcbafe71ecf8ecc821923eaca1aa,windshield,windshield,structure,intact,no_visible_damage,511.11,311.49,938.44,409.20,427.33,97.71,41754.41,0,manual,
HCVAT_B486195D03F36FBC,181,23,commons_6678955.jpg,47644e634371285607e3678ff7f3b28d3e7cfcbafe71ecf8ecc821923eaca1aa,windshield,windshield,structure,intact,no_visible_damage,1460.42,295.31,1476.26,309.57,15.84,14.26,225.88,0,manual,
HCVAT_45556B99BA6EA002,181,24,commons_6678955.jpg,47644e634371285607e3678ff7f3b28d3e7cfcbafe71ecf8ecc821923eaca1aa,weapons_station,weapon_station,mission_equipment,intact,no_visible_damage,1496.66,256.98,1542.91,290.25,46.25,33.27,1538.74,0,manual,
HCVAT_4CE8B0C271A1691C,181,25,commons_6678955.jpg,47644e634371285607e3678ff7f3b28d3e7cfcbafe71ecf8ecc821923eaca1aa,engine_bay,engine_bay,structure,intact,no_visible_damage,1258.73,306.70,1289.40,319.84,30.67,13.14,403.00,0,manual,
HCVAT_6E49E7DB9321A99F,181,26,commons_6678955.jpg,47644e634371285607e3678ff7f3b28d3e7cfcbafe71ecf8ecc821923eaca1aa,weapons_station,weapon_station,mission_equipment,intact,no_visible_damage,1220.49,271.98,1245.65,294.28,25.16,22.30,561.07,0,manual,
HCVAT_ADB55646B513297A,181,27,commons_6678955.jpg,47644e634371285607e3678ff7f3b28d3e7cfcbafe71ecf8ecc821923eaca1aa,wheel_tire,wheel_tire,mobility,intact,no_visible_damage,398.27,696.19,553.95,1065.00,155.68,368.81,57416.34,0,manual,
HCVAT_F7F850B4EA5F2B27,181,28,commons_6678955.jpg,47644e634371285607e3678ff7f3b28d3e7cfcbafe71ecf8ecc821923eaca1aa,wheel_tire,wheel_tire,mobility,intact,no_visible_damage,1389.49,323.80,1400.38,347.46,10.89,23.66,257.66,0,manual,
HCVAT_EC88B3971A019413,181,29,commons_6678955.jpg,47644e634371285607e3678ff7f3b28d3e7cfcbafe71ecf8ecc821923eaca1aa,wheel_tire,wheel_tire,mobility,intact,no_visible_damage,1000.46,445.85,1038.25,542.54,37.79,96.69,3653.92,0,manual,
HCVAT_0D6E76EC1A125EE4,181,30,commons_6678955.jpg,47644e634371285607e3678ff7f3b28d3e7cfcbafe71ecf8ecc821923eaca1aa,wheel_tire,wheel_tire,mobility,intact,no_visible_damage,1538.10,333.26,1550.40,348.41,12.30,15.15,186.35,0,manual,
HCVAT_6E62627835963FEA,181,31,commons_6678955.jpg,47644e634371285607e3678ff7f3b28d3e7cfcbafe71ecf8ecc821923eaca1aa,wheel_tire,wheel_tire,mobility,intact,no_visible_damage,1039.90,416.17,1077.69,507.77,37.79,91.60,3461.56,0,manual,
HCVAT_86EDD53A756372E3,181,32,commons_6678955.jpg,47644e634371285607e3678ff7f3b28d3e7cfcbafe71ecf8ecc821923eaca1aa,weapons_station,weapon_station,mission_equipment,intact,no_visible_damage,1398.78,274.09,1426.97,295.00,28.19,20.91,589.45,0,manual,
HCVAT_46B446CEFCF65194,181,33,commons_6678955.jpg,47644e634371285607e3678ff7f3b28d3e7cfcbafe71ecf8ecc821923eaca1aa,weapons_station,weapon_station,mission_equipment,intact,no_visible_damage,1244.83,272.39,1273.87,292.84,29.04,20.45,593.87,0,manual,
HCVAT_D424AF5AEBB31F1E,181,34,commons_6678955.jpg,47644e634371285607e3678ff7f3b28d3e7cfcbafe71ecf8ecc821923eaca1aa,wheel_tire,wheel_tire,mobility,intact,no_visible_damage,1242.08,316.46,1252.25,334.68,10.17,18.22,185.30,0,manual,
HCVAT_632EE348714B7A01,181,35,commons_6678955.jpg,47644e634371285607e3678ff7f3b28d3e7cfcbafe71ecf8ecc821923eaca1aa,engine_bay,engine_bay,structure,intact,no_visible_damage,1330.71,307.79,1401.37,325.32,70.66,17.53,1238.67,0,manual,
HCVAT_F85D8FFDC62B8892,181,36,commons_6678955.jpg,47644e634371285607e3678ff7f3b28d3e7cfcbafe71ecf8ecc821923eaca1aa,door,door,structure,intact,no_visible_damage,83.27,376.64,337.88,1065.00,254.61,688.36,175263.34,0,manual,
HCVAT_FD7E1599A01AB52B,181,37,commons_6678955.jpg,47644e634371285607e3678ff7f3b28d3e7cfcbafe71ecf8ecc821923eaca1aa,wheel_tire,wheel_tire,mobility,intact,no_visible_damage,1084.90,377.15,1124.33,463.67,39.43,86.52,3411.48,0,manual,
HCVAT_E7A18D87B9692D30,181,38,commons_6678955.jpg,47644e634371285607e3678ff7f3b28d3e7cfcbafe71ecf8ecc821923eaca1aa,wheel_tire,wheel_tire,mobility,intact,no_visible_damage,946.18,524.31,998.38,622.27,52.20,97.96,5113.51,0,manual,
HCVAT_DB08CAF396566DC7,181,39,commons_6678955.jpg,47644e634371285607e3678ff7f3b28d3e7cfcbafe71ecf8ecc821923eaca1aa,wheel_tire,wheel_tire,mobility,intact,no_visible_damage,1123.86,386.78,1150.65,447.13,26.79,60.35,1616.78,0,manual,
HCVAT_756FFF843E4959A3,181,40,commons_6678955.jpg,47644e634371285607e3678ff7f3b28d3e7cfcbafe71ecf8ecc821923eaca1aa,comms_equipment,comms_equipment,mission_equipment,intact,no_visible_damage,1138.95,179.99,1152.75,291.65,13.80,111.66,1540.91,0,manual,
HCVAT_22E748A061543648,181,41,commons_6678955.jpg,47644e634371285607e3678ff7f3b28d3e7cfcbafe71ecf8ecc821923eaca1aa,wheel_tire,wheel_tire,mobility,intact,no_visible_damage,850.02,501.85,941.60,703.31,91.58,201.46,18449.71,0,manual,
HCVAT_240238D43C67D39F,181,42,commons_6678955.jpg,47644e634371285607e3678ff7f3b28d3e7cfcbafe71ecf8ecc821923eaca1aa,comms_equipment,comms_equipment,mission_equipment,intact,no_visible_damage,1171.14,208.23,1184.28,297.57,13.14,89.34,1173.93,0,manual,
HCVAT_54E5E56997D4612D,181,43,commons_6678955.jpg,47644e634371285607e3678ff7f3b28d3e7cfcbafe71ecf8ecc821923eaca1aa,wheel_tire,wheel_tire,mobility,intact,no_visible_damage,1475.86,333.73,1485.09,349.35,9.23,15.62,144.17,0,manual,
HCVAT_C84FA5E1BCA10724,181,44,commons_6678955.jpg,47644e634371285607e3678ff7f3b28d3e7cfcbafe71ecf8ecc821923eaca1aa,wheel_tire,wheel_tire,mobility,intact,no_visible_damage,1486.99,329.00,1498.82,350.06,11.83,21.06,249.14,0,manual,
HCVAT_3E34E6B78B3F8315,181,45,commons_6678955.jpg,47644e634371285607e3678ff7f3b28d3e7cfcbafe71ecf8ecc821923eaca1aa,weapons_station,weapon_station,mission_equipment,intact,no_visible_damage,607.87,61.90,926.70,286.15,318.83,224.25,71497.63,0,manual,
HCVAT_028F9BFE2F0F11BD,182,1,commons_71658956.jpg,8fa6f1fd6eed2456026eb8d6feb17dd57fdcace33858dc00dd4951be167e9cf3,windshield,windshield,structure,intact,no_visible_damage,530.95,460.97,1010.65,591.24,479.70,130.27,62490.52,0,manual,
HCVAT_5C7FDC0C78662406,182,2,commons_71658956.jpg,8fa6f1fd6eed2456026eb8d6feb17dd57fdcace33858dc00dd4951be167e9cf3,wheel_tire,wheel_tire,mobility,intact,no_visible_damage,528.31,922.19,654.17,1066.00,125.86,143.81,18099.93,0,manual,
HCVAT_56FE6DFEDE08D30A,182,3,commons_71658956.jpg,8fa6f1fd6eed2456026eb8d6feb17dd57fdcace33858dc00dd4951be167e9cf3,wheel_tire,wheel_tire,mobility,intact,no_visible_damage,1017.69,820.97,1206.93,980.28,189.24,159.31,30147.82,0,manual,
HCVAT_3AA9E42B55C18193,182,4,commons_71658956.jpg,8fa6f1fd6eed2456026eb8d6feb17dd57fdcace33858dc00dd4951be167e9cf3,comms_equipment,comms_equipment,mission_equipment,intact,no_visible_damage,546.52,593.85,605.89,624.76,59.37,30.91,1835.13,0,manual,
HCVAT_27F1DA8DB9F5547B,182,5,commons_71658956.jpg,8fa6f1fd6eed2456026eb8d6feb17dd57fdcace33858dc00dd4951be167e9cf3,engine_bay,engine_bay,structure,intact,no_visible_damage,520.38,582.44,1228.06,929.23,707.68,346.79,245416.35,0,manual,
HCVAT_5985EF5786B8DA52,183,1,commons_71658961.jpg,07105f43c9633b0dc0db05e7582b28270cfcdc916deb49c53b991221c8333227,engine_bay,engine_bay,structure,intact,no_visible_damage,1488.01,439.31,1600.00,475.80,111.99,36.49,4086.52,0,manual,
HCVAT_CB6EB0CC2D935B0A,183,2,commons_71658961.jpg,07105f43c9633b0dc0db05e7582b28270cfcdc916deb49c53b991221c8333227,wheel_tire,wheel_tire,mobility,intact,no_visible_damage,769.99,495.89,834.67,582.50,64.68,86.61,5601.93,0,manual,
HCVAT_796BD5E381E5AD1C,183,3,commons_71658961.jpg,07105f43c9633b0dc0db05e7582b28270cfcdc916deb49c53b991221c8333227,comms_equipment,comms_equipment,mission_equipment,intact,no_visible_damage,857.07,418.02,867.47,450.92,10.40,32.90,342.16,0,manual,
HCVAT_94B943F0E7EE7357,183,4,commons_71658961.jpg,07105f43c9633b0dc0db05e7582b28270cfcdc916deb49c53b991221c8333227,weapons_station,weapon_station,mission_equipment,intact,no_visible_damage,895.03,381.28,976.81,418.91,81.78,37.63,3077.38,0,manual,
HCVAT_86A279341356CDF7,183,5,commons_71658961.jpg,07105f43c9633b0dc0db05e7582b28270cfcdc916deb49c53b991221c8333227,windshield,windshield,structure,intact,no_visible_damage,1419.71,411.41,1465.05,434.20,45.34,22.79,1033.30,0,manual,
HCVAT_0732375378C621D5,183,6,commons_71658961.jpg,07105f43c9633b0dc0db05e7582b28270cfcdc916deb49c53b991221c8333227,wheel_tire,wheel_tire,mobility,intact,no_visible_damage,1471.99,446.42,1490.70,481.69,18.71,35.27,659.90,0,manual,
HCVAT_89BDF153952DDCB5,183,7,commons_71658961.jpg,07105f43c9633b0dc0db05e7582b28270cfcdc916deb49c53b991221c8333227,engine_bay,engine_bay,structure,intact,no_visible_damage,1016.30,462.09,1342.69,539.49,326.39,77.40,25262.59,0,manual,
HCVAT_3B7629CD47F618B1,183,8,commons_71658961.jpg,07105f43c9633b0dc0db05e7582b28270cfcdc916deb49c53b991221c8333227,weapons_station,weapon_station,mission_equipment,intact,no_visible_damage,1168.84,297.89,1340.95,391.82,172.11,93.93,16166.29,0,manual,
HCVAT_6388FC62070A887C,183,9,commons_71658961.jpg,07105f43c9633b0dc0db05e7582b28270cfcdc916deb49c53b991221c8333227,wheel_tire,wheel_tire,mobility,intact,no_visible_damage,11.55,520.95,95.06,590.97,83.51,70.02,5847.37,0,manual,
HCVAT_7BC598B65FF16108,183,10,commons_71658961.jpg,07105f43c9633b0dc0db05e7582b28270cfcdc916deb49c53b991221c8333227,weapons_station,weapon_station,mission_equipment,intact,no_visible_damage,1398.39,378.97,1457.90,410.48,59.51,31.51,1875.16,0,manual,
HCVAT_19AA69C5F778B2EB,183,11,commons_71658961.jpg,07105f43c9633b0dc0db05e7582b28270cfcdc916deb49c53b991221c8333227,windshield,windshield,structure,intact,no_visible_damage,1079.08,392.06,1351.13,463.04,272.05,70.98,19310.11,0,manual,
HCVAT_723238D4886C5D1B,183,12,commons_71658961.jpg,07105f43c9633b0dc0db05e7582b28270cfcdc916deb49c53b991221c8333227,weapons_station,weapon_station,mission_equipment,intact,no_visible_damage,536.37,326.21,740.64,411.00,204.27,84.79,17320.05,0,manual,
HCVAT_55642A7E521E258B,183,13,commons_71658961.jpg,07105f43c9633b0dc0db05e7582b28270cfcdc916deb49c53b991221c8333227,engine_bay,engine_bay,structure,intact,no_visible_damage,846.50,448.64,961.71,479.11,115.21,30.47,3510.45,0,manual,
HCVAT_027A8B5D8F42C067,183,14,commons_71658961.jpg,07105f43c9633b0dc0db05e7582b28270cfcdc916deb49c53b991221c8333227,wheel_tire,wheel_tire,mobility,intact,no_visible_damage,358.11,496.22,405.00,571.06,46.89,74.84,3509.25,0,manual,
HCVAT_CB1AE0D362737591,183,15,commons_71658961.jpg,07105f43c9633b0dc0db05e7582b28270cfcdc916deb49c53b991221c8333227,wheel_tire,wheel_tire,mobility,intact,no_visible_damage,560.14,510.03,643.97,609.92,83.83,99.89,8373.78,0,manual,
HCVAT_7EF22B6532FFACD5,183,16,commons_71658961.jpg,07105f43c9633b0dc0db05e7582b28270cfcdc916deb49c53b991221c8333227,windshield,windshield,structure,intact,no_visible_damage,1501.40,403.00,1600.00,438.31,98.60,35.31,3481.57,0,manual,
HCVAT_1921773A0552304A,183,17,commons_71658961.jpg,07105f43c9633b0dc0db05e7582b28270cfcdc916deb49c53b991221c8333227,door,door,structure,intact,no_visible_damage,986.72,425.29,1012.64,484.39,25.92,59.10,1531.87,0,manual,
HCVAT_69C5F6D580C90866,183,18,commons_71658961.jpg,07105f43c9633b0dc0db05e7582b28270cfcdc916deb49c53b991221c8333227,windshield,windshield,structure,intact,no_visible_damage,502.11,411.34,673.69,470.74,171.58,59.40,10191.85,0,manual,
HCVAT_7A2D66F0A27DD849,183,19,commons_71658961.jpg,07105f43c9633b0dc0db05e7582b28270cfcdc916deb49c53b991221c8333227,wheel_tire,wheel_tire,mobility,intact,no_visible_damage,915.65,467.60,953.00,517.40,37.35,49.80,1860.03,0,manual,
HCVAT_E1D5A406EC85E2FA,183,20,commons_71658961.jpg,07105f43c9633b0dc0db05e7582b28270cfcdc916deb49c53b991221c8333227,comms_equipment,comms_equipment,mission_equipment,intact,no_visible_damage,1505.47,403.37,1520.37,440.57,14.90,37.20,554.28,0,manual,
HCVAT_41E172664E501888,183,21,commons_71658961.jpg,07105f43c9633b0dc0db05e7582b28270cfcdc916deb49c53b991221c8333227,engine_bay,engine_bay,structure,intact,no_visible_damage,400.92,470.19,670.35,531.51,269.43,61.32,16521.45,0,manual,
HCVAT_56A3BAA86E594E8F,183,22,commons_71658961.jpg,07105f43c9633b0dc0db05e7582b28270cfcdc916deb49c53b991221c8333227,door,door,structure,intact,no_visible_damage,305.13,436.49,368.16,531.87,63.03,95.38,6011.80,0,manual,
HCVAT_D15970044187F751,183,23,commons_71658961.jpg,07105f43c9633b0dc0db05e7582b28270cfcdc916deb49c53b991221c8333227,wheel_tire,wheel_tire,mobility,intact,no_visible_damage,999.46,462.91,1029.18,508.70,29.72,45.79,1360.88,0,manual,
HCVAT_91DEBE3158EDB634,183,24,commons_71658961.jpg,07105f43c9633b0dc0db05e7582b28270cfcdc916deb49c53b991221c8333227,windshield,windshield,structure,intact,no_visible_damage,867.46,419.36,964.53,449.01,97.07,29.65,2878.13,0,manual,
HCVAT_008BBB6285CF80CE,183,25,commons_71658961.jpg,07105f43c9633b0dc0db05e7582b28270cfcdc916deb49c53b991221c8333227,door,door,structure,intact,no_visible_damage,731.90,422.59,788.69,537.47,56.79,114.88,6524.04,0,manual,
HCVAT_EDA7CF65CB9ECC41,183,26,commons_71658961.jpg,07105f43c9633b0dc0db05e7582b28270cfcdc916deb49c53b991221c8333227,windshield,windshield,structure,intact,no_visible_damage,113.75,424.94,243.97,476.85,130.22,51.91,6759.72,0,manual,
HCVAT_3454D5C325105492,183,27,commons_71658961.jpg,07105f43c9633b0dc0db05e7582b28270cfcdc916deb49c53b991221c8333227,engine_bay,engine_bay,structure,intact,no_visible_damage,7.40,473.20,236.67,524.82,229.27,51.62,11834.92,0,manual,
HCVAT_505319C5A38E0BBA,183,28,commons_71658961.jpg,07105f43c9633b0dc0db05e7582b28270cfcdc916deb49c53b991221c8333227,wheel_tire,wheel_tire,mobility,intact,no_visible_damage,1448.47,448.10,1459.99,486.00,11.52,37.90,436.61,0,manual,
HCVAT_8E6107AFF3E633D5,183,29,commons_71658961.jpg,07105f43c9633b0dc0db05e7582b28270cfcdc916deb49c53b991221c8333227,wheel_tire,wheel_tire,mobility,intact,no_visible_damage,1384.01,495.53,1438.42,598.52,54.41,102.99,5603.69,0,manual,
HCVAT_E34D6E18CDEEFAE8,183,30,commons_71658961.jpg,07105f43c9633b0dc0db05e7582b28270cfcdc916deb49c53b991221c8333227,door,door,structure,intact,no_visible_damage,966.60,424.05,986.51,486.25,19.91,62.20,1238.40,0,manual,
HCVAT_F2A6BE0C3EAF7F5E,183,31,commons_71658961.jpg,07105f43c9633b0dc0db05e7582b28270cfcdc916deb49c53b991221c8333227,wheel_tire,wheel_tire,mobility,intact,no_visible_damage,1018.97,527.46,1092.53,625.17,73.56,97.71,7187.55,0,manual,
HCVAT_1DD8CA61A58A207A,183,32,commons_71658961.jpg,07105f43c9633b0dc0db05e7582b28270cfcdc916deb49c53b991221c8333227,weapons_station,weapon_station,mission_equipment,intact,no_visible_damage,152.55,359.30,331.77,423.53,179.22,64.23,11511.30,0,manual,
HCVAT_F43C3F5F3CA81AB6,183,33,commons_71658961.jpg,07105f43c9633b0dc0db05e7582b28270cfcdc916deb49c53b991221c8333227,wheel_tire,wheel_tire,mobility,intact,no_visible_damage,1256.87,511.36,1329.32,635.72,72.45,124.36,9009.88,0,manual,
HCVAT_EE3535F01944AC3C,183,34,commons_71658961.jpg,07105f43c9633b0dc0db05e7582b28270cfcdc916deb49c53b991221c8333227,door,door,structure,intact,no_visible_damage,1465.01,417.58,1475.80,464.12,10.79,46.54,502.17,0,manual,
HCVAT_8AA92F6F1A8E6376,183,35,commons_71658961.jpg,07105f43c9633b0dc0db05e7582b28270cfcdc916deb49c53b991221c8333227,door,door,structure,intact,no_visible_damage,1352.96,409.42,1384.15,553.85,31.19,144.43,4504.77,0,manual,
HCVAT_0FD04007411F1DF4,183,36,commons_71658961.jpg,07105f43c9633b0dc0db05e7582b28270cfcdc916deb49c53b991221c8333227,door,door,structure,intact,no_visible_damage,1474.59,419.25,1484.89,462.76,10.30,43.51,448.15,0,manual,
HCVAT_F331CF6C1BF557D6,183,37,commons_71658961.jpg,07105f43c9633b0dc0db05e7582b28270cfcdc916deb49c53b991221c8333227,weapons_station,weapon_station,mission_equipment,intact,no_visible_damage,1548.10,354.91,1600.00,402.61,51.90,47.70,2475.63,0,manual,
HCVAT_29259259150CA68C,183,38,commons_71658961.jpg,07105f43c9633b0dc0db05e7582b28270cfcdc916deb49c53b991221c8333227,comms_equipment,comms_equipment,mission_equipment,intact,no_visible_damage,1082.04,388.19,1109.21,468.42,27.17,80.23,2179.85,0,manual,
HCVAT_81F1368123E9AD5D,183,39,commons_71658961.jpg,07105f43c9633b0dc0db05e7582b28270cfcdc916deb49c53b991221c8333227,comms_equipment,comms_equipment,mission_equipment,intact,no_visible_damage,480.23,409.83,501.50,472.08,21.27,62.25,1324.06,0,manual,
HCVAT_27FEA97C03032427,183,40,commons_71658961.jpg,07105f43c9633b0dc0db05e7582b28270cfcdc916deb49c53b991221c8333227,door,door,structure,intact,no_visible_damage,247.89,434.41,305.13,535.19,57.24,100.78,5768.65,0,manual,
HCVAT_7EAEA43B1D693B8D,183,41,commons_71658961.jpg,07105f43c9633b0dc0db05e7582b28270cfcdc916deb49c53b991221c8333227,wheel_tire,wheel_tire,mobility,intact,no_visible_damage,403.81,533.12,484.67,603.91,80.86,70.79,5724.08,0,manual,
HCVAT_321F0F119260F205,183,42,commons_71658961.jpg,07105f43c9633b0dc0db05e7582b28270cfcdc916deb49c53b991221c8333227,wheel_tire,wheel_tire,mobility,intact,no_visible_damage,1488.40,473.88,1516.98,520.52,28.58,46.64,1332.97,0,manual,
HCVAT_5CC16204458424AF,183,43,commons_71658961.jpg,07105f43c9633b0dc0db05e7582b28270cfcdc916deb49c53b991221c8333227,door,door,structure,intact,no_visible_damage,1386.07,409.18,1417.02,545.46,30.95,136.28,4217.87,0,manual,
HCVAT_DC5F4C1E1BA4516F,183,44,commons_71658961.jpg,07105f43c9633b0dc0db05e7582b28270cfcdc916deb49c53b991221c8333227,door,door,structure,intact,no_visible_damage,674.85,421.56,732.49,544.31,57.64,122.75,7075.31,0,manual,
HCVAT_6D8A9D250FFF41ED,183,45,commons_71658961.jpg,07105f43c9633b0dc0db05e7582b28270cfcdc916deb49c53b991221c8333227,wheel_tire,wheel_tire,mobility,unknown,unobservable,248.90,547.29,311.22,570.09,62.32,22.80,1420.90,0,manual,
HCVAT_676585A8049CEF6E,183,46,commons_71658961.jpg,07105f43c9633b0dc0db05e7582b28270cfcdc916deb49c53b991221c8333227,wheel_tire,wheel_tire,mobility,intact,no_visible_damage,126.53,506.50,212.93,591.93,86.40,85.43,7381.15,0,manual,
HCVAT_D66AF39547C235CF,183,47,commons_71658961.jpg,07105f43c9633b0dc0db05e7582b28270cfcdc916deb49c53b991221c8333227,comms_equipment,comms_equipment,mission_equipment,intact,no_visible_damage,93.35,428.52,112.36,477.52,19.01,49.00,931.49,0,manual,
HCVAT_D3256885E8E0F93D,184,1,commons_71754870.jpg,510f3d6f8a8d21019ee018e66fbd17679a1f092865e0ff857885f37c00d5b0da,door,door,structure,intact,no_visible_damage,1103.89,546.09,1222.63,705.15,118.74,159.06,18886.78,0,manual,
HCVAT_9B811DC86F9F918A,184,2,commons_71754870.jpg,510f3d6f8a8d21019ee018e66fbd17679a1f092865e0ff857885f37c00d5b0da,wheel_tire,wheel_tire,mobility,unknown,unobservable,20.07,486.39,48.19,520.42,28.12,34.03,956.92,0,manual,
HCVAT_BCC37E1060C0EBCA,184,3,commons_71754870.jpg,510f3d6f8a8d21019ee018e66fbd17679a1f092865e0ff857885f37c00d5b0da,windshield,windshield,structure,intact,no_visible_damage,1223.79,515.43,1334.41,605.43,110.62,90.00,9955.80,0,manual,
HCVAT_B4A78FB75B45D725,184,4,commons_71754870.jpg,510f3d6f8a8d21019ee018e66fbd17679a1f092865e0ff857885f37c00d5b0da,windshield,windshield,structure,intact,no_visible_damage,1402.82,493.25,1465.35,546.37,62.53,53.12,3321.59,0,manual,
HCVAT_075C5D0239B44231,184,5,commons_71754870.jpg,510f3d6f8a8d21019ee018e66fbd17679a1f092865e0ff857885f37c00d5b0da,windshield,windshield,structure,intact,no_visible_damage,594.74,595.07,899.94,781.69,305.20,186.62,56956.42,0,manual,
HCVAT_09BC880008F5C61E,184,6,commons_71754870.jpg,510f3d6f8a8d21019ee018e66fbd17679a1f092865e0ff857885f37c00d5b0da,door,door,structure,intact,no_visible_damage,976.36,538.90,1104.51,692.33,128.15,153.43,19662.05,0,manual,
HCVAT_8A602F6C500A57C1,184,7,commons_71754870.jpg,510f3d6f8a8d21019ee018e66fbd17679a1f092865e0ff857885f37c00d5b0da,door,door,structure,intact,no_visible_damage,1337.60,508.28,1404.82,589.53,67.22,81.25,5461.63,0,manual,
HCVAT_3A880491048724AF,184,8,commons_71754870.jpg,510f3d6f8a8d21019ee018e66fbd17679a1f092865e0ff857885f37c00d5b0da,door,door,structure,intact,no_visible_damage,255.20,640.17,428.86,915.56,173.66,275.39,47824.23,0,manual,
HCVAT_4BCE4A770765F985,184,9,commons_71754870.jpg,510f3d6f8a8d21019ee018e66fbd17679a1f092865e0ff857885f37c00d5b0da,door,door,structure,intact,no_visible_damage,422.38,661.55,596.04,959.62,173.66,298.07,51762.84,0,manual,
HCVAT_683C2F74FCF39D73,184,10,commons_71754870.jpg,510f3d6f8a8d21019ee018e66fbd17679a1f092865e0ff857885f37c00d5b0da,engine_bay,engine_bay,structure,intact,no_visible_damage,1253.58,583.92,1515.49,696.70,261.91,112.78,29538.21,0,manual,
HCVAT_B3E7C7471E89C61A,184,11,commons_71754870.jpg,510f3d6f8a8d21019ee018e66fbd17679a1f092865e0ff857885f37c00d5b0da,engine_bay,engine_bay,structure,intact,no_visible_damage,1429.50,541.65,1598.59,605.71,169.09,64.06,10831.91,0,manual,
HCVAT_4220BC8D92313D78,184,12,commons_71754870.jpg,510f3d6f8a8d21019ee018e66fbd17679a1f092865e0ff857885f37c00d5b0da,engine_bay,engine_bay,structure,intact,no_visible_damage,678.01,713.89,1153.10,970.50,475.09,256.61,121912.84,0,manual,
HCVAT_525C2D0102CA654A,184,13,commons_71754870.jpg,510f3d6f8a8d21019ee018e66fbd17679a1f092865e0ff857885f37c00d5b0da,comms_equipment,comms_equipment,mission_equipment,intact,no_visible_damage,639.94,628.54,700.16,804.93,60.22,176.39,10622.21,0,manual,
HCVAT_164A592224F40848,184,14,commons_71754870.jpg,510f3d6f8a8d21019ee018e66fbd17679a1f092865e0ff857885f37c00d5b0da,comms_equipment,comms_equipment,mission_equipment,intact,no_visible_damage,1251.04,523.69,1283.47,618.89,32.43,95.20,3087.34,0,manual,
HCVAT_AA265E32B8FB601B,184,15,commons_71754870.jpg,510f3d6f8a8d21019ee018e66fbd17679a1f092865e0ff857885f37c00d5b0da,weapons_station,weapon_station,mission_equipment,intact,no_visible_damage,1286.31,429.47,1488.94,490.18,202.63,60.71,12301.67,0,manual,
HCVAT_A77756CC3EA07678,184,16,commons_71754870.jpg,510f3d6f8a8d21019ee018e66fbd17679a1f092865e0ff857885f37c00d5b0da,weapons_station,weapon_station,mission_equipment,intact,no_visible_damage,986.76,427.92,1354.47,523.02,367.71,95.10,34969.22,0,manual,
HCVAT_3B815D623AB014E4,184,17,commons_71754870.jpg,510f3d6f8a8d21019ee018e66fbd17679a1f092865e0ff857885f37c00d5b0da,weapons_station,weapon_station,mission_equipment,intact,no_visible_damage,321.20,422.80,883.99,614.50,562.79,191.70,107886.84,0,manual,
HCVAT_40496F3379538F8D,184,18,commons_71754870.jpg,510f3d6f8a8d21019ee018e66fbd17679a1f092865e0ff857885f37c00d5b0da,wheel_tire,wheel_tire,mobility,intact,no_visible_damage,885.83,624.43,992.42,725.05,106.59,100.62,10725.09,0,manual,
HCVAT_57D5B592B7067CF0,184,19,commons_71754870.jpg,510f3d6f8a8d21019ee018e66fbd17679a1f092865e0ff857885f37c00d5b0da,wheel_tire,wheel_tire,mobility,intact,no_visible_damage,1456.13,583.81,1548.66,665.68,92.53,81.87,7575.43,0,manual,
HCVAT_F2E37768C353975A,184,20,commons_71754870.jpg,510f3d6f8a8d21019ee018e66fbd17679a1f092865e0ff857885f37c00d5b0da,wheel_tire,wheel_tire,mobility,intact,no_visible_damage,1290.08,667.95,1431.03,795.41,140.95,127.46,17965.49,0,manual,
HCVAT_5C3E60B690214A47,184,21,commons_71754870.jpg,510f3d6f8a8d21019ee018e66fbd17679a1f092865e0ff857885f37c00d5b0da,wheel_tire,wheel_tire,mobility,intact,no_visible_damage,147.48,778.16,304.93,967.10,157.45,188.94,29748.60,0,manual,
HCVAT_E869F3F01A4966CB,184,22,commons_71754870.jpg,510f3d6f8a8d21019ee018e66fbd17679a1f092865e0ff857885f37c00d5b0da,wheel_tire,wheel_tire,mobility,intact,no_visible_damage,703.04,901.87,948.95,1149.28,245.91,247.41,60840.59,0,manual,
HCVAT_006F09CF9501C292,185,1,commons_71754872.jpg,cd56f8645a1c32dd3b39912a375fd0a6eb2c59a44e1c186b1d9f659d0cfb11b1,wheel_tire,wheel_tire,mobility,intact,no_visible_damage,747.73,812.01,1010.81,1121.10,263.08,309.09,81315.40,0,manual,
HCVAT_7F4F8AC488D1B9FA,185,2,commons_71754872.jpg,cd56f8645a1c32dd3b39912a375fd0a6eb2c59a44e1c186b1d9f659d0cfb11b1,engine_bay,engine_bay,structure,intact,no_visible_damage,710.76,613.87,1419.82,864.77,709.06,250.90,177903.15,0,manual,
HCVAT_8CE99368AD0A1CBB,185,3,commons_71754872.jpg,cd56f8645a1c32dd3b39912a375fd0a6eb2c59a44e1c186b1d9f659d0cfb11b1,wheel_tire,wheel_tire,mobility,unknown,unobservable,309.73,369.68,359.26,430.06,49.53,60.38,2990.62,0,manual,
HCVAT_BB97ECCF63571B84,185,4,commons_71754872.jpg,cd56f8645a1c32dd3b39912a375fd0a6eb2c59a44e1c186b1d9f659d0cfb11b1,engine_bay,engine_bay,structure,intact,no_visible_damage,300.38,328.41,470.23,376.10,169.85,47.69,8100.15,0,manual,
HCVAT_1048CCD7EFDA230A,185,5,commons_71754872.jpg,cd56f8645a1c32dd3b39912a375fd0a6eb2c59a44e1c186b1d9f659d0cfb11b1,wheel_tire,wheel_tire,mobility,unknown,unobservable,444.23,374.02,476.77,425.72,32.54,51.70,1682.32,0,manual,
HCVAT_DCD9601521A7F868,185,6,commons_71754872.jpg,cd56f8645a1c32dd3b39912a375fd0a6eb2c59a44e1c186b1d9f659d0cfb11b1,comms_equipment,comms_equipment,mission_equipment,intact,no_visible_damage,689.20,472.40,761.79,683.00,72.59,210.60,15287.45,0,manual,
HCVAT_9B76E6DB884DDD6B,185,7,commons_71754872.jpg,cd56f8645a1c32dd3b39912a375fd0a6eb2c59a44e1c186b1d9f659d0cfb11b1,windshield,windshield,structure,intact,no_visible_damage,296.00,290.56,438.41,330.24,142.41,39.68,5650.83,0,manual,
HCVAT_37E065DF576A0963,185,8,commons_71754872.jpg,cd56f8645a1c32dd3b39912a375fd0a6eb2c59a44e1c186b1d9f659d0cfb11b1,wheel_tire,wheel_tire,mobility,intact,no_visible_damage,216.39,686.95,386.81,931.89,170.42,244.94,41742.67,0,manual,
HCVAT_AD862A3D6EB177AB,185,9,commons_71754872.jpg,cd56f8645a1c32dd3b39912a375fd0a6eb2c59a44e1c186b1d9f659d0cfb11b1,weapons_station,weapon_station,mission_equipment,intact,no_visible_damage,462.90,240.38,985.47,463.05,522.57,222.67,116360.66,0,manual,
HCVAT_9A9E514F4DAC93D6,185,10,commons_71754872.jpg,cd56f8645a1c32dd3b39912a375fd0a6eb2c59a44e1c186b1d9f659d0cfb11b1,weapons_station,weapon_station,mission_equipment,intact,no_visible_damage,1394.07,245.50,1600.00,368.58,205.93,123.08,25345.86,0,manual,
HCVAT_C3783DED45B29C57,185,11,commons_71754872.jpg,cd56f8645a1c32dd3b39912a375fd0a6eb2c59a44e1c186b1d9f659d0cfb11b1,windshield,windshield,structure,intact,no_visible_damage,635.39,457.13,1159.10,675.46,523.71,218.33,114341.60,0,manual,
HCVAT_B2668C1A476E5C4D,185,12,commons_71754872.jpg,cd56f8645a1c32dd3b39912a375fd0a6eb2c59a44e1c186b1d9f659d0cfb11b1,wheel_tire,wheel_tire,mobility,intact,no_visible_damage,1228.68,525.12,1371.75,674.04,143.07,148.92,21305.98,0,manual,
HCVAT_D7B312F3280ED5D2,185,13,commons_71754872.jpg,cd56f8645a1c32dd3b39912a375fd0a6eb2c59a44e1c186b1d9f659d0cfb11b1,door,door,structure,intact,no_visible_damage,1480.94,407.06,1600.00,635.47,119.06,228.41,27194.49,0,manual,
HCVAT_E809D1C02FE39C0B,185,14,commons_71754872.jpg,cd56f8645a1c32dd3b39912a375fd0a6eb2c59a44e1c186b1d9f659d0cfb11b1,door,door,structure,intact,no_visible_damage,1334.94,396.60,1480.10,619.58,145.16,222.98,32367.78,0,manual,
HCVAT_0322764B0466E55A,185,15,commons_71754872.jpg,cd56f8645a1c32dd3b39912a375fd0a6eb2c59a44e1c186b1d9f659d0cfb11b1,wheel_tire,wheel_tire,mobility,unknown,unobservable,195.44,365.44,233.76,430.52,38.32,65.08,2493.87,0,manual,
HCVAT_09E3B9470B0830E1,185,16,commons_71754872.jpg,cd56f8645a1c32dd3b39912a375fd0a6eb2c59a44e1c186b1d9f659d0cfb11b1,wheel_tire,wheel_tire,mobility,intact,no_visible_damage,1190.90,784.80,1420.34,1013.50,229.44,228.70,52472.93,0,manual,
HCVAT_ED5943418D93A42F,185,17,commons_71754872.jpg,cd56f8645a1c32dd3b39912a375fd0a6eb2c59a44e1c186b1d9f659d0cfb11b1,door,door,structure,intact,no_visible_damage,464.35,519.55,635.98,875.86,171.63,356.31,61153.49,0,manual,
HCVAT_D5F1427B764D3EAA,185,18,commons_71754872.jpg,cd56f8645a1c32dd3b39912a375fd0a6eb2c59a44e1c186b1d9f659d0cfb11b1,door,door,structure,intact,no_visible_damage,314.80,501.39,480.41,838.72,165.61,337.33,55865.22,0,manual,
HCVAT_BBE669A221BF395D,186,1,commons_71754899.jpg,e8531f1c05c0bb6be982fd2f8835bbd7bfe2f505ad10fd01db263a969e852146,comms_equipment,comms_equipment,mission_equipment,intact,no_visible_damage,1482.10,334.58,1522.48,443.78,40.38,109.20,4409.50,0,manual,
HCVAT_7F160D7EDB71790D,186,2,commons_71754899.jpg,e8531f1c05c0bb6be982fd2f8835bbd7bfe2f505ad10fd01db263a969e852146,wheel_tire,wheel_tire,mobility,intact,no_visible_damage,1532.91,509.23,1600.00,660.25,67.09,151.02,10131.93,0,manual,
HCVAT_4E38978A2CB95BE4,186,3,commons_71754899.jpg,e8531f1c05c0bb6be982fd2f8835bbd7bfe2f505ad10fd01db263a969e852146,door,door,structure,intact,no_visible_damage,1309.81,362.41,1447.93,541.02,138.12,178.61,24669.61,0,manual,
HCVAT_DA707CAFB39E862E,186,4,commons_71754899.jpg,e8531f1c05c0bb6be982fd2f8835bbd7bfe2f505ad10fd01db263a969e852146,wheel_tire,wheel_tire,mobility,intact,no_visible_damage,226.51,691.23,429.32,938.09,202.81,246.86,50065.68,0,manual,
HCVAT_6134F326BF038A38,186,5,commons_71754899.jpg,e8531f1c05c0bb6be982fd2f8835bbd7bfe2f505ad10fd01db263a969e852146,engine_bay,engine_bay,structure,intact,no_visible_damage,1496.76,405.41,1600.00,500.28,103.24,94.87,9794.38,0,manual,
HCVAT_875C15B993A38454,186,6,commons_71754899.jpg,e8531f1c05c0bb6be982fd2f8835bbd7bfe2f505ad10fd01db263a969e852146,comms_equipment,comms_equipment,mission_equipment,intact,no_visible_damage,859.95,474.59,932.20,701.96,72.25,227.37,16427.48,0,manual,
HCVAT_DD6982FE4170434E,186,7,commons_71754899.jpg,e8531f1c05c0bb6be982fd2f8835bbd7bfe2f505ad10fd01db263a969e852146,wheel_tire,wheel_tire,mobility,unknown,unobservable,1281.54,818.28,1498.39,987.21,216.85,168.93,36632.47,0,manual,
HCVAT_98F2ACA29E8E7919,186,8,commons_71754899.jpg,e8531f1c05c0bb6be982fd2f8835bbd7bfe2f505ad10fd01db263a969e852146,windshield,windshield,structure,intact,no_visible_damage,1476.04,329.75,1575.27,426.56,99.23,96.81,9606.46,0,manual,
HCVAT_D3E96A74934597EF,186,9,commons_71754899.jpg,e8531f1c05c0bb6be982fd2f8835bbd7bfe2f505ad10fd01db263a969e852146,door,door,structure,intact,no_visible_damage,584.70,519.50,799.19,878.49,214.49,358.99,76999.77,0,manual,
HCVAT_85E9E2DA980F5FEC,186,10,commons_71754899.jpg,e8531f1c05c0bb6be982fd2f8835bbd7bfe2f505ad10fd01db263a969e852146,engine_bay,engine_bay,structure,intact,no_visible_damage,889.05,585.26,1511.02,910.60,621.97,325.34,202351.72,0,manual,
HCVAT_6878EB3853550736,186,11,commons_71754899.jpg,e8531f1c05c0bb6be982fd2f8835bbd7bfe2f505ad10fd01db263a969e852146,windshield,windshield,structure,intact,no_visible_damage,811.95,437.21,1156.09,674.87,344.14,237.66,81788.31,0,manual,
HCVAT_BBA9260CEEB6E0EB,186,12,commons_71754899.jpg,e8531f1c05c0bb6be982fd2f8835bbd7bfe2f505ad10fd01db263a969e852146,wheel_tire,wheel_tire,mobility,intact,no_visible_damage,941.91,833.53,1256.53,1155.42,314.62,321.89,101273.03,0,manual,
HCVAT_A7C4858614BD2649,187,1,commons_71764577.jpg,ab30678c85599a9656ceadf4a32514e81a3a493e7eb421253f4d4e31fd73aeba,comms_equipment,comms_equipment,mission_equipment,intact,no_visible_damage,790.27,634.60,825.55,651.83,35.28,17.23,607.87,0,manual,
HCVAT_1BE0B9ACF4FC36E5,187,2,commons_71764577.jpg,ab30678c85599a9656ceadf4a32514e81a3a493e7eb421253f4d4e31fd73aeba,wheel_tire,wheel_tire,mobility,intact,no_visible_damage,1023.06,718.12,1166.22,845.40,143.16,127.28,18221.40,0,manual,
HCVAT_773F92863A623059,187,3,commons_71764577.jpg,ab30678c85599a9656ceadf4a32514e81a3a493e7eb421253f4d4e31fd73aeba,wheel_tire,wheel_tire,mobility,intact,no_visible_damage,43.03,616.75,78.33,667.81,35.30,51.06,1802.42,0,manual,
HCVAT_C14BAC7767548B98,187,4,commons_71764577.jpg,ab30678c85599a9656ceadf4a32514e81a3a493e7eb421253f4d4e31fd73aeba,wheel_tire,wheel_tire,mobility,intact,no_visible_damage,140.99,655.59,228.63,769.62,87.64,114.03,9993.59,0,manual,
HCVAT_01678A71410AE524,187,5,commons_71764577.jpg,ab30678c85599a9656ceadf4a32514e81a3a493e7eb421253f4d4e31fd73aeba,wheel_tire,wheel_tire,mobility,intact,no_visible_damage,1256.27,658.57,1382.83,776.24,126.56,117.67,14892.32,0,manual,
HCVAT_438D32413EFEF4FD,187,6,commons_71764577.jpg,ab30678c85599a9656ceadf4a32514e81a3a493e7eb421253f4d4e31fd73aeba,wheel_tire,wheel_tire,mobility,intact,no_visible_damage,337.47,706.36,415.28,755.83,77.81,49.47,3849.26,0,manual,
HCVAT_FB5E2A1D4CB4F2E1,187,7,commons_71764577.jpg,ab30678c85599a9656ceadf4a32514e81a3a493e7eb421253f4d4e31fd73aeba,windshield,windshield,structure,intact,no_visible_damage,32.61,566.94,126.84,593.51,94.23,26.57,2503.69,0,manual,
HCVAT_9D1FCE5D36A6E29D,187,8,commons_71764577.jpg,ab30678c85599a9656ceadf4a32514e81a3a493e7eb421253f4d4e31fd73aeba,weapons_station,weapon_station,mission_equipment,intact,no_visible_damage,1071.47,420.64,1325.82,508.87,254.35,88.23,22441.30,0,manual,
HCVAT_10BACA4CE0A72C46,187,9,commons_71764577.jpg,ab30678c85599a9656ceadf4a32514e81a3a493e7eb421253f4d4e31fd73aeba,wheel_tire,wheel_tire,mobility,intact,no_visible_damage,0.00,637.92,21.44,708.49,21.44,70.57,1513.02,0,manual,
HCVAT_FAF2C4AA48CE2D4C,187,10,commons_71764577.jpg,ab30678c85599a9656ceadf4a32514e81a3a493e7eb421253f4d4e31fd73aeba,wheel_tire,wheel_tire,mobility,unknown,unobservable,1374.64,717.64,1468.80,760.15,94.16,42.51,4002.74,0,manual,
HCVAT_7C1593718BBF9F81,187,11,commons_71764577.jpg,ab30678c85599a9656ceadf4a32514e81a3a493e7eb421253f4d4e31fd73aeba,wheel_tire,wheel_tire,mobility,intact,no_visible_damage,823.53,708.76,989.23,886.00,165.70,177.24,29368.67,0,manual,
HCVAT_CAD765A9437C154C,187,12,commons_71764577.jpg,ab30678c85599a9656ceadf4a32514e81a3a493e7eb421253f4d4e31fd73aeba,wheel_tire,wheel_tire,mobility,intact,no_visible_damage,439.53,677.30,555.04,820.19,115.51,142.89,16505.22,0,manual,
HCVAT_0F8BCA8787958649,187,13,commons_71764577.jpg,ab30678c85599a9656ceadf4a32514e81a3a493e7eb421253f4d4e31fd73aeba,windshield,windshield,structure,intact,no_visible_damage,1241.65,524.02,1373.11,579.35,131.46,55.33,7273.68,0,manual,
HCVAT_B786E33F88AAC23E,187,14,commons_71764577.jpg,ab30678c85599a9656ceadf4a32514e81a3a493e7eb421253f4d4e31fd73aeba,windshield,windshield,structure,intact,no_visible_damage,760.61,543.99,981.71,635.62,221.10,91.63,20259.39,0,manual,
HCVAT_96379571EE5D2229,187,15,commons_71764577.jpg,ab30678c85599a9656ceadf4a32514e81a3a493e7eb421253f4d4e31fd73aeba,engine_bay,engine_bay,structure,intact,no_visible_damage,799.52,636.52,1167.11,739.08,367.59,102.56,37700.03,0,manual,
HCVAT_D0048A3C8F774F32,187,16,commons_71764577.jpg,ab30678c85599a9656ceadf4a32514e81a3a493e7eb421253f4d4e31fd73aeba,engine_bay,engine_bay,structure,intact,no_visible_damage,1296.17,581.21,1498.98,676.85,202.81,95.64,19396.75,0,manual,
HCVAT_324AEF59CA837C4A,187,17,commons_71764577.jpg,ab30678c85599a9656ceadf4a32514e81a3a493e7eb421253f4d4e31fd73aeba,door,door,structure,intact,no_visible_damage,1023.54,520.09,1121.14,651.55,97.60,131.46,12830.50,0,manual,
HCVAT_46144D202C931F17,187,18,commons_71764577.jpg,ab30678c85599a9656ceadf4a32514e81a3a493e7eb421253f4d4e31fd73aeba,door,door,structure,intact,no_visible_damage,641.10,564.91,754.63,756.63,113.53,191.72,21765.97,0,manual,
HCVAT_FF29C66ED3CF4BE2,187,19,commons_71764577.jpg,ab30678c85599a9656ceadf4a32514e81a3a493e7eb421253f4d4e31fd73aeba,door,door,structure,intact,no_visible_damage,1143.05,521.58,1249.12,673.96,106.07,152.38,16162.95,0,manual,
HCVAT_C83146B1D9738ADA,188,1,commons_71769083.jpg,a922a6a14b480a5fee2aed1e4783272bf83e4cc2064a8b88bba9c3cdaaa7cdfc,windshield,windshield,structure,intact,no_visible_damage,210.84,436.38,276.96,453.02,66.12,16.64,1100.24,0,manual,
HCVAT_35A47DE539E4AB14,188,2,commons_71769083.jpg,a922a6a14b480a5fee2aed1e4783272bf83e4cc2064a8b88bba9c3cdaaa7cdfc,engine_bay,engine_bay,structure,intact,no_visible_damage,332.06,447.52,435.36,485.60,103.30,38.08,3933.66,0,manual,
HCVAT_479444E34EAF08E8,188,3,commons_71769083.jpg,a922a6a14b480a5fee2aed1e4783272bf83e4cc2064a8b88bba9c3cdaaa7cdfc,wheel_tire,wheel_tire,mobility,intact,no_visible_damage,193.82,509.69,223.67,571.06,29.85,61.37,1831.89,0,manual,
HCVAT_B2D0D16DB893B198,188,4,commons_71769083.jpg,a922a6a14b480a5fee2aed1e4783272bf83e4cc2064a8b88bba9c3cdaaa7cdfc,windshield,windshield,structure,intact,no_visible_damage,61.19,407.18,200.70,442.13,139.51,34.95,4875.87,0,manual,
HCVAT_CD49ECC85870B486,188,5,commons_71769083.jpg,a922a6a14b480a5fee2aed1e4783272bf83e4cc2064a8b88bba9c3cdaaa7cdfc,door,door,structure,intact,no_visible_damage,502.56,412.62,527.93,490.56,25.37,77.94,1977.34,0,manual,
HCVAT_96AF611478EDA4C6,188,6,commons_71769083.jpg,a922a6a14b480a5fee2aed1e4783272bf83e4cc2064a8b88bba9c3cdaaa7cdfc,wheel_tire,wheel_tire,mobility,intact,no_visible_damage,300.05,487.85,320.67,533.32,20.62,45.47,937.59,0,manual,
HCVAT_32768B1A4B8ED797,188,7,commons_71769083.jpg,a922a6a14b480a5fee2aed1e4783272bf83e4cc2064a8b88bba9c3cdaaa7cdfc,wheel_tire,wheel_tire,mobility,intact,no_visible_damage,43.50,501.10,56.05,569.48,12.55,68.38,858.17,0,manual,
HCVAT_DBF6A62B7DC1C8C2,188,8,commons_71769083.jpg,a922a6a14b480a5fee2aed1e4783272bf83e4cc2064a8b88bba9c3cdaaa7cdfc,wheel_tire,wheel_tire,mobility,intact,no_visible_damage,56.96,506.41,86.23,576.83,29.27,70.42,2061.19,0,manual,
HCVAT_4EA86F5CB0DF2F5B,188,9,commons_71769083.jpg,a922a6a14b480a5fee2aed1e4783272bf83e4cc2064a8b88bba9c3cdaaa7cdfc,wheel_tire,wheel_tire,mobility,intact,no_visible_damage,325.60,486.91,347.86,535.43,22.26,48.52,1080.06,0,manual,
HCVAT_1E004A0476D14942,188,10,commons_71769083.jpg,a922a6a14b480a5fee2aed1e4783272bf83e4cc2064a8b88bba9c3cdaaa7cdfc,door,door,structure,intact,no_visible_damage,1179.45,337.79,1229.37,509.98,49.92,172.19,8595.72,0,manual,
HCVAT_381AA804BADC4DC7,188,11,commons_71769083.jpg,a922a6a14b480a5fee2aed1e4783272bf83e4cc2064a8b88bba9c3cdaaa7cdfc,weapons_station,weapon_station,mission_equipment,intact,no_visible_damage,214.00,397.82,253.16,429.80,39.16,31.98,1252.34,0,manual,
HCVAT_4302E3E76DC023E9,188,12,commons_71769083.jpg,a922a6a14b480a5fee2aed1e4783272bf83e4cc2064a8b88bba9c3cdaaa7cdfc,wheel_tire,wheel_tire,mobility,intact,no_visible_damage,644.10,504.02,678.32,558.90,34.22,54.88,1877.99,0,manual,
HCVAT_E5D375A7035690C1,188,13,commons_71769083.jpg,a922a6a14b480a5fee2aed1e4783272bf83e4cc2064a8b88bba9c3cdaaa7cdfc,wheel_tire,wheel_tire,mobility,intact,no_visible_damage,380.20,515.04,400.83,533.55,20.63,18.51,381.86,0,manual,
HCVAT_4D7AC4A54F288712,188,14,commons_71769083.jpg,a922a6a14b480a5fee2aed1e4783272bf83e4cc2064a8b88bba9c3cdaaa7cdfc,wheel_tire,wheel_tire,mobility,intact,no_visible_damage,246.70,508.79,262.44,521.90,15.74,13.11,206.35,0,manual,
HCVAT_2559DFD6AB80F759,188,15,commons_71769083.jpg,a922a6a14b480a5fee2aed1e4783272bf83e4cc2064a8b88bba9c3cdaaa7cdfc,engine_bay,engine_bay,structure,intact,no_visible_damage,213.56,453.59,288.51,483.57,74.95,29.98,2247.00,0,manual,
HCVAT_5E613296887B90B2,188,16,commons_71769083.jpg,a922a6a14b480a5fee2aed1e4783272bf83e4cc2064a8b88bba9c3cdaaa7cdfc,windshield,windshield,structure,intact,no_visible_damage,1222.16,319.97,1471.99,392.18,249.83,72.21,18040.22,0,manual,
HCVAT_AB8EB3C0067CE0C2,188,17,commons_71769083.jpg,a922a6a14b480a5fee2aed1e4783272bf83e4cc2064a8b88bba9c3cdaaa7cdfc,wheel_tire,wheel_tire,mobility,intact,no_visible_damage,413.02,496.29,435.05,535.66,22.03,39.37,867.32,0,manual,
HCVAT_7E3A674BC1130447,188,18,commons_71769083.jpg,a922a6a14b480a5fee2aed1e4783272bf83e4cc2064a8b88bba9c3cdaaa7cdfc,door,door,structure,intact,no_visible_damage,868.88,419.55,886.30,496.75,17.42,77.20,1344.82,0,manual,
HCVAT_81E0B34ACE7E757D,188,19,commons_71769083.jpg,a922a6a14b480a5fee2aed1e4783272bf83e4cc2064a8b88bba9c3cdaaa7cdfc,windshield,windshield,structure,intact,no_visible_damage,531.35,403.71,655.56,436.05,124.21,32.34,4016.95,0,manual,
HCVAT_202DFC8B3F75B824,188,20,commons_71769083.jpg,a922a6a14b480a5fee2aed1e4783272bf83e4cc2064a8b88bba9c3cdaaa7cdfc,engine_bay,engine_bay,structure,intact,no_visible_damage,891.94,444.68,1019.75,493.50,127.81,48.82,6239.68,0,manual,
HCVAT_FD3DC620BE510090,188,21,commons_71769083.jpg,a922a6a14b480a5fee2aed1e4783272bf83e4cc2064a8b88bba9c3cdaaa7cdfc,wheel_tire,wheel_tire,mobility,intact,no_visible_damage,1441.48,544.70,1552.50,650.80,111.02,106.10,11779.22,0,manual,
HCVAT_468C7A36F65D5FA4,188,22,commons_71769083.jpg,a922a6a14b480a5fee2aed1e4783272bf83e4cc2064a8b88bba9c3cdaaa7cdfc,engine_bay,engine_bay,structure,intact,no_visible_damage,60.02,440.23,225.71,499.80,165.69,59.57,9870.15,0,manual,
HCVAT_F0D636C2FDB89439,188,23,commons_71769083.jpg,a922a6a14b480a5fee2aed1e4783272bf83e4cc2064a8b88bba9c3cdaaa7cdfc,wheel_tire,wheel_tire,mobility,unknown,unobservable,585.66,532.80,616.66,552.85,31.00,20.05,621.55,0,manual,
HCVAT_73F53B5DD07826A6,188,24,commons_71769083.jpg,a922a6a14b480a5fee2aed1e4783272bf83e4cc2064a8b88bba9c3cdaaa7cdfc,engine_bay,engine_bay,structure,intact,no_visible_damage,431.92,458.05,473.65,484.99,41.73,26.94,1124.21,0,manual,
HCVAT_39C954B1C5D728FC,188,25,commons_71769083.jpg,a922a6a14b480a5fee2aed1e4783272bf83e4cc2064a8b88bba9c3cdaaa7cdfc,windshield,windshield,structure,intact,no_visible_damage,427.81,442.13,473.21,457.71,45.40,15.58,707.33,0,manual,
HCVAT_C4D5712A794347EC,188,26,commons_71769083.jpg,a922a6a14b480a5fee2aed1e4783272bf83e4cc2064a8b88bba9c3cdaaa7cdfc,windshield,windshield,structure,intact,no_visible_damage,0.00,432.60,37.59,450.15,37.59,17.55,659.70,0,manual,
HCVAT_6765E1E475E48E0C,188,27,commons_71769083.jpg,a922a6a14b480a5fee2aed1e4783272bf83e4cc2064a8b88bba9c3cdaaa7cdfc,weapons_station,weapon_station,mission_equipment,intact,no_visible_damage,336.65,377.49,388.93,418.52,52.28,41.03,2145.05,0,manual,
HCVAT_C8A761796FABEC70,188,28,commons_71769083.jpg,a922a6a14b480a5fee2aed1e4783272bf83e4cc2064a8b88bba9c3cdaaa7cdfc,weapons_station,weapon_station,mission_equipment,intact,no_visible_damage,1172.70,204.33,1353.10,310.33,180.40,106.00,19122.40,0,manual,
HCVAT_FDEAE62F6CC98241,188,29,commons_71769083.jpg,a922a6a14b480a5fee2aed1e4783272bf83e4cc2064a8b88bba9c3cdaaa7cdfc,weapons_station,weapon_station,mission_equipment,intact,no_visible_damage,885.18,354.62,953.43,405.81,68.25,51.19,3493.72,0,manual,
HCVAT_46DE92AA1F089D9A,188,30,commons_71769083.jpg,a922a6a14b480a5fee2aed1e4783272bf83e4cc2064a8b88bba9c3cdaaa7cdfc,door,door,structure,intact,no_visible_damage,1125.80,345.08,1171.88,509.71,46.08,164.63,7586.15,0,manual,
HCVAT_4726B034DA262DDF,188,31,commons_71769083.jpg,a922a6a14b480a5fee2aed1e4783272bf83e4cc2064a8b88bba9c3cdaaa7cdfc,wheel_tire,wheel_tire,mobility,intact,no_visible_damage,525.04,489.49,558.79,559.10,33.75,69.61,2349.34,0,manual,
HCVAT_3F5766F233084122,188,32,commons_71769083.jpg,a922a6a14b480a5fee2aed1e4783272bf83e4cc2064a8b88bba9c3cdaaa7cdfc,engine_bay,engine_bay,structure,intact,no_visible_damage,1255.41,388.63,1567.91,499.52,312.50,110.89,34653.12,0,manual,
HCVAT_40AA6CA29D97EF0A,188,33,commons_71769083.jpg,a922a6a14b480a5fee2aed1e4783272bf83e4cc2064a8b88bba9c3cdaaa7cdfc,wheel_tire,wheel_tire,mobility,intact,no_visible_damage,816.10,494.88,849.65,555.82,33.55,60.94,2044.54,0,manual,
HCVAT_09688DBAF0778C3D,188,34,commons_71769083.jpg,a922a6a14b480a5fee2aed1e4783272bf83e4cc2064a8b88bba9c3cdaaa7cdfc,windshield,windshield,structure,intact,no_visible_damage,330.52,426.09,420.85,447.58,90.33,21.49,1941.19,0,manual,
HCVAT_69B3658366AF8E49,188,35,commons_71769083.jpg,a922a6a14b480a5fee2aed1e4783272bf83e4cc2064a8b88bba9c3cdaaa7cdfc,door,door,structure,intact,no_visible_damage,848.78,424.40,864.60,496.52,15.82,72.12,1140.94,0,manual,
HCVAT_DB62C69E59D46AD7,188,36,commons_71769083.jpg,a922a6a14b480a5fee2aed1e4783272bf83e4cc2064a8b88bba9c3cdaaa7cdfc,wheel_tire,wheel_tire,mobility,intact,no_visible_damage,987.22,514.10,1024.20,564.25,36.98,50.15,1854.55,0,manual,
HCVAT_83BFD4CAA1D13399,188,37,commons_71769083.jpg,a922a6a14b480a5fee2aed1e4783272bf83e4cc2064a8b88bba9c3cdaaa7cdfc,wheel_tire,wheel_tire,mobility,intact,no_visible_damage,1223.23,504.72,1329.16,656.13,105.93,151.41,16038.86,0,manual,
HCVAT_EB5C6811C6751B0F,188,38,commons_71769083.jpg,a922a6a14b480a5fee2aed1e4783272bf83e4cc2064a8b88bba9c3cdaaa7cdfc,wheel_tire,wheel_tire,mobility,intact,no_visible_damage,478.60,489.26,509.81,552.54,31.21,63.28,1974.97,0,manual,
HCVAT_2547168D3C5DEC01,188,39,commons_71769083.jpg,a922a6a14b480a5fee2aed1e4783272bf83e4cc2064a8b88bba9c3cdaaa7cdfc,wheel_tire,wheel_tire,mobility,intact,no_visible_damage,1041.36,501.90,1120.11,630.11,78.75,128.21,10096.54,0,manual,
HCVAT_F1743BA13BBA0DE9,188,40,commons_71769083.jpg,a922a6a14b480a5fee2aed1e4783272bf83e4cc2064a8b88bba9c3cdaaa7cdfc,wheel_tire,wheel_tire,mobility,intact,no_visible_damage,880.58,495.82,917.61,562.85,37.03,67.03,2482.12,0,manual,
HCVAT_4E248C73CF025313,188,41,commons_71769083.jpg,a922a6a14b480a5fee2aed1e4783272bf83e4cc2064a8b88bba9c3cdaaa7cdfc,wheel_tire,wheel_tire,mobility,unknown,unobservable,163.09,545.52,188.74,565.18,25.65,19.66,504.28,0,manual,
HCVAT_B096F2FC3EE47F1C,188,42,commons_71769083.jpg,a922a6a14b480a5fee2aed1e4783272bf83e4cc2064a8b88bba9c3cdaaa7cdfc,wheel_tire,wheel_tire,mobility,intact,no_visible_damage,271.14,492.06,288.21,523.70,17.07,31.64,540.09,0,manual,
HCVAT_9485233C9809AB73,188,43,commons_71769083.jpg,a922a6a14b480a5fee2aed1e4783272bf83e4cc2064a8b88bba9c3cdaaa7cdfc,weapons_station,weapon_station,mission_equipment,intact,no_visible_damage,540.31,342.28,605.29,396.01,64.98,53.73,3491.38,0,manual,
HCVAT_8E84B6022E77EFFA,188,44,commons_71769083.jpg,a922a6a14b480a5fee2aed1e4783272bf83e4cc2064a8b88bba9c3cdaaa7cdfc,windshield,windshield,structure,intact,no_visible_damage,886.18,414.96,1000.79,445.19,114.61,30.23,3464.66,0,manual,
HCVAT_88E8446FC5B3F9F4,188,45,commons_71769083.jpg,a922a6a14b480a5fee2aed1e4783272bf83e4cc2064a8b88bba9c3cdaaa7cdfc,engine_bay,engine_bay,structure,intact,no_visible_damage,539.68,435.97,681.27,489.04,141.59,53.07,7514.18,0,manual,
HCVAT_FDEF778EACBC4D17,188,46,commons_71769083.jpg,a922a6a14b480a5fee2aed1e4783272bf83e4cc2064a8b88bba9c3cdaaa7cdfc,weapons_station,weapon_station,mission_equipment,intact,no_visible_damage,76.37,341.55,150.42,399.64,74.05,58.09,4301.56,0,manual,
HCVAT_B89D9D62FB52F655,188,47,commons_71769083.jpg,a922a6a14b480a5fee2aed1e4783272bf83e4cc2064a8b88bba9c3cdaaa7cdfc,engine_bay,engine_bay,structure,intact,no_visible_damage,0.00,452.99,36.12,492.28,36.12,39.29,1419.15,0,manual,
HCVAT_2D2E29C5F446D731,188,48,commons_71769083.jpg,a922a6a14b480a5fee2aed1e4783272bf83e4cc2064a8b88bba9c3cdaaa7cdfc,weapons_station,weapon_station,mission_equipment,intact,no_visible_damage,8.12,380.03,54.95,422.51,46.83,42.48,1989.34,0,manual,
HCVAT_B8DB29A4F7580357,189,1,commons_71932447.jpg,c5de029adbfb9b6992fd6c0e59bce1223465ba88fbf12527c443d965384df072,comms_equipment,comms_equipment,mission_equipment,intact,no_visible_damage,0.51,550.78,32.78,639.69,32.27,88.91,2869.13,0,manual,
HCVAT_6B64768865059547,189,2,commons_71932447.jpg,c5de029adbfb9b6992fd6c0e59bce1223465ba88fbf12527c443d965384df072,wheel_tire,wheel_tire,mobility,intact,no_visible_damage,425.20,670.66,544.82,730.48,119.62,59.82,7155.67,0,manual,
HCVAT_06A21FF6443ADDB0,189,3,commons_71932447.jpg,c5de029adbfb9b6992fd6c0e59bce1223465ba88fbf12527c443d965384df072,engine_bay,engine_bay,structure,intact,no_visible_damage,301.78,698.93,824.58,900.77,522.80,201.84,105521.95,0,manual,
HCVAT_7D16CB18FDC43CCD,189,4,commons_71932447.jpg,c5de029adbfb9b6992fd6c0e59bce1223465ba88fbf12527c443d965384df072,windshield,windshield,structure,intact,no_visible_damage,591.88,577.87,862.59,735.16,270.71,157.29,42579.98,0,manual,
HCVAT_DD41C4FC8061B850,189,5,commons_71932447.jpg,c5de029adbfb9b6992fd6c0e59bce1223465ba88fbf12527c443d965384df072,windshield,windshield,structure,intact,no_visible_damage,34.24,559.88,138.44,646.48,104.20,86.60,9023.72,0,manual,
HCVAT_5DDDE18F5AA1EC4E,189,6,commons_71932447.jpg,c5de029adbfb9b6992fd6c0e59bce1223465ba88fbf12527c443d965384df072,door,door,structure,intact,no_visible_damage,141.96,579.42,279.36,761.65,137.40,182.23,25038.40,0,manual,
HCVAT_EAA094E61D1B2588,189,7,commons_71932447.jpg,c5de029adbfb9b6992fd6c0e59bce1223465ba88fbf12527c443d965384df072,wheel_tire,wheel_tire,mobility,intact,no_visible_damage,317.24,877.73,498.38,992.36,181.14,114.63,20764.08,0,manual,
HCVAT_59C44D3EF01253FD,189,8,commons_71932447.jpg,c5de029adbfb9b6992fd6c0e59bce1223465ba88fbf12527c443d965384df072,door,door,structure,intact,no_visible_damage,1042.15,604.30,1230.33,885.45,188.18,281.15,52906.81,0,manual,
HCVAT_C850BDF29AAF4846,189,9,commons_71932447.jpg,c5de029adbfb9b6992fd6c0e59bce1223465ba88fbf12527c443d965384df072,door,door,structure,intact,no_visible_damage,861.32,620.03,1044.33,918.19,183.01,298.16,54566.26,0,manual,
HCVAT_C8198A7B011AB476,189,10,commons_71932447.jpg,c5de029adbfb9b6992fd6c0e59bce1223465ba88fbf12527c443d965384df072,wheel_tire,wheel_tire,mobility,intact,no_visible_damage,496.20,847.13,750.46,1102.50,254.26,255.37,64930.38,0,manual,
HCVAT_079B5DB2CEDB5FE0,189,11,commons_71932447.jpg,c5de029adbfb9b6992fd6c0e59bce1223465ba88fbf12527c443d965384df072,door,door,structure,intact,no_visible_damage,281.89,573.27,429.41,745.74,147.52,172.47,25442.77,0,manual,
HCVAT_A24F110BD7B890AF,189,12,commons_71932447.jpg,c5de029adbfb9b6992fd6c0e59bce1223465ba88fbf12527c443d965384df072,weapons_station,weapon_station,mission_equipment,intact,no_visible_damage,587.74,402.55,1161.86,576.86,574.12,174.31,100074.86,0,manual,
HCVAT_1695E6CEAB79FA50,189,13,commons_71932447.jpg,c5de029adbfb9b6992fd6c0e59bce1223465ba88fbf12527c443d965384df072,weapons_station,weapon_station,mission_equipment,intact,no_visible_damage,1.52,439.94,421.79,554.99,420.27,115.05,48352.06,0,manual,
HCVAT_C14167A3FAD00BD8,189,14,commons_71932447.jpg,c5de029adbfb9b6992fd6c0e59bce1223465ba88fbf12527c443d965384df072,wheel_tire,wheel_tire,mobility,intact,no_visible_damage,0.00,713.74,64.15,857.65,64.15,143.91,9231.83,0,manual,
HCVAT_E336AEA46F789011,189,15,commons_71932447.jpg,c5de029adbfb9b6992fd6c0e59bce1223465ba88fbf12527c443d965384df072,wheel_tire,wheel_tire,mobility,intact,no_visible_damage,1188.45,754.27,1360.66,955.52,172.21,201.25,34657.26,0,manual,
HCVAT_C9DCB9551082803E,189,16,commons_71932447.jpg,c5de029adbfb9b6992fd6c0e59bce1223465ba88fbf12527c443d965384df072,comms_equipment,comms_equipment,mission_equipment,intact,no_visible_damage,543.92,568.56,591.34,707.18,47.42,138.62,6573.36,0,manual,
HCVAT_7608A5838254D947,189,17,commons_71932447.jpg,c5de029adbfb9b6992fd6c0e59bce1223465ba88fbf12527c443d965384df072,engine_bay,engine_bay,structure,intact,no_visible_damage,0.00,636.49,119.35,712.53,119.35,76.04,9075.37,0,manual,
HCVAT_9394E2883708B218,190,1,commons_71932448.jpg,1df65c89e54ea48b0e425389c8c0850f81def155522d816c155feafe7d416952,comms_equipment,comms_equipment,mission_equipment,intact,no_visible_damage,566.69,570.16,615.87,707.56,49.18,137.40,6757.33,0,manual,
HCVAT_1E52DE1D82CD8DF4,190,2,commons_71932448.jpg,1df65c89e54ea48b0e425389c8c0850f81def155522d816c155feafe7d416952,windshield,windshield,structure,intact,no_visible_damage,1490.85,517.57,1600.00,555.90,109.15,38.33,4183.72,0,manual,
HCVAT_2A52A30738F67F83,190,3,commons_71932448.jpg,1df65c89e54ea48b0e425389c8c0850f81def155522d816c155feafe7d416952,weapons_station,weapon_station,mission_equipment,intact,no_visible_damage,0.00,431.15,304.59,554.90,304.59,123.75,37693.01,0,manual,
HCVAT_97985E776C901708,190,4,commons_71932448.jpg,1df65c89e54ea48b0e425389c8c0850f81def155522d816c155feafe7d416952,wheel_tire,wheel_tire,mobility,intact,no_visible_damage,689.02,826.22,902.77,1071.39,213.75,245.17,52405.09,0,manual,
HCVAT_DBBB4DBE46FFAEEA,190,5,commons_71932448.jpg,1df65c89e54ea48b0e425389c8c0850f81def155522d816c155feafe7d416952,door,door,structure,intact,no_visible_damage,988.20,601.93,1115.07,885.99,126.87,284.06,36038.69,0,manual,
HCVAT_2C702608CF109105,190,6,commons_71932448.jpg,1df65c89e54ea48b0e425389c8c0850f81def155522d816c155feafe7d416952,windshield,windshield,structure,intact,no_visible_damage,0.00,553.54,87.13,643.51,87.13,89.97,7839.09,0,manual,
HCVAT_49E19BCACE3E69E2,190,7,commons_71932448.jpg,1df65c89e54ea48b0e425389c8c0850f81def155522d816c155feafe7d416952,engine_bay,engine_bay,structure,intact,no_visible_damage,357.30,696.26,959.92,887.94,602.62,191.68,115510.20,0,manual,
HCVAT_EAE6FA447EF2E08D,190,8,commons_71932448.jpg,1df65c89e54ea48b0e425389c8c0850f81def155522d816c155feafe7d416952,wheel_tire,wheel_tire,mobility,intact,no_visible_damage,1308.63,574.17,1344.28,622.79,35.65,48.62,1733.30,0,manual,
HCVAT_601630BEA4404ED4,190,9,commons_71932448.jpg,1df65c89e54ea48b0e425389c8c0850f81def155522d816c155feafe7d416952,weapons_station,weapon_station,mission_equipment,intact,no_visible_damage,1551.80,448.91,1600.00,515.89,48.20,66.98,3228.44,0,manual,
HCVAT_631F3178CAEF5474,190,10,commons_71932448.jpg,1df65c89e54ea48b0e425389c8c0850f81def155522d816c155feafe7d416952,door,door,structure,intact,no_visible_damage,79.45,574.14,206.72,769.75,127.27,195.61,24895.28,0,manual,
HCVAT_F3CFDBF20278FB81,190,11,commons_71932448.jpg,1df65c89e54ea48b0e425389c8c0850f81def155522d816c155feafe7d416952,door,door,structure,intact,no_visible_damage,1119.11,594.74,1251.63,851.92,132.52,257.18,34081.49,0,manual,
HCVAT_373EE4ED227FD21E,190,12,commons_71932448.jpg,1df65c89e54ea48b0e425389c8c0850f81def155522d816c155feafe7d416952,wheel_tire,wheel_tire,mobility,intact,no_visible_damage,1441.51,598.21,1492.82,661.14,51.31,62.93,3228.94,0,manual,
HCVAT_1F2F114A11275F05,190,13,commons_71932448.jpg,1df65c89e54ea48b0e425389c8c0850f81def155522d816c155feafe7d416952,engine_bay,engine_bay,structure,intact,no_visible_damage,0.00,645.92,57.68,715.62,57.68,69.70,4020.30,0,manual,
HCVAT_827F083CE59EE241,190,14,commons_71932448.jpg,1df65c89e54ea48b0e425389c8c0850f81def155522d816c155feafe7d416952,weapons_station,weapon_station,mission_equipment,intact,no_visible_damage,675.01,396.94,1140.65,568.77,465.64,171.83,80010.92,0,manual,
HCVAT_2F330E5213B529E9,190,15,commons_71932448.jpg,1df65c89e54ea48b0e425389c8c0850f81def155522d816c155feafe7d416952,wheel_tire,wheel_tire,mobility,intact,no_visible_damage,1203.82,743.36,1344.16,937.73,140.34,194.37,27277.89,0,manual,
HCVAT_8A42F0ACE497AAE7,190,16,commons_71932448.jpg,1df65c89e54ea48b0e425389c8c0850f81def155522d816c155feafe7d416952,comms_equipment,comms_equipment,mission_equipment,intact,no_visible_damage,1492.81,510.95,1508.50,558.72,15.69,47.77,749.51,0,manual,
HCVAT_077D4CD759D319F0,190,17,commons_71932448.jpg,1df65c89e54ea48b0e425389c8c0850f81def155522d816c155feafe7d416952,engine_bay,engine_bay,structure,intact,no_visible_damage,1439.12,556.56,1600.00,605.19,160.88,48.63,7823.59,0,manual,
HCVAT_A7004121490CC503,190,18,commons_71932448.jpg,1df65c89e54ea48b0e425389c8c0850f81def155522d816c155feafe7d416952,comms_equipment,comms_equipment,mission_equipment,intact,no_visible_damage,1114.79,513.91,1125.60,555.76,10.81,41.85,452.40,0,manual,
HCVAT_CC158C5E0CB36E5B,190,19,commons_71932448.jpg,1df65c89e54ea48b0e425389c8c0850f81def155522d816c155feafe7d416952,door,door,structure,intact,no_visible_damage,1241.68,527.03,1278.77,592.43,37.09,65.40,2425.69,0,manual,
HCVAT_C44FA371D2A4D2BB,190,20,commons_71932448.jpg,1df65c89e54ea48b0e425389c8c0850f81def155522d816c155feafe7d416952,wheel_tire,wheel_tire,mobility,intact,no_visible_damage,372.30,830.44,557.20,1002.75,184.90,172.31,31860.12,0,manual,
HCVAT_09EAAE2F931F7506,190,21,commons_71932448.jpg,1df65c89e54ea48b0e425389c8c0850f81def155522d816c155feafe7d416952,door,door,structure,intact,no_visible_damage,211.06,567.63,347.01,755.28,135.95,187.65,25511.02,0,manual,
HCVAT_A7E40E8C02BB6725,190,22,commons_71932448.jpg,1df65c89e54ea48b0e425389c8c0850f81def155522d816c155feafe7d416952,windshield,windshield,structure,intact,no_visible_damage,606.95,575.80,986.12,712.00,379.17,136.20,51642.95,0,manual,
HCVAT_78AA5663232EE56E,190,23,commons_71932448.jpg,1df65c89e54ea48b0e425389c8c0850f81def155522d816c155feafe7d416952,weapons_station,weapon_station,mission_equipment,intact,no_visible_damage,1158.21,463.60,1273.40,514.84,115.19,51.24,5902.34,0,manual,
HCVAT_BC03B3904E8BECD5,190,24,commons_71932448.jpg,1df65c89e54ea48b0e425389c8c0850f81def155522d816c155feafe7d416952,wheel_tire,wheel_tire,mobility,intact,no_visible_damage,329.71,680.87,459.43,816.40,129.72,135.53,17580.95,0,manual,
HCVAT_CC37073ED48B27F2,190,25,commons_71932448.jpg,1df65c89e54ea48b0e425389c8c0850f81def155522d816c155feafe7d416952,door,door,structure,intact,no_visible_damage,1275.89,525.22,1313.58,595.15,37.69,69.93,2635.66,0,manual,
HCVAT_644FFAA354C4336D,190,26,commons_71932448.jpg,1df65c89e54ea48b0e425389c8c0850f81def155522d816c155feafe7d416952,engine_bay,engine_bay,structure,intact,no_visible_damage,1111.49,552.29,1234.02,569.92,122.53,17.63,2160.20,0,manual,
HCVAT_4A06AC6C838D71F7,190,27,commons_71932448.jpg,1df65c89e54ea48b0e425389c8c0850f81def155522d816c155feafe7d416952,wheel_tire,wheel_tire,mobility,intact,no_visible_damage,1579.79,602.53,1600.00,663.03,20.21,60.50,1222.71,0,manual,
HCVAT_9E8B872339A78AC2,190,28,commons_71932448.jpg,1df65c89e54ea48b0e425389c8c0850f81def155522d816c155feafe7d416952,windshield,windshield,structure,intact,no_visible_damage,1124.86,515.15,1242.70,553.28,117.84,38.13,4493.24,0,manual,
HCVAT_EC052F71D1682A14,191,1,commons_72095749.jpg,3298d9be77759c4376eb8a0081e4b1c1b764acb6ac6f1bae2cc0194f095446a0,wheel_tire,wheel_tire,mobility,unknown,unobservable,741.32,774.45,871.02,830.41,129.70,55.96,7258.01,0,manual,
HCVAT_A96C4FBEEAAEB0E2,191,2,commons_72095749.jpg,3298d9be77759c4376eb8a0081e4b1c1b764acb6ac6f1bae2cc0194f095446a0,door,door,structure,intact,no_visible_damage,184.11,588.65,213.62,687.02,29.51,98.37,2902.90,0,manual,
HCVAT_BD646BC084DA556C,191,3,commons_72095749.jpg,3298d9be77759c4376eb8a0081e4b1c1b764acb6ac6f1bae2cc0194f095446a0,door,door,structure,intact,no_visible_damage,693.04,422.40,785.01,658.09,91.97,235.69,21676.41,0,manual,
HCVAT_0A26127DFE6B35BF,191,4,commons_72095749.jpg,3298d9be77759c4376eb8a0081e4b1c1b764acb6ac6f1bae2cc0194f095446a0,door,door,structure,intact,no_visible_damage,798.63,412.08,906.34,656.58,107.71,244.50,26335.10,0,manual,
HCVAT_74A40462345EC422,191,5,commons_72095749.jpg,3298d9be77759c4376eb8a0081e4b1c1b764acb6ac6f1bae2cc0194f095446a0,door,door,structure,intact,no_visible_damage,151.33,590.79,181.34,686.88,30.01,96.09,2883.66,0,manual,
HCVAT_510D263BEEA29CA3,191,6,commons_72095749.jpg,3298d9be77759c4376eb8a0081e4b1c1b764acb6ac6f1bae2cc0194f095446a0,windshield,windshield,structure,intact,no_visible_damage,214.84,580.23,360.70,627.33,145.86,47.10,6870.01,0,manual,
HCVAT_B0B93C47D2467F5F,191,7,commons_72095749.jpg,3298d9be77759c4376eb8a0081e4b1c1b764acb6ac6f1bae2cc0194f095446a0,wheel_tire,wheel_tire,mobility,intact,no_visible_damage,889.50,650.40,1083.98,871.13,194.48,220.73,42927.57,0,manual,
HCVAT_FFAD1C5536EAB5DB,191,8,commons_72095749.jpg,3298d9be77759c4376eb8a0081e4b1c1b764acb6ac6f1bae2cc0194f095446a0,wheel_tire,wheel_tire,mobility,intact,no_visible_damage,510.69,649.72,643.76,825.71,133.07,175.99,23418.99,0,manual,
HCVAT_C916E84486AB953C,191,9,commons_72095749.jpg,3298d9be77759c4376eb8a0081e4b1c1b764acb6ac6f1bae2cc0194f095446a0,wheel_tire,wheel_tire,mobility,intact,no_visible_damage,1138.14,731.96,1323.10,870.77,184.96,138.81,25674.30,0,manual,
HCVAT_746E99AF9126A6BA,191,10,commons_72095749.jpg,3298d9be77759c4376eb8a0081e4b1c1b764acb6ac6f1bae2cc0194f095446a0,weapons_station,weapon_station,mission_equipment,intact,no_visible_damage,743.06,248.48,1015.36,400.22,272.30,151.74,41318.80,0,manual,
HCVAT_03E897309DABE93B,191,11,commons_72095749.jpg,3298d9be77759c4376eb8a0081e4b1c1b764acb6ac6f1bae2cc0194f095446a0,wheel_tire,wheel_tire,mobility,intact,no_visible_damage,202.02,683.61,263.26,770.04,61.24,86.43,5292.97,0,manual,
HCVAT_0577FCF0FCA18A51,191,12,commons_72095749.jpg,3298d9be77759c4376eb8a0081e4b1c1b764acb6ac6f1bae2cc0194f095446a0,windshield,windshield,structure,intact,no_visible_damage,884.98,394.12,1181.14,503.73,296.16,109.61,32462.10,0,manual,
HCVAT_3D7E1D03EB7A9081,191,13,commons_72095749.jpg,3298d9be77759c4376eb8a0081e4b1c1b764acb6ac6f1bae2cc0194f095446a0,engine_bay,engine_bay,structure,intact,no_visible_damage,228.38,616.98,406.98,694.39,178.60,77.41,13825.43,0,manual,
HCVAT_051332CE09252B68,191,14,commons_72095749.jpg,3298d9be77759c4376eb8a0081e4b1c1b764acb6ac6f1bae2cc0194f095446a0,engine_bay,engine_bay,structure,intact,no_visible_damage,958.88,478.47,1362.30,649.81,403.42,171.34,69121.98,0,manual,
HCVAT_59FFEC27C25CCCE5,191,15,commons_72095749.jpg,3298d9be77759c4376eb8a0081e4b1c1b764acb6ac6f1bae2cc0194f095446a0,weapons_station,weapon_station,mission_equipment,intact,no_visible_damage,189.87,510.40,299.14,578.84,109.27,68.44,7478.44,0,manual,
HCVAT_F4C9B2C3302898B6,191,16,commons_72095749.jpg,3298d9be77759c4376eb8a0081e4b1c1b764acb6ac6f1bae2cc0194f095446a0,wheel_tire,wheel_tire,mobility,intact,no_visible_damage,91.87,683.21,140.38,762.26,48.51,79.05,3834.72,0,manual,
HCVAT_2FAD51E343B33D6E,191,17,commons_72095749.jpg,3298d9be77759c4376eb8a0081e4b1c1b764acb6ac6f1bae2cc0194f095446a0,wheel_tire,wheel_tire,mobility,intact,no_visible_damage,332.21,715.65,394.92,778.36,62.71,62.71,3932.54,0,manual,
HCVAT_FE33A011A549A526,192,1,commons_72132390.jpg,7161ecd0f3fffa563af707e77bc89d3e245c16c03b3500708e6ebdd69309479b,comms_equipment,comms_equipment,mission_equipment,intact,no_visible_damage,669.92,712.94,732.55,729.28,62.63,16.34,1023.37,0,manual,
HCVAT_B98EC0F7DDB05F01,192,2,commons_72132390.jpg,7161ecd0f3fffa563af707e77bc89d3e245c16c03b3500708e6ebdd69309479b,wheel_tire,wheel_tire,mobility,intact,no_visible_damage,508.78,865.68,696.36,1067.00,187.58,201.32,37763.61,0,manual,
HCVAT_B81031193B5E905D,192,3,commons_72132390.jpg,7161ecd0f3fffa563af707e77bc89d3e245c16c03b3500708e6ebdd69309479b,engine_bay,engine_bay,structure,intact,no_visible_damage,508.66,716.05,1274.55,877.20,765.89,161.15,123423.17,0,manual,
HCVAT_3EFC481765594C79,192,4,commons_72132390.jpg,7161ecd0f3fffa563af707e77bc89d3e245c16c03b3500708e6ebdd69309479b,door,door,structure,intact,no_visible_damage,1399.28,638.48,1509.35,920.98,110.07,282.50,31094.77,0,manual,
HCVAT_DF1507289FF07CF3,192,5,commons_72132390.jpg,7161ecd0f3fffa563af707e77bc89d3e245c16c03b3500708e6ebdd69309479b,windshield,windshield,structure,intact,no_visible_damage,672.71,554.17,1293.42,716.77,620.71,162.60,100927.45,0,manual,
HCVAT_9E1884F0BFA17A37,192,6,commons_72132390.jpg,7161ecd0f3fffa563af707e77bc89d3e245c16c03b3500708e6ebdd69309479b,door,door,structure,intact,no_visible_damage,1302.17,736.08,1406.87,927.49,104.70,191.41,20040.63,0,manual,
HCVAT_9C4604524A759E36,192,7,commons_72132390.jpg,7161ecd0f3fffa563af707e77bc89d3e245c16c03b3500708e6ebdd69309479b,wheel_tire,wheel_tire,mobility,intact,no_visible_damage,1049.49,847.78,1237.15,1066.30,187.66,218.52,41007.46,0,manual,
HCVAT_5EAF6D74A81A8012,192,8,commons_72132390.jpg,7161ecd0f3fffa563af707e77bc89d3e245c16c03b3500708e6ebdd69309479b,wheel_tire,wheel_tire,mobility,intact,no_visible_damage,1435.37,858.90,1600.00,1067.00,164.63,208.10,34259.50,0,manual,
HCVAT_4D469BC936DBCE8A,193,1,commons_72132441.jpg,05f983891e5325a2ded8fca06f86510a75138a1203f1a44457a945a271b360e4,wheel_tire,wheel_tire,mobility,intact,no_visible_damage,1208.47,746.93,1330.02,960.79,121.55,213.86,25994.68,0,manual,
HCVAT_E5A3DA4548774417,193,2,commons_72132441.jpg,05f983891e5325a2ded8fca06f86510a75138a1203f1a44457a945a271b360e4,wheel_tire,wheel_tire,mobility,intact,no_visible_damage,1419.89,754.62,1532.94,948.64,113.05,194.02,21933.96,0,manual,
HCVAT_91CC018699B4B6EE,193,3,commons_72132441.jpg,05f983891e5325a2ded8fca06f86510a75138a1203f1a44457a945a271b360e4,wheel_tire,wheel_tire,mobility,intact,no_visible_damage,788.88,756.09,909.30,958.80,120.42,202.71,24410.34,0,manual,
HCVAT_C31ED847B6994B05,193,4,commons_72132441.jpg,05f983891e5325a2ded8fca06f86510a75138a1203f1a44457a945a271b360e4,wheel_tire,wheel_tire,mobility,intact,no_visible_damage,1024.22,849.40,1137.62,944.59,113.40,95.19,10794.55,0,manual,
HCVAT_C957180F235E214B,193,5,commons_72132441.jpg,05f983891e5325a2ded8fca06f86510a75138a1203f1a44457a945a271b360e4,engine_bay,engine_bay,structure,intact,no_visible_damage,791.60,645.99,1339.62,769.93,548.02,123.94,67921.60,0,manual,
HCVAT_9C105B90DFBC442E,193,6,commons_72132441.jpg,05f983891e5325a2ded8fca06f86510a75138a1203f1a44457a945a271b360e4,comms_equipment,comms_equipment,mission_equipment,intact,no_visible_damage,880.93,643.60,930.12,658.51,49.19,14.91,733.42,0,manual,
HCVAT_0DB8662457AC3924,193,7,commons_72132441.jpg,05f983891e5325a2ded8fca06f86510a75138a1203f1a44457a945a271b360e4,door,door,structure,intact,no_visible_damage,1367.37,669.41,1423.07,804.68,55.70,135.27,7534.54,0,manual,
HCVAT_99E0DEABEB2819E3,193,8,commons_72132441.jpg,05f983891e5325a2ded8fca06f86510a75138a1203f1a44457a945a271b360e4,windshield,windshield,structure,intact,no_visible_damage,876.66,526.07,1360.34,646.04,483.68,119.97,58027.09,0,manual,
HCVAT_6840451B39995A7F,193,9,commons_72132441.jpg,05f983891e5325a2ded8fca06f86510a75138a1203f1a44457a945a271b360e4,door,door,structure,intact,no_visible_damage,1421.22,587.44,1484.18,800.74,62.96,213.30,13429.37,0,manual,
HCVAT_81E99A080AB0875D,194,1,commons_72132492.jpg,ee181e21a1b6349dc1224ba67f7b3732b698242a04feed3a90a725c439ee9cec,weapons_station,weapon_station,mission_equipment,intact,no_visible_damage,127.60,482.16,247.37,577.34,119.77,95.18,11399.71,0,manual,
HCVAT_0B86483B3DA5283C,194,2,commons_72132492.jpg,ee181e21a1b6349dc1224ba67f7b3732b698242a04feed3a90a725c439ee9cec,windshield,windshield,structure,intact,no_visible_damage,346.25,340.86,1185.14,567.98,838.89,227.12,190528.70,0,manual,
HCVAT_7DC29F544DE9B595,194,3,commons_72132492.jpg,ee181e21a1b6349dc1224ba67f7b3732b698242a04feed3a90a725c439ee9cec,engine_bay,engine_bay,structure,intact,no_visible_damage,396.50,534.49,1296.45,774.50,899.95,240.01,215997.00,0,manual,
HCVAT_6F6BC2D383E4F784,194,4,commons_72132492.jpg,ee181e21a1b6349dc1224ba67f7b3732b698242a04feed3a90a725c439ee9cec,wheel_tire,wheel_tire,mobility,intact,no_visible_damage,415.06,698.72,583.17,1054.38,168.11,355.66,59790.00,0,manual,
HCVAT_A740CB96E321BA8B,194,5,commons_72132492.jpg,ee181e21a1b6349dc1224ba67f7b3732b698242a04feed3a90a725c439ee9cec,wheel_tire,wheel_tire,mobility,intact,no_visible_damage,49.42,711.23,91.78,807.45,42.36,96.22,4075.88,0,manual,
HCVAT_904EF905F18089EE,194,6,commons_72132492.jpg,ee181e21a1b6349dc1224ba67f7b3732b698242a04feed3a90a725c439ee9cec,weapons_station,weapon_station,mission_equipment,intact,no_visible_damage,460.94,67.64,950.15,372.34,489.21,304.70,149062.29,0,manual,
HCVAT_BF29B1E7E876FB66,194,7,commons_72132492.jpg,ee181e21a1b6349dc1224ba67f7b3732b698242a04feed3a90a725c439ee9cec,engine_bay,engine_bay,structure,intact,no_visible_damage,102.24,634.87,247.89,734.24,145.65,99.37,14473.24,0,manual,
HCVAT_E4D35DF2E70D62EF,194,8,commons_72132492.jpg,ee181e21a1b6349dc1224ba67f7b3732b698242a04feed3a90a725c439ee9cec,comms_equipment,comms_equipment,mission_equipment,intact,no_visible_damage,394.19,359.33,477.86,586.52,83.67,227.19,19008.99,0,manual,
HCVAT_2D6467D44378E3EB,194,9,commons_72132492.jpg,ee181e21a1b6349dc1224ba67f7b3732b698242a04feed3a90a725c439ee9cec,wheel_tire,wheel_tire,mobility,intact,no_visible_damage,267.32,724.48,406.13,1009.69,138.81,285.21,39590.00,0,manual,
HCVAT_E2418EA29989DA77,194,10,commons_72132492.jpg,ee181e21a1b6349dc1224ba67f7b3732b698242a04feed3a90a725c439ee9cec,door,door,structure,intact,no_visible_damage,259.55,442.62,342.99,830.34,83.44,387.72,32351.36,0,manual,
HCVAT_5268C905583B0EBD,194,11,commons_72132492.jpg,ee181e21a1b6349dc1224ba67f7b3732b698242a04feed3a90a725c439ee9cec,wheel_tire,wheel_tire,mobility,intact,no_visible_damage,90.50,707.04,136.76,809.02,46.26,101.98,4717.59,0,manual,
HCVAT_4A583B57EC535B42,194,12,commons_72132492.jpg,ee181e21a1b6349dc1224ba67f7b3732b698242a04feed3a90a725c439ee9cec,door,door,structure,intact,no_visible_damage,300.96,428.82,385.03,832.80,84.07,403.98,33962.60,0,manual,
HCVAT_A67358705D47090E,194,13,commons_72132492.jpg,ee181e21a1b6349dc1224ba67f7b3732b698242a04feed3a90a725c439ee9cec,wheel_tire,wheel_tire,mobility,intact,no_visible_damage,1137.06,700.62,1308.94,1025.41,171.88,324.79,55824.91,0,manual,
HCVAT_5C08EE38FFC0CA78,194,14,commons_72132492.jpg,ee181e21a1b6349dc1224ba67f7b3732b698242a04feed3a90a725c439ee9cec,windshield,windshield,structure,intact,no_visible_damage,107.73,582.57,249.72,634.61,141.99,52.04,7389.16,0,manual,
HCVAT_CEF85B7F649C1C18,194,15,commons_72132492.jpg,ee181e21a1b6349dc1224ba67f7b3732b698242a04feed3a90a725c439ee9cec,wheel_tire,wheel_tire,mobility,unknown,unobservable,914.15,903.41,1050.30,985.29,136.15,81.88,11147.96,0,manual,
HCVAT_0E817938E7588FBD,195,1,commons_72132730.jpg,a8c64c64bc69ad3bf51d1a150668538b0cea3ab2e20bb8633f0594a94acb9641,wheel_tire,wheel_tire,mobility,intact,no_visible_damage,640.97,509.74,732.87,662.99,91.90,153.25,14083.67,0,manual,
HCVAT_0C778854EC80662B,195,2,commons_72132730.jpg,a8c64c64bc69ad3bf51d1a150668538b0cea3ab2e20bb8633f0594a94acb9641,engine_bay,engine_bay,structure,intact,no_visible_damage,352.80,436.71,753.04,529.49,400.24,92.78,37134.27,0,manual,
HCVAT_FB1D42770571D651,195,3,commons_72132730.jpg,a8c64c64bc69ad3bf51d1a150668538b0cea3ab2e20bb8633f0594a94acb9641,wheel_tire,wheel_tire,mobility,intact,no_visible_damage,799.76,511.12,875.51,639.91,75.75,128.79,9755.84,0,manual,
HCVAT_EAFC62B06999CD59,195,4,commons_72132730.jpg,a8c64c64bc69ad3bf51d1a150668538b0cea3ab2e20bb8633f0594a94acb9641,door,door,structure,intact,no_visible_damage,760.79,443.81,800.20,549.16,39.41,105.35,4151.84,0,manual,
HCVAT_8566E32237963FCB,195,5,commons_72132730.jpg,a8c64c64bc69ad3bf51d1a150668538b0cea3ab2e20bb8633f0594a94acb9641,windshield,windshield,structure,intact,no_visible_damage,431.40,357.41,759.18,435.88,327.78,78.47,25720.90,0,manual,
HCVAT_A7448A4C6C78381B,195,6,commons_72132730.jpg,a8c64c64bc69ad3bf51d1a150668538b0cea3ab2e20bb8633f0594a94acb9641,door,door,structure,intact,no_visible_damage,800.20,446.39,843.73,544.78,43.53,98.39,4282.92,0,manual,
HCVAT_9E0235D62897834C,195,7,commons_72132730.jpg,a8c64c64bc69ad3bf51d1a150668538b0cea3ab2e20bb8633f0594a94acb9641,wheel_tire,wheel_tire,mobility,intact,no_visible_damage,352.06,514.82,443.91,654.68,91.85,139.86,12846.14,0,manual,
HCVAT_B2259E70D1627A2B,195,8,commons_72132730.jpg,a8c64c64bc69ad3bf51d1a150668538b0cea3ab2e20bb8633f0594a94acb9641,wheel_tire,wheel_tire,mobility,intact,no_visible_damage,542.23,583.13,616.09,632.98,73.86,49.85,3681.92,0,manual,
HCVAT_8EB5735918C3B360,196,1,commons_72143471.jpg,00e8b62546cf59802412839e3a835ad2f784e243ded4e461d7ca46895a49ffc8,wheel_tire,wheel_tire,mobility,intact,no_visible_damage,216.85,655.34,261.27,729.79,44.42,74.45,3307.07,0,manual,
HCVAT_59EEA1D5BD1A5862,196,2,commons_72143471.jpg,00e8b62546cf59802412839e3a835ad2f784e243ded4e461d7ca46895a49ffc8,weapons_station,weapon_station,mission_equipment,intact,no_visible_damage,778.82,173.18,1175.49,389.61,396.67,216.43,85851.29,0,manual,
HCVAT_0EC43EC144BFA683,196,3,commons_72143471.jpg,00e8b62546cf59802412839e3a835ad2f784e243ded4e461d7ca46895a49ffc8,weapons_station,weapon_station,mission_equipment,intact,no_visible_damage,256.17,375.13,405.85,452.58,149.68,77.45,11592.72,0,manual,
HCVAT_2AED06DC36A84B36,196,4,commons_72143471.jpg,00e8b62546cf59802412839e3a835ad2f784e243ded4e461d7ca46895a49ffc8,weapons_station,weapon_station,mission_equipment,intact,no_visible_damage,420.45,307.34,632.19,421.02,211.74,113.68,24070.60,0,manual,
HCVAT_591E5E896421C87F,196,5,commons_72143471.jpg,00e8b62546cf59802412839e3a835ad2f784e243ded4e461d7ca46895a49ffc8,wheel_tire,wheel_tire,mobility,intact,no_visible_damage,524.03,796.73,838.08,1064.00,314.05,267.27,83936.14,0,manual,
HCVAT_7BFEED67CBB25B1F,196,6,commons_72143471.jpg,00e8b62546cf59802412839e3a835ad2f784e243ded4e461d7ca46895a49ffc8,wheel_tire,wheel_tire,mobility,intact,no_visible_damage,402.03,887.44,519.65,950.01,117.62,62.57,7359.48,0,manual,
HCVAT_C6C5265BB00CE339,196,7,commons_72143471.jpg,00e8b62546cf59802412839e3a835ad2f784e243ded4e461d7ca46895a49ffc8,engine_bay,engine_bay,structure,intact,no_visible_damage,279.10,525.82,745.31,810.72,466.21,284.90,132823.23,0,manual,
HCVAT_5B59EDA7933339E6,196,8,commons_72143471.jpg,00e8b62546cf59802412839e3a835ad2f784e243ded4e461d7ca46895a49ffc8,engine_bay,engine_bay,structure,unknown,unobservable,1556.30,510.99,1600.00,561.26,43.70,50.27,2196.80,0,manual,
HCVAT_7FE899168C97DD59,196,9,commons_72143471.jpg,00e8b62546cf59802412839e3a835ad2f784e243ded4e461d7ca46895a49ffc8,engine_bay,engine_bay,structure,intact,no_visible_damage,150.23,504.04,350.56,621.70,200.33,117.66,23570.83,0,manual,
HCVAT_AE281B1DEF4AB7C0,196,10,commons_72143471.jpg,00e8b62546cf59802412839e3a835ad2f784e243ded4e461d7ca46895a49ffc8,engine_bay,engine_bay,structure,intact,no_visible_damage,61.53,509.47,193.37,587.01,131.84,77.54,10222.87,0,manual,
HCVAT_496C4F704490F8F5,196,11,commons_72143471.jpg,00e8b62546cf59802412839e3a835ad2f784e243ded4e461d7ca46895a49ffc8,door,door,structure,intact,no_visible_damage,405.51,452.37,511.92,562.10,106.41,109.73,11676.37,0,manual,
HCVAT_EFE9E1BB6D4FF094,196,12,commons_72143471.jpg,00e8b62546cf59802412839e3a835ad2f784e243ded4e461d7ca46895a49ffc8,door,door,structure,intact,no_visible_damage,1056.35,449.03,1208.35,778.39,152.00,329.36,50062.72,0,manual,
HCVAT_B08B902C90B92122,196,13,commons_72143471.jpg,00e8b62546cf59802412839e3a835ad2f784e243ded4e461d7ca46895a49ffc8,door,door,structure,intact,no_visible_damage,842.81,443.24,1037.53,796.48,194.72,353.24,68782.89,0,manual,
HCVAT_07314A1391279949,196,14,commons_72143471.jpg,00e8b62546cf59802412839e3a835ad2f784e243ded4e461d7ca46895a49ffc8,door,door,structure,intact,no_visible_damage,531.74,454.19,625.87,526.42,94.13,72.23,6799.01,0,manual,
HCVAT_0DD2F0ECDEFD4773,196,15,commons_72143471.jpg,00e8b62546cf59802412839e3a835ad2f784e243ded4e461d7ca46895a49ffc8,wheel_tire,wheel_tire,mobility,intact,no_visible_damage,1561.92,581.52,1600.00,632.20,38.08,50.68,1929.89,0,manual,
HCVAT_E81290D6B8AED758,196,16,commons_72143471.jpg,00e8b62546cf59802412839e3a835ad2f784e243ded4e461d7ca46895a49ffc8,windshield,windshield,structure,intact,no_visible_damage,324.16,441.15,432.63,505.56,108.47,64.41,6986.55,0,manual,
HCVAT_A89B831DA8835502,196,17,commons_72143471.jpg,00e8b62546cf59802412839e3a835ad2f784e243ded4e461d7ca46895a49ffc8,wheel_tire,wheel_tire,mobility,intact,no_visible_damage,1257.87,724.16,1448.05,955.64,190.18,231.48,44022.87,0,manual,
HCVAT_A0B526CBC3799A01,196,18,commons_72143471.jpg,00e8b62546cf59802412839e3a835ad2f784e243ded4e461d7ca46895a49ffc8,windshield,windshield,structure,intact,no_visible_damage,598.47,416.36,894.39,543.36,295.92,127.00,37581.84,0,manual,
HCVAT_1B779DF31C4BEF85,197,1,commons_72281282.jpg,3809f55a962e1f5bf2e1c3bbe71a1de2b74f940298d051e093234d8b28d6ff7d,wheel_tire,wheel_tire,mobility,intact,no_visible_damage,121.56,709.75,304.98,966.96,183.42,257.21,47177.46,0,manual,
HCVAT_5274E28DD1B342F7,197,2,commons_72281282.jpg,3809f55a962e1f5bf2e1c3bbe71a1de2b74f940298d051e093234d8b28d6ff7d,door,door,structure,intact,no_visible_damage,272.78,439.73,440.14,825.87,167.36,386.14,64624.39,0,manual,
HCVAT_63E3D34ED8610B36,197,3,commons_72281282.jpg,3809f55a962e1f5bf2e1c3bbe71a1de2b74f940298d051e093234d8b28d6ff7d,engine_bay,engine_bay,structure,intact,no_visible_damage,135.30,604.04,251.26,660.87,115.96,56.83,6590.01,0,manual,
HCVAT_9DDFBF1848207C86,197,4,commons_72281282.jpg,3809f55a962e1f5bf2e1c3bbe71a1de2b74f940298d051e093234d8b28d6ff7d,door,door,structure,intact,no_visible_damage,1351.21,295.23,1441.83,697.70,90.62,402.47,36471.83,0,manual,
HCVAT_A421290467B8B5C7,197,5,commons_72281282.jpg,3809f55a962e1f5bf2e1c3bbe71a1de2b74f940298d051e093234d8b28d6ff7d,wheel_tire,wheel_tire,mobility,intact,no_visible_damage,679.93,778.69,1077.11,1199.77,397.18,421.08,167244.55,0,manual,
HCVAT_269E5E4FC61FF1C1,197,6,commons_72281282.jpg,3809f55a962e1f5bf2e1c3bbe71a1de2b74f940298d051e093234d8b28d6ff7d,door,door,structure,intact,no_visible_damage,98.90,511.90,157.98,595.70,59.08,83.80,4950.90,0,manual,
HCVAT_88AC689BE5E3991F,198,1,commons_73212975.jpg,a90382139786d363a0cacd841ccfea9aa58e8bb193b99be01592dc89d82a5c6e,door,door,structure,intact,no_visible_damage,0.00,350.90,260.48,721.05,260.48,370.15,96416.67,0,manual,
HCVAT_ABAA186BB07593D9,198,2,commons_73212975.jpg,a90382139786d363a0cacd841ccfea9aa58e8bb193b99be01592dc89d82a5c6e,windshield,windshield,structure,intact,no_visible_damage,290.33,335.29,693.50,459.66,403.17,124.37,50142.25,0,manual,
HCVAT_4E4A099F961BEF4D,198,3,commons_73212975.jpg,a90382139786d363a0cacd841ccfea9aa58e8bb193b99be01592dc89d82a5c6e,wheel_tire,wheel_tire,mobility,intact,no_visible_damage,30.66,627.80,152.30,794.50,121.64,166.70,20277.39,0,manual,
HCVAT_D8B86FA2627EF686,198,4,commons_73212975.jpg,a90382139786d363a0cacd841ccfea9aa58e8bb193b99be01592dc89d82a5c6e,engine_bay,engine_bay,structure,intact,no_visible_damage,302.63,458.29,914.90,694.73,612.27,236.44,144765.12,0,manual,
HCVAT_E505F950E269F598,198,5,commons_73212975.jpg,a90382139786d363a0cacd841ccfea9aa58e8bb193b99be01592dc89d82a5c6e,wheel_tire,wheel_tire,mobility,intact,no_visible_damage,305.36,633.23,545.90,957.13,240.54,323.90,77910.91,0,manual,
HCVAT_853EACC405CA9A29,199,1,commons_73349395.jpg,4e18bc419301009e7e22db7111fa308e9b9784a49029b4bfde780e033b20d1a3,comms_equipment,comms_equipment,mission_equipment,intact,no_visible_damage,1072.63,533.54,1184.95,635.08,112.32,101.54,11404.97,0,manual,
HCVAT_A7CFCC499EC95E68,199,2,commons_73349395.jpg,4e18bc419301009e7e22db7111fa308e9b9784a49029b4bfde780e033b20d1a3,wheel_tire,wheel_tire,mobility,intact,no_visible_damage,1283.16,845.74,1469.61,1113.87,186.45,268.13,49992.84,0,manual,
HCVAT_A0CCC74E91EC7876,199,3,commons_73349395.jpg,4e18bc419301009e7e22db7111fa308e9b9784a49029b4bfde780e033b20d1a3,door,door,structure,intact,no_visible_damage,1137.29,487.61,1381.25,936.15,243.96,448.54,109425.82,0,manual,
HCVAT_B9103D6AD778F26D,199,4,commons_73349395.jpg,4e18bc419301009e7e22db7111fa308e9b9784a49029b4bfde780e033b20d1a3,windshield,windshield,structure,intact,no_visible_damage,645.55,436.78,1137.29,626.11,491.74,189.33,93101.13,0,manual,
HCVAT_985057EAF140A133,199,5,commons_73349395.jpg,4e18bc419301009e7e22db7111fa308e9b9784a49029b4bfde780e033b20d1a3,wheel_tire,wheel_tire,mobility,intact,no_visible_damage,221.56,877.31,517.54,1166.49,295.98,289.18,85591.50,0,manual,
HCVAT_AA38F4CE114BE2D5,199,6,commons_73349395.jpg,4e18bc419301009e7e22db7111fa308e9b9784a49029b4bfde780e033b20d1a3,wheel_tire,wheel_tire,mobility,intact,no_visible_damage,813.35,879.01,1121.41,1251.54,308.06,372.53,114761.59,0,manual,
HCVAT_13A4ABA92E35F671,199,7,commons_73349395.jpg,4e18bc419301009e7e22db7111fa308e9b9784a49029b4bfde780e033b20d1a3,engine_bay,engine_bay,structure,intact,no_visible_damage,307.56,542.25,1106.79,978.08,799.23,435.83,348328.41,0,manual,
HCVAT_C13A6DC02BCF4853,200,1,commons_73531531.jpg,a593dbe17918073852143827219c049cbff2b395bf3dc40fc751fa67ed825a48,engine_bay,engine_bay,structure,intact,no_visible_damage,0.00,722.17,141.89,798.27,141.89,76.10,10797.83,0,manual,
HCVAT_D70BDA255A5EF1DF,200,2,commons_73531531.jpg,a593dbe17918073852143827219c049cbff2b395bf3dc40fc751fa67ed825a48,engine_bay,engine_bay,structure,intact,no_visible_damage,838.62,476.41,1371.90,672.27,533.28,195.86,104448.22,0,manual,
HCVAT_D7ADAAEFACF1539E,200,3,commons_73531531.jpg,a593dbe17918073852143827219c049cbff2b395bf3dc40fc751fa67ed825a48,door,door,structure,intact,no_visible_damage,501.43,420.46,616.91,727.26,115.48,306.80,35429.26,0,manual,
HCVAT_720D3C30ACDEB795,200,4,commons_73531531.jpg,a593dbe17918073852143827219c049cbff2b395bf3dc40fc751fa67ed825a48,door,door,structure,intact,no_visible_damage,629.82,397.23,766.55,718.38,136.73,321.15,43910.84,0,manual,
HCVAT_A25DE0E7FDD3899E,200,5,commons_73531531.jpg,a593dbe17918073852143827219c049cbff2b395bf3dc40fc751fa67ed825a48,weapons_station,weapon_station,mission_equipment,intact,no_visible_damage,543.19,192.21,896.79,369.29,353.60,177.08,62615.49,0,manual,
HCVAT_42B6C23408997736,200,6,commons_73531531.jpg,a593dbe17918073852143827219c049cbff2b395bf3dc40fc751fa67ed825a48,wheel_tire,wheel_tire,mobility,intact,no_visible_damage,1096.94,775.18,1331.75,958.60,234.81,183.42,43068.85,0,manual,
HCVAT_1817C53658DDAABE,200,7,commons_73531531.jpg,a593dbe17918073852143827219c049cbff2b395bf3dc40fc751fa67ed825a48,wheel_tire,wheel_tire,mobility,intact,no_visible_damage,769.47,696.61,1021.53,980.30,252.06,283.69,71506.90,0,manual,
HCVAT_B87048DAE516EF59,200,8,commons_73531531.jpg,a593dbe17918073852143827219c049cbff2b395bf3dc40fc751fa67ed825a48,wheel_tire,wheel_tire,mobility,intact,no_visible_damage,580.57,860.18,751.08,943.82,170.51,83.64,14261.46,0,manual,
HCVAT_831BCCEE2039DD46,200,9,commons_73531531.jpg,a593dbe17918073852143827219c049cbff2b395bf3dc40fc751fa67ed825a48,wheel_tire,wheel_tire,mobility,intact,no_visible_damage,279.42,729.95,453.05,957.05,173.63,227.10,39431.37,0,manual,
HCVAT_36D49B92395D74F9,200,10,commons_73531531.jpg,a593dbe17918073852143827219c049cbff2b395bf3dc40fc751fa67ed825a48,windshield,windshield,structure,intact,no_visible_damage,739.06,373.42,1130.24,499.15,391.18,125.73,49183.06,0,manual,
HCVAT_3945E53BDDD3997E,200,11,commons_73531531.jpg,a593dbe17918073852143827219c049cbff2b395bf3dc40fc751fa67ed825a48,wheel_tire,wheel_tire,mobility,intact,no_visible_damage,50.96,834.74,131.02,913.85,80.06,79.11,6333.55,0,manual,
HCVAT_1679726CDFDE3C3A,200,12,commons_73531531.jpg,a593dbe17918073852143827219c049cbff2b395bf3dc40fc751fa67ed825a48,windshield,windshield,structure,intact,no_visible_damage,0.00,679.75,76.51,718.81,76.51,39.06,2988.48,0,manual,
HCVAT_3734D5086A4DA200,201,1,commons_75439797.jpg,5df8008a445b0e7d10203a1c8e5edc2cc5dc26bde78074b9f50e58cb0ddc7511,comms_equipment,comms_equipment,mission_equipment,intact,no_visible_damage,1076.59,256.72,1148.94,469.42,72.35,212.70,15388.85,0,manual,
HCVAT_ED3140B13333EFE3,201,2,commons_75439797.jpg,5df8008a445b0e7d10203a1c8e5edc2cc5dc26bde78074b9f50e58cb0ddc7511,comms_equipment,comms_equipment,mission_equipment,intact,no_visible_damage,31.97,280.96,101.26,467.88,69.29,186.92,12951.69,0,manual,
HCVAT_7D32731303A0EC6F,201,3,commons_75439797.jpg,5df8008a445b0e7d10203a1c8e5edc2cc5dc26bde78074b9f50e58cb0ddc7511,wheel_tire,wheel_tire,mobility,intact,no_visible_damage,1015.99,654.01,1157.32,921.10,141.33,267.09,37747.83,0,manual,
HCVAT_3483C4F4C9250C04,201,4,commons_75439797.jpg,5df8008a445b0e7d10203a1c8e5edc2cc5dc26bde78074b9f50e58cb0ddc7511,engine_bay,engine_bay,structure,intact,no_visible_damage,1021.41,444.25,1600.00,690.13,578.59,245.88,142263.71,0,manual,
HCVAT_66397242A82D7104,201,5,commons_75439797.jpg,5df8008a445b0e7d10203a1c8e5edc2cc5dc26bde78074b9f50e58cb0ddc7511,engine_bay,engine_bay,structure,intact,no_visible_damage,0.00,444.25,588.93,661.59,588.93,217.34,127998.05,0,manual,
HCVAT_0A43267A8CA193F7,201,6,commons_75439797.jpg,5df8008a445b0e7d10203a1c8e5edc2cc5dc26bde78074b9f50e58cb0ddc7511,windshield,windshield,structure,intact,no_visible_damage,1071.95,253.50,1600.00,454.90,528.05,201.40,106349.27,0,manual,
HCVAT_415B82267CBC77D1,201,7,commons_75439797.jpg,5df8008a445b0e7d10203a1c8e5edc2cc5dc26bde78074b9f50e58cb0ddc7511,windshield,windshield,structure,intact,no_visible_damage,39.84,306.22,649.75,457.06,609.91,150.84,91998.82,0,manual,
HCVAT_A18F7974278C8E4E,201,8,commons_75439797.jpg,5df8008a445b0e7d10203a1c8e5edc2cc5dc26bde78074b9f50e58cb0ddc7511,weapons_station,weapon_station,mission_equipment,intact,no_visible_damage,247.14,83.07,679.29,281.43,432.15,198.36,85721.27,0,manual,
HCVAT_5078C0A7F4333E5B,201,9,commons_75439797.jpg,5df8008a445b0e7d10203a1c8e5edc2cc5dc26bde78074b9f50e58cb0ddc7511,wheel_tire,wheel_tire,mobility,intact,no_visible_damage,455.01,593.54,593.80,878.93,138.79,285.39,39609.28,0,manual,
HCVAT_1240B65247778616,201,10,commons_75439797.jpg,5df8008a445b0e7d10203a1c8e5edc2cc5dc26bde78074b9f50e58cb0ddc7511,weapons_station,weapon_station,mission_equipment,intact,no_visible_damage,1243.71,19.00,1600.00,254.98,356.29,235.98,84077.31,0,manual,
HCVAT_265462232CB80066,202,1,commons_75445637.jpg,203edd70f40f067a007478783318933f8cf1c6546e7ac5a4f43b512825e91349,wheel_tire,wheel_tire,mobility,intact,no_visible_damage,268.76,624.58,376.03,723.84,107.27,99.26,10647.62,0,manual,
HCVAT_4F9153304BB35DB9,202,2,commons_75445637.jpg,203edd70f40f067a007478783318933f8cf1c6546e7ac5a4f43b512825e91349,wheel_tire,wheel_tire,mobility,intact,no_visible_damage,243.25,550.14,321.90,672.27,78.65,122.13,9605.52,0,manual,
HCVAT_888C40231ABC61B3,202,3,commons_75445637.jpg,203edd70f40f067a007478783318933f8cf1c6546e7ac5a4f43b512825e91349,windshield,windshield,structure,intact,no_visible_damage,407.83,468.07,620.88,542.32,213.05,74.25,15818.96,0,manual,
HCVAT_F7A6B07F2C5D0245,202,4,commons_75445637.jpg,203edd70f40f067a007478783318933f8cf1c6546e7ac5a4f43b512825e91349,windshield,windshield,structure,intact,no_visible_damage,259.87,411.31,362.08,466.01,102.21,54.70,5590.89,0,manual,
HCVAT_64B7EC1B68BE1B56,202,5,commons_75445637.jpg,203edd70f40f067a007478783318933f8cf1c6546e7ac5a4f43b512825e91349,door,door,structure,intact,no_visible_damage,1252.39,209.58,1441.30,534.65,188.91,325.07,61408.97,0,manual,
HCVAT_239804D61F6ECBD0,202,6,commons_75445637.jpg,203edd70f40f067a007478783318933f8cf1c6546e7ac5a4f43b512825e91349,engine_bay,engine_bay,structure,intact,no_visible_damage,265.15,535.55,607.19,655.97,342.04,120.42,41188.46,0,manual,
HCVAT_107413A0B1F45131,202,7,commons_75445637.jpg,203edd70f40f067a007478783318933f8cf1c6546e7ac5a4f43b512825e91349,engine_bay,engine_bay,structure,intact,no_visible_damage,792.61,301.31,1289.85,609.25,497.24,307.94,153120.09,0,manual,
HCVAT_E310386E2A5D3B61,202,8,commons_75445637.jpg,203edd70f40f067a007478783318933f8cf1c6546e7ac5a4f43b512825e91349,engine_bay,engine_bay,structure,intact,no_visible_damage,167.50,458.04,357.15,561.82,189.65,103.78,19681.88,0,manual,
HCVAT_9C5EAC9089DB68A4,202,9,commons_75445637.jpg,203edd70f40f067a007478783318933f8cf1c6546e7ac5a4f43b512825e91349,wheel_tire,wheel_tire,mobility,intact,no_visible_damage,34.51,499.77,53.90,543.96,19.39,44.19,856.84,0,manual,
HCVAT_D9422BD41B5BF65D,202,10,commons_75445637.jpg,203edd70f40f067a007478783318933f8cf1c6546e7ac5a4f43b512825e91349,wheel_tire,wheel_tire,mobility,intact,no_visible_damage,12.01,497.93,29.76,539.88,17.75,41.95,744.61,0,manual,
HCVAT_2A057EB05A6E3F36,202,11,commons_75445637.jpg,203edd70f40f067a007478783318933f8cf1c6546e7ac5a4f43b512825e91349,wheel_tire,wheel_tire,mobility,intact,no_visible_damage,442.07,620.77,573.01,783.77,130.94,163.00,21343.22,0,manual,
HCVAT_439865DB37616888,202,12,commons_75445637.jpg,203edd70f40f067a007478783318933f8cf1c6546e7ac5a4f43b512825e91349,wheel_tire,wheel_tire,mobility,intact,no_visible_damage,1207.08,702.92,1378.64,902.60,171.56,199.68,34257.10,0,manual,
HCVAT_9DDB10B7E9E99444,202,13,commons_75445637.jpg,203edd70f40f067a007478783318933f8cf1c6546e7ac5a4f43b512825e91349,wheel_tire,wheel_tire,mobility,intact,no_visible_damage,657.27,695.89,930.70,868.46,273.43,172.57,47185.82,0,manual,
HCVAT_6661789D45C39068,202,14,commons_75445637.jpg,203edd70f40f067a007478783318933f8cf1c6546e7ac5a4f43b512825e91349,door,door,structure,intact,no_visible_damage,364.17,418.48,418.42,530.13,54.25,111.65,6057.01,0,manual,
HCVAT_2F77B5CF37E1CEB4,202,15,commons_75445637.jpg,203edd70f40f067a007478783318933f8cf1c6546e7ac5a4f43b512825e91349,windshield,windshield,structure,intact,no_visible_damage,851.82,212.10,1250.72,349.39,398.90,137.29,54764.98,0,manual,
HCVAT_52FDBFBDD5E97206,202,16,commons_75445637.jpg,203edd70f40f067a007478783318933f8cf1c6546e7ac5a4f43b512825e91349,door,door,structure,intact,no_visible_damage,628.34,480.11,756.46,647.08,128.12,166.97,21392.20,0,manual,
HCVAT_63C0593D23DB0E1C,203,1,commons_7721195.jpg,694938e32b154cb87d1ee6f4517ee637c452e8d67b8a8d27e1bf00f4991e7090,weapons_station,weapon_station,mission_equipment,intact,no_visible_damage,417.28,305.02,716.41,458.81,299.13,153.79,46003.20,0,manual,
HCVAT_E98FAA99E0C78AAC,203,2,commons_7721195.jpg,694938e32b154cb87d1ee6f4517ee637c452e8d67b8a8d27e1bf00f4991e7090,wheel_tire,wheel_tire,mobility,intact,no_visible_damage,704.85,656.54,910.64,864.15,205.79,207.61,42724.06,0,manual,
HCVAT_34D66BC2AC1D0016,203,3,commons_7721195.jpg,694938e32b154cb87d1ee6f4517ee637c452e8d67b8a8d27e1bf00f4991e7090,door,door,structure,intact,no_visible_damage,458.08,472.71,610.35,729.53,152.27,256.82,39105.98,0,manual,
HCVAT_70EB40C753497853,203,4,commons_7721195.jpg,694938e32b154cb87d1ee6f4517ee637c452e8d67b8a8d27e1bf00f4991e7090,windshield,windshield,structure,intact,no_visible_damage,612.24,459.26,823.25,566.10,211.01,106.84,22544.31,0,manual,
HCVAT_59504F307C87EEF8,203,5,commons_7721195.jpg,694938e32b154cb87d1ee6f4517ee637c452e8d67b8a8d27e1bf00f4991e7090,engine_bay,engine_bay,structure,intact,no_visible_damage,674.41,559.69,1042.29,700.15,367.88,140.46,51672.42,0,manual,
HCVAT_0323B32FEAF3CE29,203,6,commons_7721195.jpg,694938e32b154cb87d1ee6f4517ee637c452e8d67b8a8d27e1bf00f4991e7090,door,door,structure,intact,no_visible_damage,294.12,471.54,451.70,711.31,157.58,239.77,37782.96,0,manual,
HCVAT_6D8E2FA180400493,203,7,commons_7721195.jpg,694938e32b154cb87d1ee6f4517ee637c452e8d67b8a8d27e1bf00f4991e7090,wheel_tire,wheel_tire,mobility,intact,no_visible_damage,184.54,621.77,331.39,784.55,146.85,162.78,23904.24,0,manual,
HCVAT_CDF17D4FFDA10032,203,8,commons_7721195.jpg,694938e32b154cb87d1ee6f4517ee637c452e8d67b8a8d27e1bf00f4991e7090,comms_equipment,comms_equipment,mission_equipment,intact,no_visible_damage,650.63,569.51,697.07,588.38,46.44,18.87,876.32,0,manual,
HCVAT_29B411E99EE3B9D7,204,1,commons_80495976.jpg,2ec94635f8958f8aea0e28c436b66ffb0ede4ddea9896ce114487c468e4d4efa,engine_bay,engine_bay,structure,intact,no_visible_damage,207.98,434.48,1110.58,821.86,902.60,387.38,349649.19,0,manual,
HCVAT_21950C9DFAE553C1,204,2,commons_80495976.jpg,2ec94635f8958f8aea0e28c436b66ffb0ede4ddea9896ce114487c468e4d4efa,door,door,structure,intact,no_visible_damage,1116.41,301.44,1225.53,695.25,109.12,393.81,42972.55,0,manual,
HCVAT_483BD66E1869A191,204,3,commons_80495976.jpg,2ec94635f8958f8aea0e28c436b66ffb0ede4ddea9896ce114487c468e4d4efa,door,door,structure,intact,no_visible_damage,1206.64,314.73,1293.38,661.67,86.74,346.94,30093.58,0,manual,
HCVAT_6DBC3CAFA16A0D3A,204,4,commons_80495976.jpg,2ec94635f8958f8aea0e28c436b66ffb0ede4ddea9896ce114487c468e4d4efa,windshield,windshield,structure,intact,no_visible_damage,544.58,256.83,1116.68,455.08,572.10,198.25,113418.83,0,manual,
HCVAT_FB9BDBDE40913DD3,204,5,commons_80495976.jpg,2ec94635f8958f8aea0e28c436b66ffb0ede4ddea9896ce114487c468e4d4efa,wheel_tire,wheel_tire,mobility,intact,no_visible_damage,1272.19,610.99,1384.66,829.67,112.47,218.68,24594.94,0,manual,
HCVAT_A2D85AE9649D0188,204,6,commons_80495976.jpg,2ec94635f8958f8aea0e28c436b66ffb0ede4ddea9896ce114487c468e4d4efa,wheel_tire,wheel_tire,mobility,intact,no_visible_damage,856.60,727.79,1140.20,1156.65,283.60,428.86,121624.70,0,manual,
HCVAT_7ADFA5AB52EE11AC,204,7,commons_80495976.jpg,2ec94635f8958f8aea0e28c436b66ffb0ede4ddea9896ce114487c468e4d4efa,weapons_station,weapon_station,mission_equipment,intact,no_visible_damage,734.70,65.65,1160.09,276.40,425.39,210.75,89650.94,0,manual,
HCVAT_77AB27B508F23DBB,205,1,commons_8234400.jpg,fdd14a6113db905176e5726133132e43e02192c56f4f549721e13b02f281221d,wheel_tire,wheel_tire,mobility,intact,no_visible_damage,829.36,873.35,1013.39,956.00,184.03,82.65,15210.08,0,manual,
HCVAT_8CA06BC1DCDD08E9,205,2,commons_8234400.jpg,fdd14a6113db905176e5726133132e43e02192c56f4f549721e13b02f281221d,engine_bay,engine_bay,structure,intact,no_visible_damage,200.85,624.08,902.75,790.04,701.90,165.96,116487.32,0,manual,
HCVAT_D09754B9F439348B,205,3,commons_8234400.jpg,fdd14a6113db905176e5726133132e43e02192c56f4f549721e13b02f281221d,weapons_station,weapon_station,mission_equipment,intact,no_visible_damage,595.32,239.83,1228.51,478.14,633.19,238.31,150895.51,0,manual,
HCVAT_9F9BAE5871EDBD11,205,4,commons_8234400.jpg,fdd14a6113db905176e5726133132e43e02192c56f4f549721e13b02f281221d,wheel_tire,wheel_tire,mobility,intact,no_visible_damage,615.42,730.72,838.76,997.32,223.34,266.60,59542.44,0,manual,
HCVAT_1782DEEE5BB2061C,205,5,commons_8234400.jpg,fdd14a6113db905176e5726133132e43e02192c56f4f549721e13b02f281221d,wheel_tire,wheel_tire,mobility,intact,no_visible_damage,1221.27,709.39,1431.28,958.67,210.01,249.28,52351.29,0,manual,
HCVAT_467190FDA6FD66D4,205,6,commons_8234400.jpg,fdd14a6113db905176e5726133132e43e02192c56f4f549721e13b02f281221d,wheel_tire,wheel_tire,mobility,intact,no_visible_damage,194.92,842.03,420.86,993.99,225.94,151.96,34333.84,0,manual,
HCVAT_30C3D00F3BE04361,205,7,commons_8234400.jpg,fdd14a6113db905176e5726133132e43e02192c56f4f549721e13b02f281221d,door,door,structure,intact,no_visible_damage,253.95,531.43,424.32,680.08,170.37,148.65,25325.50,0,manual,
HCVAT_3A638AC8C70F72B8,205,8,commons_8234400.jpg,fdd14a6113db905176e5726133132e43e02192c56f4f549721e13b02f281221d,door,door,structure,intact,no_visible_damage,1100.37,502.20,1272.10,804.29,171.73,302.09,51877.92,0,manual,
HCVAT_FD9908A17A094732,205,9,commons_8234400.jpg,fdd14a6113db905176e5726133132e43e02192c56f4f549721e13b02f281221d,door,door,structure,intact,no_visible_damage,932.04,500.21,1090.19,809.72,158.15,309.51,48949.01,0,manual,
HCVAT_3BC65C3D31A6C836,205,10,commons_8234400.jpg,fdd14a6113db905176e5726133132e43e02192c56f4f549721e13b02f281221d,windshield,windshield,structure,intact,no_visible_damage,437.89,467.62,925.25,633.92,487.36,166.30,81047.97,0,manual,
HCVAT_26DBC4D24EC4149F,206,1,commons_8234680.jpg,00a6ec568ef3e93cbb2cb81e3f9ef185dacb5d7aa3169693833229ba77226b4e,wheel_tire,wheel_tire,mobility,intact,no_visible_damage,1139.48,686.57,1220.88,851.23,81.40,164.66,13403.32,0,manual,
HCVAT_A9F4366C5F3556A0,206,2,commons_8234680.jpg,00a6ec568ef3e93cbb2cb81e3f9ef185dacb5d7aa3169693833229ba77226b4e,wheel_tire,wheel_tire,mobility,intact,no_visible_damage,1065.28,678.40,1131.60,820.88,66.32,142.48,9449.27,0,manual,
HCVAT_3E1DFD08E87E8334,206,3,commons_8234680.jpg,00a6ec568ef3e93cbb2cb81e3f9ef185dacb5d7aa3169693833229ba77226b4e,weapons_station,weapon_station,mission_equipment,intact,no_visible_damage,1161.64,316.91,1373.48,521.93,211.84,205.02,43431.44,0,manual,
HCVAT_9253BA202480F01A,206,4,commons_8234680.jpg,00a6ec568ef3e93cbb2cb81e3f9ef185dacb5d7aa3169693833229ba77226b4e,engine_bay,engine_bay,structure,intact,no_visible_damage,1126.14,609.67,1554.42,712.56,428.28,102.89,44065.73,0,manual,
HCVAT_8F7A295BA254AF90,206,5,commons_8234680.jpg,00a6ec568ef3e93cbb2cb81e3f9ef185dacb5d7aa3169693833229ba77226b4e,wheel_tire,wheel_tire,mobility,intact,no_visible_damage,1475.27,690.27,1552.98,846.60,77.71,156.33,12148.40,0,manual,
HCVAT_58AE87223E62F6A0,206,6,commons_8234680.jpg,00a6ec568ef3e93cbb2cb81e3f9ef185dacb5d7aa3169693833229ba77226b4e,windshield,windshield,structure,intact,no_visible_damage,1120.38,515.12,1512.49,612.01,392.11,96.89,37991.54,0,manual,
HCVAT_D4E1BBA307DEC4AC,207,1,commons_8234874.jpg,8a930d3f72de9318e8f7381d71e2667cd39d84d4ed351720f977c31c34cfcc12,door,door,structure,intact,no_visible_damage,1107.28,224.27,1315.51,471.31,208.23,247.04,51441.14,0,manual,
HCVAT_120E064ADD0AF687,207,2,commons_8234874.jpg,8a930d3f72de9318e8f7381d71e2667cd39d84d4ed351720f977c31c34cfcc12,wheel_tire,wheel_tire,mobility,intact,no_visible_damage,1347.80,506.76,1448.74,615.50,100.94,108.74,10976.22,0,manual,
HCVAT_D62B725801408A15,207,3,commons_8234874.jpg,8a930d3f72de9318e8f7381d71e2667cd39d84d4ed351720f977c31c34cfcc12,engine_bay,engine_bay,structure,intact,no_visible_damage,0.00,325.20,711.10,612.24,711.10,287.04,204114.14,0,manual,
HCVAT_C0234AD6BCB80FC4,207,4,commons_8234874.jpg,8a930d3f72de9318e8f7381d71e2667cd39d84d4ed351720f977c31c34cfcc12,wheel_tire,wheel_tire,mobility,intact,no_visible_damage,29.13,497.00,540.09,960.39,510.96,463.39,236773.75,0,manual,
HCVAT_E2FE895B674E4866,207,5,commons_8234874.jpg,8a930d3f72de9318e8f7381d71e2667cd39d84d4ed351720f977c31c34cfcc12,windshield,windshield,structure,intact,no_visible_damage,584.96,113.86,780.12,346.01,195.16,232.15,45306.39,0,manual,
HCVAT_97CC9C03A8528979,207,6,commons_8234874.jpg,8a930d3f72de9318e8f7381d71e2667cd39d84d4ed351720f977c31c34cfcc12,door,door,structure,intact,no_visible_damage,758.45,160.29,976.66,621.48,218.21,461.19,100636.27,0,manual,
HCVAT_4EC1C54066EB91DD,208,1,commons_86281009.jpg,63f770c817314427018f23da43f34af71258986da60f29f6c4f5ff228d3f6740,windshield,windshield,structure,intact,no_visible_damage,452.68,403.56,587.00,439.69,134.32,36.13,4852.98,0,manual,
HCVAT_CE0A5106D6B38F1F,208,2,commons_86281009.jpg,63f770c817314427018f23da43f34af71258986da60f29f6c4f5ff228d3f6740,engine_bay,engine_bay,structure,intact,no_visible_damage,993.12,615.65,1339.40,677.29,346.28,61.64,21344.70,0,manual,
HCVAT_EFF93CA23176ED79,208,3,commons_86281009.jpg,63f770c817314427018f23da43f34af71258986da60f29f6c4f5ff228d3f6740,engine_bay,engine_bay,structure,intact,no_visible_damage,744.75,452.08,992.59,514.76,247.84,62.68,15534.61,0,manual,
HCVAT_A41268251B533EC6,208,4,commons_86281009.jpg,63f770c817314427018f23da43f34af71258986da60f29f6c4f5ff228d3f6740,engine_bay,engine_bay,structure,intact,no_visible_damage,457.74,438.52,579.32,479.31,121.58,40.79,4959.25,0,manual,
HCVAT_F118A6A39DBF5C2E,208,5,commons_86281009.jpg,63f770c817314427018f23da43f34af71258986da60f29f6c4f5ff228d3f6740,engine_bay,engine_bay,structure,intact,no_visible_damage,599.29,445.10,699.18,488.93,99.89,43.83,4378.18,0,manual,
HCVAT_36A3689919EFC792,208,6,commons_86281009.jpg,63f770c817314427018f23da43f34af71258986da60f29f6c4f5ff228d3f6740,windshield,windshield,structure,intact,no_visible_damage,598.44,401.73,709.28,442.08,110.84,40.35,4472.39,0,manual,
HCVAT_0EF2FBB037FC7067,208,7,commons_86281009.jpg,63f770c817314427018f23da43f34af71258986da60f29f6c4f5ff228d3f6740,windshield,windshield,structure,intact,no_visible_damage,738.79,400.36,959.69,456.68,220.90,56.32,12441.09,0,manual,
HCVAT_6166D70BAF507C9D,208,8,commons_86281009.jpg,63f770c817314427018f23da43f34af71258986da60f29f6c4f5ff228d3f6740,wheel_tire,wheel_tire,mobility,intact,no_visible_damage,601.29,481.99,635.15,556.81,33.86,74.82,2533.41,0,manual,
HCVAT_2F76900AC6D8EC13,208,9,commons_86281009.jpg,63f770c817314427018f23da43f34af71258986da60f29f6c4f5ff228d3f6740,windshield,windshield,structure,intact,no_visible_damage,983.61,541.39,1292.09,617.51,308.48,76.12,23481.50,0,manual,
HCVAT_187749E2441A250F,208,10,commons_86281009.jpg,63f770c817314427018f23da43f34af71258986da60f29f6c4f5ff228d3f6740,wheel_tire,wheel_tire,mobility,intact,no_visible_damage,752.28,502.31,796.97,592.36,44.69,90.05,4024.33,0,manual,
HCVAT_28A7A6D5DAAE2226,208,11,commons_86281009.jpg,63f770c817314427018f23da43f34af71258986da60f29f6c4f5ff228d3f6740,wheel_tire,wheel_tire,mobility,intact,no_visible_damage,684.91,490.12,726.89,579.83,41.98,89.71,3766.03,0,manual,
HCVAT_CC11F3222F779CA7,208,12,commons_86281009.jpg,63f770c817314427018f23da43f34af71258986da60f29f6c4f5ff228d3f6740,wheel_tire,wheel_tire,mobility,intact,no_visible_damage,865.01,548.68,908.68,578.14,43.67,29.46,1286.52,0,manual,
HCVAT_52D242344FB86793,208,13,commons_86281009.jpg,63f770c817314427018f23da43f34af71258986da60f29f6c4f5ff228d3f6740,wheel_tire,wheel_tire,mobility,intact,no_visible_damage,944.57,504.34,991.96,551.73,47.39,47.39,2245.81,0,manual,
HCVAT_BCDF361D830DBC90,208,14,commons_86281009.jpg,63f770c817314427018f23da43f34af71258986da60f29f6c4f5ff228d3f6740,weapons_station,weapon_station,mission_equipment,intact,no_visible_damage,479.13,356.24,530.71,400.17,51.58,43.93,2265.91,0,manual,
HCVAT_F40E787351DFB29E,208,15,commons_86281009.jpg,63f770c817314427018f23da43f34af71258986da60f29f6c4f5ff228d3f6740,weapons_station,weapon_station,mission_equipment,intact,no_visible_damage,789.27,328.92,852.87,394.70,63.60,65.78,4183.61,0,manual,
HCVAT_FDF645D4522BA2E2,208,16,commons_86281009.jpg,63f770c817314427018f23da43f34af71258986da60f29f6c4f5ff228d3f6740,weapons_station,weapon_station,mission_equipment,intact,no_visible_damage,636.06,357.11,694.87,397.11,58.81,40.00,2352.40,0,manual,
HCVAT_AC55CBDFAF6B0230,208,17,commons_86281009.jpg,63f770c817314427018f23da43f34af71258986da60f29f6c4f5ff228d3f6740,weapons_station,weapon_station,mission_equipment,intact,no_visible_damage,1036.49,444.24,1138.45,536.01,101.96,91.77,9356.87,0,manual,
HCVAT_DA6E4FAA7AAF8134,209,1,commons_88130609.jpg,0233538aa5d3df18a46a374f70c5f75854c934fbd759f3f64ff97f50cdfb5782,engine_bay,engine_bay,structure,intact,no_visible_damage,172.73,752.82,889.55,924.54,716.82,171.72,123092.33,0,manual,
HCVAT_DE48A4BA6BD1323A,209,2,commons_88130609.jpg,0233538aa5d3df18a46a374f70c5f75854c934fbd759f3f64ff97f50cdfb5782,door,door,structure,intact,no_visible_damage,922.62,635.50,1114.60,968.27,191.98,332.77,63885.18,0,manual,
HCVAT_102533B43E052DE6,209,3,commons_88130609.jpg,0233538aa5d3df18a46a374f70c5f75854c934fbd759f3f64ff97f50cdfb5782,windshield,windshield,structure,intact,no_visible_damage,449.96,619.16,902.58,754.80,452.62,135.64,61393.38,0,manual,
HCVAT_08FEC374BD948A2C,209,4,commons_88130609.jpg,0233538aa5d3df18a46a374f70c5f75854c934fbd759f3f64ff97f50cdfb5782,wheel_tire,wheel_tire,mobility,intact,no_visible_damage,1197.68,849.88,1394.03,1095.18,196.35,245.30,48164.65,0,manual,
HCVAT_AF290EB07E98FBFC,209,5,commons_88130609.jpg,0233538aa5d3df18a46a374f70c5f75854c934fbd759f3f64ff97f50cdfb5782,door,door,structure,intact,no_visible_damage,1094.33,639.66,1257.51,957.60,163.18,317.94,51881.45,0,manual,
HCVAT_8879608AD50620B2,209,6,commons_88130609.jpg,0233538aa5d3df18a46a374f70c5f75854c934fbd759f3f64ff97f50cdfb5782,wheel_tire,wheel_tire,mobility,intact,no_visible_damage,181.26,899.90,410.68,1123.98,229.42,224.08,51408.43,0,manual,
HCVAT_82BAC7A946E4893C,209,7,commons_88130609.jpg,0233538aa5d3df18a46a374f70c5f75854c934fbd759f3f64ff97f50cdfb5782,weapons_station,weapon_station,mission_equipment,intact,no_visible_damage,579.90,419.27,1099.62,590.60,519.72,171.33,89043.63,0,manual,
HCVAT_739AA55562C6976B,209,8,commons_88130609.jpg,0233538aa5d3df18a46a374f70c5f75854c934fbd759f3f64ff97f50cdfb5782,wheel_tire,wheel_tire,mobility,intact,no_visible_damage,590.80,871.21,835.16,1150.60,244.36,279.39,68271.74,0,manual,
HCVAT_C6CDDEEBECD27603,209,9,commons_88130609.jpg,0233538aa5d3df18a46a374f70c5f75854c934fbd759f3f64ff97f50cdfb5782,wheel_tire,wheel_tire,mobility,intact,no_visible_damage,825.46,1007.73,988.74,1073.85,163.28,66.12,10796.07,0,manual,
HCVAT_3291C7A4C0346D44,210,1,commons_89189583.jpg,eeb2b09f92eaeff88fcaabb76e313179e2afcbfc72ebc78a921eea1872787fa2,door,door,structure,intact,no_visible_damage,771.34,656.83,963.11,804.80,191.77,147.97,28376.21,0,manual,
HCVAT_438BBB217D99281F,210,2,commons_89189583.jpg,eeb2b09f92eaeff88fcaabb76e313179e2afcbfc72ebc78a921eea1872787fa2,wheel_tire,wheel_tire,mobility,intact,no_visible_damage,500.53,731.60,743.44,973.89,242.91,242.29,58854.66,0,manual,
HCVAT_1A36976C322DFCB0,210,3,commons_89189583.jpg,eeb2b09f92eaeff88fcaabb76e313179e2afcbfc72ebc78a921eea1872787fa2,wheel_tire,wheel_tire,mobility,intact,no_visible_damage,1123.07,709.76,1279.29,887.15,156.22,177.39,27711.87,0,manual,
HCVAT_E90FD42225025A32,210,4,commons_89189583.jpg,eeb2b09f92eaeff88fcaabb76e313179e2afcbfc72ebc78a921eea1872787fa2,door,door,structure,intact,no_visible_damage,959.82,554.37,1096.25,794.35,136.43,239.98,32740.47,0,manual,
HCVAT_4A88340A0EE6E515,211,1,commons_89191939.jpg,4d787f5cf2add46254bb7c1553edc5c4f152c38db630b16d9eeb733947e5ff22,weapons_station,weapon_station,mission_equipment,intact,no_visible_damage,424.22,284.13,869.67,426.39,445.45,142.26,63369.72,0,manual,
HCVAT_889D3BB34ACAE23A,211,2,commons_89191939.jpg,4d787f5cf2add46254bb7c1553edc5c4f152c38db630b16d9eeb733947e5ff22,engine_bay,engine_bay,structure,intact,no_visible_damage,386.12,513.26,788.40,604.15,402.28,90.89,36563.23,0,manual,
HCVAT_DC33213E77D3B8F2,211,3,commons_89191939.jpg,4d787f5cf2add46254bb7c1553edc5c4f152c38db630b16d9eeb733947e5ff22,wheel_tire,wheel_tire,mobility,intact,no_visible_damage,675.46,572.96,809.92,718.71,134.46,145.75,19597.54,0,manual,
HCVAT_AB19DE5C313ACA08,211,4,commons_89191939.jpg,4d787f5cf2add46254bb7c1553edc5c4f152c38db630b16d9eeb733947e5ff22,wheel_tire,wheel_tire,mobility,intact,no_visible_damage,381.28,590.70,473.78,715.48,92.50,124.78,11542.15,0,manual,
HCVAT_01017B9CA5EBE988,211,5,commons_89191939.jpg,4d787f5cf2add46254bb7c1553edc5c4f152c38db630b16d9eeb733947e5ff22,comms_equipment,comms_equipment,mission_equipment,intact,no_visible_damage,429.14,420.75,468.00,518.64,38.86,97.89,3804.01,0,manual,
HCVAT_5EF797D655C85167,211,6,commons_89191939.jpg,4d787f5cf2add46254bb7c1553edc5c4f152c38db630b16d9eeb733947e5ff22,windshield,windshield,structure,intact,no_visible_damage,422.69,421.83,795.40,512.72,372.71,90.89,33875.61,0,manual,
HCVAT_269E7BC01A9383A4,212,1,commons_89191943.jpg,8359bb31c49491b4213ab58a182228bc5b6cd067142509614cebf82c15abcf3f,door,door,structure,intact,no_visible_damage,438.34,487.47,517.72,631.91,79.38,144.44,11465.65,0,manual,
HCVAT_551266443E8C836F,212,2,commons_89191943.jpg,8359bb31c49491b4213ab58a182228bc5b6cd067142509614cebf82c15abcf3f,wheel_tire,wheel_tire,mobility,intact,no_visible_damage,125.73,631.97,166.55,697.96,40.82,65.99,2693.71,0,manual,
HCVAT_034B71E7263EA42E,212,3,commons_89191943.jpg,8359bb31c49491b4213ab58a182228bc5b6cd067142509614cebf82c15abcf3f,door,door,structure,intact,no_visible_damage,516.75,485.81,600.03,624.10,83.28,138.29,11516.79,0,manual,
HCVAT_1C7F3DC25311E0B7,212,4,commons_89191943.jpg,8359bb31c49491b4213ab58a182228bc5b6cd067142509614cebf82c15abcf3f,weapons_station,weapon_station,mission_equipment,intact,no_visible_damage,264.13,388.57,575.89,487.24,311.76,98.67,30761.36,0,manual,
HCVAT_FB88FB41FAC9F1DE,212,5,commons_89191943.jpg,8359bb31c49491b4213ab58a182228bc5b6cd067142509614cebf82c15abcf3f,door,door,structure,intact,no_visible_damage,965.62,477.52,1041.95,645.69,76.33,168.17,12836.42,0,manual,
HCVAT_6E1A4E4A0BA3C445,212,6,commons_89191943.jpg,8359bb31c49491b4213ab58a182228bc5b6cd067142509614cebf82c15abcf3f,wheel_tire,wheel_tire,mobility,intact,no_visible_damage,1493.99,567.37,1533.35,628.99,39.36,61.62,2425.36,0,manual,
HCVAT_FA8D96E77F9F3841,212,7,commons_89191943.jpg,8359bb31c49491b4213ab58a182228bc5b6cd067142509614cebf82c15abcf3f,wheel_tire,wheel_tire,mobility,intact,no_visible_damage,1110.73,605.54,1220.07,685.40,109.34,79.86,8731.89,0,manual,
HCVAT_63E87828D0C20C58,212,8,commons_89191943.jpg,8359bb31c49491b4213ab58a182228bc5b6cd067142509614cebf82c15abcf3f,comms_equipment,comms_equipment,mission_equipment,intact,no_visible_damage,227.94,490.16,255.01,558.53,27.07,68.37,1850.78,0,manual,
HCVAT_2838486411C42AAE,212,9,commons_89191943.jpg,8359bb31c49491b4213ab58a182228bc5b6cd067142509614cebf82c15abcf3f,wheel_tire,wheel_tire,mobility,intact,no_visible_damage,283.28,590.32,391.32,714.52,108.04,124.20,13418.57,0,manual,
HCVAT_F1B6C4AE3C5C5740,212,10,commons_89191943.jpg,8359bb31c49491b4213ab58a182228bc5b6cd067142509614cebf82c15abcf3f,wheel_tire,wheel_tire,mobility,intact,no_visible_damage,824.08,627.00,940.57,740.71,116.49,113.71,13246.08,0,manual,
HCVAT_7367B00B301388A6,212,11,commons_89191943.jpg,8359bb31c49491b4213ab58a182228bc5b6cd067142509614cebf82c15abcf3f,windshield,windshield,structure,intact,no_visible_damage,239.81,477.21,434.17,556.18,194.36,78.97,15348.61,0,manual,
HCVAT_1CEFCA281C6B73A2,212,12,commons_89191943.jpg,8359bb31c49491b4213ab58a182228bc5b6cd067142509614cebf82c15abcf3f,wheel_tire,wheel_tire,mobility,intact,no_visible_damage,584.63,571.46,648.97,670.76,64.34,99.30,6388.96,0,manual,
HCVAT_7BFEDDB0E600B732,212,13,commons_89191943.jpg,8359bb31c49491b4213ab58a182228bc5b6cd067142509614cebf82c15abcf3f,engine_bay,engine_bay,structure,intact,no_visible_damage,116.26,544.87,422.90,633.01,306.64,88.14,27027.25,0,manual,
HCVAT_172BED49EADA2019,212,14,commons_89191943.jpg,8359bb31c49491b4213ab58a182228bc5b6cd067142509614cebf82c15abcf3f,door,door,structure,intact,no_visible_damage,1095.63,470.36,1164.80,634.16,69.17,163.80,11330.05,0,manual,
HCVAT_768AB51D287C3185,213,1,commons_89195225.jpg,fc00d2ce5830c58924e90478d166fe841d2db419282151bab74bc32e6ac0c485,door,door,structure,intact,no_visible_damage,457.72,588.35,600.63,779.17,142.91,190.82,27270.09,0,manual,
HCVAT_8BB3C1DEF4B79822,213,2,commons_89195225.jpg,fc00d2ce5830c58924e90478d166fe841d2db419282151bab74bc32e6ac0c485,weapons_station,weapon_station,mission_equipment,intact,no_visible_damage,566.64,485.60,804.97,568.27,238.33,82.67,19702.74,0,manual,
HCVAT_7C6529F1C3C3DA17,213,3,commons_89195225.jpg,fc00d2ce5830c58924e90478d166fe841d2db419282151bab74bc32e6ac0c485,door,door,structure,intact,no_visible_damage,749.35,583.72,822.35,765.26,73.00,181.54,13252.42,0,manual,
HCVAT_221B37BA63592791,213,4,commons_89195225.jpg,fc00d2ce5830c58924e90478d166fe841d2db419282151bab74bc32e6ac0c485,wheel_tire,wheel_tire,mobility,unknown,unobservable,436.80,824.91,536.52,890.97,99.72,66.06,6587.50,0,manual,
HCVAT_C2820417584A4B68,213,5,commons_89195225.jpg,fc00d2ce5830c58924e90478d166fe841d2db419282151bab74bc32e6ac0c485,wheel_tire,wheel_tire,mobility,intact,no_visible_damage,705.17,755.52,791.21,887.23,86.04,131.71,11332.33,0,manual,
HCVAT_C2073B26278EEE9F,213,6,commons_89195225.jpg,fc00d2ce5830c58924e90478d166fe841d2db419282151bab74bc32e6ac0c485,door,door,structure,intact,no_visible_damage,823.51,584.49,905.01,761.78,81.50,177.29,14449.13,0,manual,
HCVAT_50D519C8481B4708,213,7,commons_89195225.jpg,fc00d2ce5830c58924e90478d166fe841d2db419282151bab74bc32e6ac0c485,wheel_tire,wheel_tire,mobility,intact,no_visible_damage,910.00,737.24,995.22,863.13,85.22,125.89,10728.35,0,manual,
HCVAT_3734B2AC68D18762,214,1,commons_89195236.jpg,a6ebc000b726ded806c292d65fe55a62e4531ab7692f1c5df0cb81b1d83dd5ec,wheel_tire,wheel_tire,mobility,intact,no_visible_damage,848.44,828.40,916.60,904.85,68.16,76.45,5210.83,0,manual,
HCVAT_4BC7EFE45BF9AA3F,214,2,commons_89195236.jpg,a6ebc000b726ded806c292d65fe55a62e4531ab7692f1c5df0cb81b1d83dd5ec,engine_bay,engine_bay,structure,intact,no_visible_damage,847.70,786.60,1087.95,838.57,240.25,51.97,12485.79,0,manual,
HCVAT_6B2463DD1BA3F3C7,214,3,commons_89195236.jpg,a6ebc000b726ded806c292d65fe55a62e4531ab7692f1c5df0cb81b1d83dd5ec,door,door,structure,intact,no_visible_damage,1093.93,752.67,1137.52,851.39,43.59,98.72,4303.20,0,manual,
HCVAT_DF80F15CA572A67B,214,4,commons_89195236.jpg,a6ebc000b726ded806c292d65fe55a62e4531ab7692f1c5df0cb81b1d83dd5ec,door,door,structure,intact,no_visible_damage,1134.04,755.06,1174.14,842.89,40.10,87.83,3521.98,0,manual,
HCVAT_B731C8BFF19050D7,214,5,commons_89195236.jpg,a6ebc000b726ded806c292d65fe55a62e4531ab7692f1c5df0cb81b1d83dd5ec,weapons_station,weapon_station,mission_equipment,intact,no_visible_damage,1061.59,712.78,1106.40,741.80,44.81,29.02,1300.39,0,manual,
HCVAT_C45E1A580B01F7A4,214,6,commons_89195236.jpg,a6ebc000b726ded806c292d65fe55a62e4531ab7692f1c5df0cb81b1d83dd5ec,windshield,windshield,structure,intact,no_visible_damage,926.77,740.65,1091.00,789.60,164.23,48.95,8039.06,0,manual,
HCVAT_8ECD6165BF05A4C5,214,7,commons_89195236.jpg,a6ebc000b726ded806c292d65fe55a62e4531ab7692f1c5df0cb81b1d83dd5ec,wheel_tire,wheel_tire,mobility,intact,no_visible_damage,995.31,827.27,1066.49,902.97,71.18,75.70,5388.33,0,manual,
HCVAT_EB33D8674E952AA7,215,1,commons_93665861.jpg,7ff3a3adee653ae3cf2d22ed8673caf59aa072bc819005ddaecc193b061b3416,comms_equipment,comms_equipment,mission_equipment,intact,no_visible_damage,1541.29,315.84,1587.09,381.99,45.80,66.15,3029.67,0,manual,
HCVAT_D67328A313825ED6,215,2,commons_93665861.jpg,7ff3a3adee653ae3cf2d22ed8673caf59aa072bc819005ddaecc193b061b3416,comms_equipment,comms_equipment,mission_equipment,intact,no_visible_damage,1130.93,262.41,1204.35,399.80,73.42,137.39,10087.17,0,manual,
HCVAT_519BE921C3A63356,215,3,commons_93665861.jpg,7ff3a3adee653ae3cf2d22ed8673caf59aa072bc819005ddaecc193b061b3416,engine_bay,engine_bay,structure,intact,no_visible_damage,468.79,339.24,1167.67,654.59,698.88,315.35,220391.81,0,manual,
HCVAT_CA8C51057B755E18,215,4,commons_93665861.jpg,7ff3a3adee653ae3cf2d22ed8673caf59aa072bc819005ddaecc193b061b3416,wheel_tire,wheel_tire,mobility,intact,no_visible_damage,175.01,481.06,310.59,700.85,135.58,219.79,29799.13,0,manual,
HCVAT_47BCF100ADA8CDA9,215,5,commons_93665861.jpg,7ff3a3adee653ae3cf2d22ed8673caf59aa072bc819005ddaecc193b061b3416,wheel_tire,wheel_tire,mobility,intact,no_visible_damage,502.50,533.85,787.94,896.07,285.44,362.22,103392.08,0,manual,
HCVAT_800DFB5026FAAEA7,215,6,commons_93665861.jpg,7ff3a3adee653ae3cf2d22ed8673caf59aa072bc819005ddaecc193b061b3416,door,door,structure,intact,no_visible_damage,1360.10,335.07,1468.96,377.46,108.86,42.39,4614.58,0,manual,
HCVAT_CF2A30CCB9F29B22,215,7,commons_93665861.jpg,7ff3a3adee653ae3cf2d22ed8673caf59aa072bc819005ddaecc193b061b3416,door,door,structure,intact,no_visible_damage,339.56,231.03,463.09,614.69,123.53,383.66,47393.52,0,manual,
HCVAT_233445865D447AEC,215,8,commons_93665861.jpg,7ff3a3adee653ae3cf2d22ed8673caf59aa072bc819005ddaecc193b061b3416,wheel_tire,wheel_tire,mobility,unknown,unobservable,1416.57,598.09,1553.64,647.33,137.07,49.24,6749.33,0,manual,
HCVAT_9D2BBB58015B19BE,215,9,commons_93665861.jpg,7ff3a3adee653ae3cf2d22ed8673caf59aa072bc819005ddaecc193b061b3416,door,door,structure,intact,no_visible_damage,1028.73,304.71,1161.20,449.69,132.47,144.98,19205.50,0,manual,
HCVAT_8A73F2F984C3771B,215,10,commons_93665861.jpg,7ff3a3adee653ae3cf2d22ed8673caf59aa072bc819005ddaecc193b061b3416,windshield,windshield,structure,intact,no_visible_damage,1159.06,294.77,1351.72,376.42,192.66,81.65,15730.69,0,manual,
HCVAT_5FAB75BD15B2B479,215,11,commons_93665861.jpg,7ff3a3adee653ae3cf2d22ed8673caf59aa072bc819005ddaecc193b061b3416,engine_bay,engine_bay,structure,intact,no_visible_damage,1169.65,368.01,1579.98,563.08,410.33,195.07,80043.07,0,manual,
HCVAT_47B885FFC7E3508D,215,12,commons_93665861.jpg,7ff3a3adee653ae3cf2d22ed8673caf59aa072bc819005ddaecc193b061b3416,wheel_tire,wheel_tire,mobility,intact,no_visible_damage,1198.21,481.06,1419.49,691.57,221.28,210.51,46581.65,0,manual,
HCVAT_D2BE7477D15671F9,215,13,commons_93665861.jpg,7ff3a3adee653ae3cf2d22ed8673caf59aa072bc819005ddaecc193b061b3416,windshield,windshield,structure,intact,no_visible_damage,1479.38,327.74,1572.07,384.79,92.69,57.05,5287.96,0,manual,
HCVAT_BE3E8E6BBEC1A515,215,14,commons_93665861.jpg,7ff3a3adee653ae3cf2d22ed8673caf59aa072bc819005ddaecc193b061b3416,windshield,windshield,structure,intact,no_visible_damage,500.10,202.13,905.26,345.01,405.16,142.88,57889.26,0,manual,
HCVAT_5C35091854B551E0,215,15,commons_93665861.jpg,7ff3a3adee653ae3cf2d22ed8673caf59aa072bc819005ddaecc193b061b3416,wheel_tire,wheel_tire,mobility,unknown,unobservable,942.75,697.99,1156.89,777.91,214.14,79.92,17114.07,0,manual,
HCVAT_C6710FD55F502468,215,16,commons_93665861.jpg,7ff3a3adee653ae3cf2d22ed8673caf59aa072bc819005ddaecc193b061b3416,comms_equipment,comms_equipment,mission_equipment,intact,no_visible_damage,1451.51,308.57,1500.94,396.17,49.43,87.60,4330.07,0,manual,
HCVAT_8529D565422FEE6A,215,17,commons_93665861.jpg,7ff3a3adee653ae3cf2d22ed8673caf59aa072bc819005ddaecc193b061b3416,comms_equipment,comms_equipment,mission_equipment,intact,no_visible_damage,427.29,152.65,541.13,388.28,113.84,235.63,26824.12,0,manual,
HCVAT_C857F40007512012,216,1,commons_93665883.jpg,8fe3360bbff7da6ee70e118b31c6c812d0c4701d4a0b50191f0866f6b5fb78ae,wheel_tire,wheel_tire,mobility,unknown,unobservable,1476.93,606.59,1577.80,667.58,100.87,60.99,6152.06,0,manual,
HCVAT_C26D299EFA989EA7,216,2,commons_93665883.jpg,8fe3360bbff7da6ee70e118b31c6c812d0c4701d4a0b50191f0866f6b5fb78ae,wheel_tire,wheel_tire,mobility,intact,no_visible_damage,205.28,527.87,341.74,725.09,136.46,197.22,26912.64,0,manual,
HCVAT_06B9546BBA493DDA,216,3,commons_93665883.jpg,8fe3360bbff7da6ee70e118b31c6c812d0c4701d4a0b50191f0866f6b5fb78ae,engine_bay,engine_bay,structure,intact,no_visible_damage,218.15,441.81,286.95,483.10,68.80,41.29,2840.75,0,manual,
HCVAT_9480EE580502CB89,216,4,commons_93665883.jpg,8fe3360bbff7da6ee70e118b31c6c812d0c4701d4a0b50191f0866f6b5fb78ae,door,door,structure,intact,no_visible_damage,305.59,333.90,403.10,606.19,97.51,272.29,26551.00,0,manual,
HCVAT_29C15E302B96017F,216,5,commons_93665883.jpg,8fe3360bbff7da6ee70e118b31c6c812d0c4701d4a0b50191f0866f6b5fb78ae,wheel_tire,wheel_tire,mobility,intact,no_visible_damage,887.03,679.25,1091.18,770.40,204.15,91.15,18608.27,0,manual,
HCVAT_F5E4E3435A35DF4B,216,6,commons_93665883.jpg,8fe3360bbff7da6ee70e118b31c6c812d0c4701d4a0b50191f0866f6b5fb78ae,wheel_tire,wheel_tire,mobility,intact,no_visible_damage,558.68,561.98,787.88,868.48,229.20,306.50,70249.80,0,manual,
HCVAT_FE07B8EC4AB4385D,216,7,commons_93665883.jpg,8fe3360bbff7da6ee70e118b31c6c812d0c4701d4a0b50191f0866f6b5fb78ae,wheel_tire,wheel_tire,mobility,intact,no_visible_damage,1236.69,494.82,1482.95,718.16,246.26,223.34,54999.71,0,manual,
HCVAT_10A442F3E893B561,216,8,commons_93665883.jpg,8fe3360bbff7da6ee70e118b31c6c812d0c4701d4a0b50191f0866f6b5fb78ae,door,door,structure,intact,no_visible_damage,990.42,217.07,1134.92,507.26,144.50,290.19,41932.46,0,manual,
HCVAT_A3BACFF7F20CDA10,217,1,commons_93671970.jpg,f6e8800a42326659466bbb51a44f22fefe44c8be45e249dc182a378a45b3edbd,engine_bay,engine_bay,structure,intact,no_visible_damage,652.49,435.58,1412.38,778.83,759.89,343.25,260832.24,0,manual,
HCVAT_3262C76817176139,217,2,commons_93671970.jpg,f6e8800a42326659466bbb51a44f22fefe44c8be45e249dc182a378a45b3edbd,wheel_tire,wheel_tire,mobility,intact,no_visible_damage,263.41,588.77,423.85,843.60,160.44,254.83,40884.93,0,manual,
HCVAT_4F08D663429F1BE0,217,3,commons_93671970.jpg,f6e8800a42326659466bbb51a44f22fefe44c8be45e249dc182a378a45b3edbd,door,door,structure,intact,no_visible_damage,471.76,329.17,616.30,760.31,144.54,431.14,62316.98,0,manual,
HCVAT_275A97BFC66E48F7,217,4,commons_93671970.jpg,f6e8800a42326659466bbb51a44f22fefe44c8be45e249dc182a378a45b3edbd,comms_equipment,comms_equipment,mission_equipment,intact,no_visible_damage,568.59,258.00,694.38,509.58,125.79,251.58,31646.25,0,manual,
HCVAT_FFD2B556D5121554,217,5,commons_93671970.jpg,f6e8800a42326659466bbb51a44f22fefe44c8be45e249dc182a378a45b3edbd,windshield,windshield,structure,intact,no_visible_damage,649.09,304.14,1106.02,457.31,456.93,153.17,69987.97,0,manual,
HCVAT_DB7E1865827F05E3,217,6,commons_93671970.jpg,f6e8800a42326659466bbb51a44f22fefe44c8be45e249dc182a378a45b3edbd,wheel_tire,wheel_tire,mobility,intact,no_visible_damage,678.67,654.05,1001.92,1056.73,323.25,402.68,130166.31,0,manual,
HCVAT_4C4E3075FFE6C1D4,217,7,commons_93671970.jpg,f6e8800a42326659466bbb51a44f22fefe44c8be45e249dc182a378a45b3edbd,weapons_station,weapon_station,mission_equipment,intact,no_visible_damage,595.45,52.17,936.48,284.49,341.03,232.32,79228.09,0,manual,
HCVAT_A5B9AF06F6966C2C,218,1,commons_93671971.jpg,d48ab7224545a05b585892f00f3f92d9422975196c76bf3a8ffd19a2e4da2b7f,door,door,structure,intact,no_visible_damage,1107.61,744.74,1233.95,1067.00,126.34,322.26,40714.33,0,manual,
HCVAT_E71E455915D41B46,218,2,commons_93671971.jpg,d48ab7224545a05b585892f00f3f92d9422975196c76bf3a8ffd19a2e4da2b7f,door,door,structure,intact,no_visible_damage,1234.14,782.93,1311.06,1067.00,76.92,284.07,21850.66,0,manual,
HCVAT_B9C0552B74CB310B,218,3,commons_93671971.jpg,d48ab7224545a05b585892f00f3f92d9422975196c76bf3a8ffd19a2e4da2b7f,door,door,structure,intact,no_visible_damage,0.00,766.27,126.04,1067.00,126.04,300.73,37904.01,0,manual,
HCVAT_0F304355E34AB82D,218,4,commons_93671971.jpg,d48ab7224545a05b585892f00f3f92d9422975196c76bf3a8ffd19a2e4da2b7f,weapons_station,weapon_station,mission_equipment,intact,no_visible_damage,157.67,431.57,596.58,691.57,438.91,260.00,114116.60,0,manual,
HCVAT_887BA6694AFE4C5F,219,1,commons_93749947.jpg,3bb34c1106c4fdef9cdbf341020a798a5f89e292bc9e23bf84679364d45eef31,door,door,structure,intact,no_visible_damage,1152.52,280.23,1293.73,392.13,141.21,111.90,15801.40,0,manual,
HCVAT_738AF220319B7D42,219,2,commons_93749947.jpg,3bb34c1106c4fdef9cdbf341020a798a5f89e292bc9e23bf84679364d45eef31,windshield,windshield,structure,intact,no_visible_damage,513.04,162.37,981.10,303.56,468.06,141.19,66085.39,0,manual,
HCVAT_50287ED76C3D381E,219,3,commons_93749947.jpg,3bb34c1106c4fdef9cdbf341020a798a5f89e292bc9e23bf84679364d45eef31,engine_bay,engine_bay,structure,intact,no_visible_damage,1353.74,348.46,1600.00,446.90,246.26,98.44,24241.83,0,manual,
HCVAT_7C828E174CB6F148,219,4,commons_93749947.jpg,3bb34c1106c4fdef9cdbf341020a798a5f89e292bc9e23bf84679364d45eef31,weapons_station,weapon_station,mission_equipment,intact,no_visible_damage,378.56,54.29,818.22,178.65,439.66,124.36,54676.12,0,manual,
HCVAT_E5378EF4D12A9D80,219,5,commons_93749947.jpg,3bb34c1106c4fdef9cdbf341020a798a5f89e292bc9e23bf84679364d45eef31,wheel_tire,wheel_tire,mobility,intact,no_visible_damage,560.15,500.61,842.52,894.50,282.37,393.89,111222.72,0,manual,
HCVAT_D553F87E33480C13,219,6,commons_93749947.jpg,3bb34c1106c4fdef9cdbf341020a798a5f89e292bc9e23bf84679364d45eef31,engine_bay,engine_bay,structure,intact,no_visible_damage,552.24,283.42,1296.41,598.67,744.17,315.25,234599.59,0,manual,
HCVAT_5476667F1F62A2DC,219,7,commons_93749947.jpg,3bb34c1106c4fdef9cdbf341020a798a5f89e292bc9e23bf84679364d45eef31,windshield,windshield,structure,intact,no_visible_damage,1308.59,270.82,1521.88,339.30,213.29,68.48,14606.10,0,manual,
HCVAT_E948FD5E707360CF,219,8,commons_93749947.jpg,3bb34c1106c4fdef9cdbf341020a798a5f89e292bc9e23bf84679364d45eef31,wheel_tire,wheel_tire,mobility,intact,no_visible_damage,272.93,454.23,399.51,676.27,126.58,222.04,28105.82,0,manual,
HCVAT_7A7F0DB220610387,219,9,commons_93749947.jpg,3bb34c1106c4fdef9cdbf341020a798a5f89e292bc9e23bf84679364d45eef31,wheel_tire,wheel_tire,mobility,intact,no_visible_damage,1366.64,473.30,1582.80,669.05,216.16,195.75,42313.32,0,manual,
HCVAT_F3C14288FC553CD6,220,1,commons_93750001.jpg,35650408eb3a4e985fcae676c6de9c3f1bcec999d475e470698b03745d4e482f,wheel_tire,wheel_tire,mobility,intact,no_visible_damage,1167.30,442.70,1314.58,656.78,147.28,214.08,31529.70,0,manual,
HCVAT_43AD4CC0584B2CEB,220,2,commons_93750001.jpg,35650408eb3a4e985fcae676c6de9c3f1bcec999d475e470698b03745d4e482f,wheel_tire,wheel_tire,mobility,intact,no_visible_damage,617.56,482.95,895.85,826.32,278.29,343.37,95556.44,0,manual,
HCVAT_1CFE125FFA58E5F2,221,1,commons_98159687.jpg,43ec8a802e992dd09eb09ed18a3a61c518af4392a4c56ebd97144c82772c7c76,wheel_tire,wheel_tire,mobility,intact,no_visible_damage,752.12,639.46,874.09,827.22,121.97,187.76,22901.09,0,manual,
HCVAT_509D60C8EE043EA5,221,2,commons_98159687.jpg,43ec8a802e992dd09eb09ed18a3a61c518af4392a4c56ebd97144c82772c7c76,windshield,windshield,structure,intact,no_visible_damage,64.83,516.62,464.24,611.15,399.41,94.53,37756.23,0,manual,
HCVAT_07D940B1967BFB43,221,3,commons_98159687.jpg,43ec8a802e992dd09eb09ed18a3a61c518af4392a4c56ebd97144c82772c7c76,wheel_tire,wheel_tire,mobility,intact,no_visible_damage,66.32,707.64,158.44,897.73,92.12,190.09,17511.09,0,manual,
HCVAT_89EBC91E932DD7C4,221,4,commons_98159687.jpg,43ec8a802e992dd09eb09ed18a3a61c518af4392a4c56ebd97144c82772c7c76,wheel_tire,wheel_tire,mobility,intact,no_visible_damage,644.53,627.12,745.95,784.73,101.42,157.61,15984.81,0,manual,
HCVAT_01F9C27DBF8FE912,221,5,commons_98159687.jpg,43ec8a802e992dd09eb09ed18a3a61c518af4392a4c56ebd97144c82772c7c76,wheel_tire,wheel_tire,mobility,intact,no_visible_damage,872.04,651.79,1048.15,882.04,176.11,230.25,40549.33,0,manual,
HCVAT_3EE589CA7B775A15,221,6,commons_98159687.jpg,43ec8a802e992dd09eb09ed18a3a61c518af4392a4c56ebd97144c82772c7c76,wheel_tire,wheel_tire,mobility,intact,no_visible_damage,1203.61,737.03,1375.66,829.09,172.05,92.06,15838.92,0,manual,
HCVAT_5528C6B58F305CCC,221,7,commons_98159687.jpg,43ec8a802e992dd09eb09ed18a3a61c518af4392a4c56ebd97144c82772c7c76,engine_bay,engine_bay,structure,intact,no_visible_damage,65.54,610.44,538.16,733.39,472.62,122.95,58108.63,0,manual,
HCVAT_2FC9519D121787C8,221,8,commons_98159687.jpg,43ec8a802e992dd09eb09ed18a3a61c518af4392a4c56ebd97144c82772c7c76,comms_equipment,comms_equipment,mission_equipment,intact,no_visible_damage,78.57,614.69,122.79,624.43,44.22,9.74,430.70,0,manual,
HCVAT_3702074F21553E5E,221,9,commons_98159687.jpg,43ec8a802e992dd09eb09ed18a3a61c518af4392a4c56ebd97144c82772c7c76,wheel_tire,wheel_tire,mobility,intact,no_visible_damage,576.77,617.61,650.37,756.54,73.60,138.93,10225.25,0,manual,
HCVAT_F8DBF6987FCC8C84,221,10,commons_98159687.jpg,43ec8a802e992dd09eb09ed18a3a61c518af4392a4c56ebd97144c82772c7c76,wheel_tire,wheel_tire,mobility,intact,no_visible_damage,438.96,696.59,537.39,841.47,98.43,144.88,14260.54,0,manual,
HCVAT_E6A10F784D08D283,222,1,commons_9831442.jpg,effe2cd2dad6ed87363dd3e7404f3aa4c324a8dbea94cb565d6de661d05486d2,wheel_tire,wheel_tire,mobility,intact,no_visible_damage,749.36,730.42,815.12,834.85,65.76,104.43,6867.32,0,manual,
HCVAT_B7380A914B87AA4A,222,2,commons_9831442.jpg,effe2cd2dad6ed87363dd3e7404f3aa4c324a8dbea94cb565d6de661d05486d2,weapons_station,weapon_station,mission_equipment,intact,no_visible_damage,508.61,476.82,749.75,610.33,241.14,133.51,32194.60,0,manual,
HCVAT_4FA8DE58A0520E8F,222,3,commons_9831442.jpg,effe2cd2dad6ed87363dd3e7404f3aa4c324a8dbea94cb565d6de661d05486d2,door,door,structure,intact,no_visible_damage,490.35,623.49,514.29,751.97,23.94,128.48,3075.81,0,manual,
HCVAT_7AF88DB3C8D96905,222,4,commons_9831442.jpg,effe2cd2dad6ed87363dd3e7404f3aa4c324a8dbea94cb565d6de661d05486d2,door,door,structure,intact,no_visible_damage,470.91,626.17,493.56,748.35,22.65,122.18,2767.38,0,manual,
HCVAT_9C3CCFA25A497999,222,5,commons_9831442.jpg,effe2cd2dad6ed87363dd3e7404f3aa4c324a8dbea94cb565d6de661d05486d2,wheel_tire,wheel_tire,mobility,intact,no_visible_damage,459.00,708.59,502.60,803.10,43.60,94.51,4120.64,0,manual,
HCVAT_5D2A169C9FF708B8,222,6,commons_9831442.jpg,effe2cd2dad6ed87363dd3e7404f3aa4c324a8dbea94cb565d6de661d05486d2,comms_equipment,comms_equipment,mission_equipment,intact,no_visible_damage,527.81,598.40,553.41,672.00,25.60,73.60,1884.16,0,manual,
HCVAT_A1FA8F3C7F5BE1AE,222,7,commons_9831442.jpg,effe2cd2dad6ed87363dd3e7404f3aa4c324a8dbea94cb565d6de661d05486d2,windshield,windshield,structure,intact,no_visible_damage,513.20,608.63,765.93,673.93,252.73,65.30,16503.27,0,manual,
HCVAT_11290E71D1C11E20,222,8,commons_9831442.jpg,effe2cd2dad6ed87363dd3e7404f3aa4c324a8dbea94cb565d6de661d05486d2,wheel_tire,wheel_tire,mobility,intact,no_visible_damage,528.41,725.41,588.18,841.32,59.77,115.91,6927.94,0,manual,
HCVAT_3448A73FC27FE380,222,9,commons_9831442.jpg,effe2cd2dad6ed87363dd3e7404f3aa4c324a8dbea94cb565d6de661d05486d2,engine_bay,engine_bay,structure,intact,no_visible_damage,524.54,672.52,818.11,742.80,293.57,70.28,20632.10,0,manual,
HCVAT_3D4AD1D090C0CAA5,223,1,commons_98904388.jpg,fe1456872758e0789ed500972c279091eb492eff80ed267e3e8c1a7c11cc39e7,wheel_tire,wheel_tire,mobility,intact,no_visible_damage,1512.70,631.52,1526.97,648.65,14.27,17.13,244.45,0,manual,
HCVAT_8AA720AE5AC722F7,223,2,commons_98904388.jpg,fe1456872758e0789ed500972c279091eb492eff80ed267e3e8c1a7c11cc39e7,wheel_tire,wheel_tire,mobility,intact,no_visible_damage,1532.08,625.11,1545.22,640.20,13.14,15.09,198.28,0,manual,
HCVAT_F42C1F19F67FEB32,223,3,commons_98904388.jpg,fe1456872758e0789ed500972c279091eb492eff80ed267e3e8c1a7c11cc39e7,engine_bay,engine_bay,structure,intact,no_visible_damage,133.85,592.70,686.28,711.11,552.43,118.41,65413.24,0,manual,
HCVAT_B26ACE635CB70D13,223,4,commons_98904388.jpg,fe1456872758e0789ed500972c279091eb492eff80ed267e3e8c1a7c11cc39e7,wheel_tire,wheel_tire,mobility,intact,no_visible_damage,1064.13,641.45,1111.23,709.21,47.10,67.76,3191.50,0,manual,
HCVAT_7D0B8005C70FDB4D,223,5,commons_98904388.jpg,fe1456872758e0789ed500972c279091eb492eff80ed267e3e8c1a7c11cc39e7,wheel_tire,wheel_tire,mobility,intact,no_visible_damage,140.58,710.01,317.42,868.68,176.84,158.67,28059.20,0,manual,
HCVAT_62411EA2F1DF8847,223,6,commons_98904388.jpg,fe1456872758e0789ed500972c279091eb492eff80ed267e3e8c1a7c11cc39e7,windshield,windshield,structure,intact,no_visible_damage,1348.29,558.07,1372.55,591.00,24.26,32.93,798.88,0,manual,
HCVAT_EB98EB2D8056F66F,223,7,commons_98904388.jpg,fe1456872758e0789ed500972c279091eb492eff80ed267e3e8c1a7c11cc39e7,weapons_station,weapon_station,mission_equipment,intact,no_visible_damage,1286.19,522.27,1355.19,551.88,69.00,29.61,2043.09,0,manual,
HCVAT_BEB8C7A29FF7B0C6,223,8,commons_98904388.jpg,fe1456872758e0789ed500972c279091eb492eff80ed267e3e8c1a7c11cc39e7,wheel_tire,wheel_tire,mobility,intact,no_visible_damage,855.41,656.74,968.26,818.72,112.85,161.98,18279.44,0,manual,
HCVAT_4776EF2E2AB946C2,223,9,commons_98904388.jpg,fe1456872758e0789ed500972c279091eb492eff80ed267e3e8c1a7c11cc39e7,weapons_station,weapon_station,mission_equipment,intact,no_visible_damage,1169.64,504.61,1285.64,541.83,116.00,37.22,4317.52,0,manual,
HCVAT_26F4930911D29B29,223,10,commons_98904388.jpg,fe1456872758e0789ed500972c279091eb492eff80ed267e3e8c1a7c11cc39e7,wheel_tire,wheel_tire,mobility,intact,no_visible_damage,1564.74,609.26,1580.13,637.12,15.39,27.86,428.77,0,manual,
HCVAT_C9D405F10EC8B950,223,11,commons_98904388.jpg,fe1456872758e0789ed500972c279091eb492eff80ed267e3e8c1a7c11cc39e7,wheel_tire,wheel_tire,mobility,intact,no_visible_damage,1346.31,620.79,1371.97,684.01,25.66,63.22,1622.23,0,manual,
HCVAT_547F4B37A11485D8,223,12,commons_98904388.jpg,fe1456872758e0789ed500972c279091eb492eff80ed267e3e8c1a7c11cc39e7,engine_bay,engine_bay,structure,intact,no_visible_damage,1405.23,588.45,1477.28,618.27,72.05,29.82,2148.53,0,manual,
HCVAT_DF2DA5B6466FE4A9,223,13,commons_98904388.jpg,fe1456872758e0789ed500972c279091eb492eff80ed267e3e8c1a7c11cc39e7,windshield,windshield,structure,intact,no_visible_damage,1116.11,549.61,1289.15,589.34,173.04,39.73,6874.88,0,manual,
HCVAT_6C055605644B8D80,223,14,commons_98904388.jpg,fe1456872758e0789ed500972c279091eb492eff80ed267e3e8c1a7c11cc39e7,engine_bay,engine_bay,structure,intact,no_visible_damage,1060.43,589.54,1293.24,637.91,232.81,48.37,11261.02,0,manual,
HCVAT_BD5AA24D8AA85E09,223,15,commons_98904388.jpg,fe1456872758e0789ed500972c279091eb492eff80ed267e3e8c1a7c11cc39e7,wheel_tire,wheel_tire,mobility,intact,no_visible_damage,1237.64,628.64,1283.55,715.00,45.91,86.36,3964.79,0,manual,
HCVAT_019E1BAFBED8C6B6,223,16,commons_98904388.jpg,fe1456872758e0789ed500972c279091eb492eff80ed267e3e8c1a7c11cc39e7,wheel_tire,wheel_tire,mobility,intact,no_visible_damage,1494.13,612.94,1510.15,653.60,16.02,40.66,651.37,0,manual,
HCVAT_F131FEB85725583A,223,17,commons_98904388.jpg,fe1456872758e0789ed500972c279091eb492eff80ed267e3e8c1a7c11cc39e7,windshield,windshield,structure,intact,no_visible_damage,356.98,493.60,686.23,591.75,329.25,98.15,32315.89,0,manual,
HCVAT_B4B7B01F97A10906,223,18,commons_98904388.jpg,fe1456872758e0789ed500972c279091eb492eff80ed267e3e8c1a7c11cc39e7,comms_equipment,comms_equipment,mission_equipment,intact,no_visible_damage,1100.83,539.41,1119.77,592.64,18.94,53.23,1008.18,0,manual,
HCVAT_54573F274C04DDAA,223,19,commons_98904388.jpg,fe1456872758e0789ed500972c279091eb492eff80ed267e3e8c1a7c11cc39e7,wheel_tire,wheel_tire,mobility,intact,no_visible_damage,1374.36,624.95,1402.56,673.95,28.20,49.00,1381.80,0,manual,
HCVAT_7C177BC65567C65A,223,20,commons_98904388.jpg,fe1456872758e0789ed500972c279091eb492eff80ed267e3e8c1a7c11cc39e7,comms_equipment,comms_equipment,mission_equipment,intact,no_visible_damage,322.10,474.79,367.42,593.07,45.32,118.28,5360.45,0,manual,
HCVAT_807350C84B31CFA5,223,21,commons_98904388.jpg,fe1456872758e0789ed500972c279091eb492eff80ed267e3e8c1a7c11cc39e7,door,door,structure,intact,no_visible_damage,707.45,495.83,814.47,743.19,107.02,247.36,26472.47,0,manual,
HCVAT_43349EF7BA7A99DC,223,22,commons_98904388.jpg,fe1456872758e0789ed500972c279091eb492eff80ed267e3e8c1a7c11cc39e7,wheel_tire,wheel_tire,mobility,intact,no_visible_damage,1447.39,616.78,1470.61,665.30,23.22,48.52,1126.63,0,manual,
HCVAT_6E3C88ADB3D497ED,223,23,commons_98904388.jpg,fe1456872758e0789ed500972c279091eb492eff80ed267e3e8c1a7c11cc39e7,windshield,windshield,structure,intact,no_visible_damage,1410.59,563.28,1472.91,588.60,62.32,25.32,1577.94,0,manual,
HCVAT_A45477CABA191F45,223,24,commons_98904388.jpg,fe1456872758e0789ed500972c279091eb492eff80ed267e3e8c1a7c11cc39e7,door,door,structure,intact,no_visible_damage,1300.69,554.17,1329.39,657.48,28.70,103.31,2965.00,0,manual,
HCVAT_3C1C1F58942B7885,223,25,commons_98904388.jpg,fe1456872758e0789ed500972c279091eb492eff80ed267e3e8c1a7c11cc39e7,wheel_tire,wheel_tire,mobility,intact,no_visible_damage,1307.47,626.57,1345.94,698.88,38.47,72.31,2781.77,0,manual,
HCVAT_D37F02BD8A0D212C,223,26,commons_98904388.jpg,fe1456872758e0789ed500972c279091eb492eff80ed267e3e8c1a7c11cc39e7,wheel_tire,wheel_tire,mobility,intact,no_visible_damage,1473.15,633.12,1493.50,658.90,20.35,25.78,524.62,0,manual,
HCVAT_835A5876E823BE02,223,27,commons_98904388.jpg,fe1456872758e0789ed500972c279091eb492eff80ed267e3e8c1a7c11cc39e7,weapons_station,weapon_station,mission_equipment,intact,no_visible_damage,1386.11,533.22,1458.43,556.49,72.32,23.27,1682.89,0,manual,
HCVAT_1C81B7C6332E1C11,223,28,commons_98904388.jpg,fe1456872758e0789ed500972c279091eb492eff80ed267e3e8c1a7c11cc39e7,wheel_tire,wheel_tire,mobility,intact,no_visible_damage,1546.64,606.06,1563.47,638.24,16.83,32.18,541.59,0,manual,
HCVAT_7CC76B744D5BA729,223,29,commons_98904388.jpg,fe1456872758e0789ed500972c279091eb492eff80ed267e3e8c1a7c11cc39e7,weapons_station,weapon_station,mission_equipment,intact,no_visible_damage,526.24,394.36,791.32,479.64,265.08,85.28,22606.02,0,manual,
HCVAT_3D6D40B15F744033,223,30,commons_98904388.jpg,fe1456872758e0789ed500972c279091eb492eff80ed267e3e8c1a7c11cc39e7,wheel_tire,wheel_tire,mobility,intact,no_visible_damage,454.11,679.42,633.82,901.19,179.71,221.77,39854.29,0,manual,
HCVAT_06696384E3C2F7F2,223,31,commons_98904388.jpg,fe1456872758e0789ed500972c279091eb492eff80ed267e3e8c1a7c11cc39e7,door,door,structure,intact,no_visible_damage,815.12,503.15,914.33,731.43,99.21,228.28,22647.66,0,manual,
